[2026-10-04 06:28:28Z INFO HostContext] No proxy settings were found based on environmental variables (http_proxy/https_proxy/HTTP_PROXY/HTTPS_PROXY)
[2026-10-04 06:28:28Z INFO HostContext] Well known directory 'Bin': 'C:\Users\chella\Desktop\devopsassignment\devops-assignment\actions-runner\bin'
[2026-10-04 06:28:28Z INFO HostContext] Well known directory 'Root': 'C:\Users\chella\Desktop\devopsassignment\devops-assignment\actions-runner'
[2026-10-04 06:28:28Z INFO HostContext] Well known config file 'Credentials': 'C:\Users\chella\Desktop\devopsassignment\devops-assignment\actions-runner\.credentials'
[2026-10-04 06:28:28Z INFO HostContext] Well known directory 'Bin': 'C:\Users\chella\Desktop\devopsassignment\devops-assignment\actions-runner\bin'
[2026-10-04 06:28:28Z INFO HostContext] Well known directory 'Root': 'C:\Users\chella\Desktop\devopsassignment\devops-assignment\actions-runner'
[2026-10-04 06:28:28Z INFO HostContext] Well known config file 'Runner': 'C:\Users\chella\Desktop\devopsassignment\devops-assignment\actions-runner\.runner'
[2026-10-04 06:28:28Z INFO Listener] Runner is built for Windows (X64) - win-x64.
[2026-10-04 06:28:28Z INFO Listener] RuntimeInformation: Microsoft Windows 10.0.26200.
[2026-10-04 06:28:28Z INFO Listener] Version: 2.337.0
[2026-10-04 06:28:28Z INFO Listener] Commit: 397b032cbf865e9c3ddfab89d533ec19325e1273
[2026-10-04 06:28:28Z INFO Listener] Culture: en-IN
[2026-10-04 06:28:28Z INFO Listener] UI Culture: en-US
[2026-10-04 06:28:28Z INFO HostContext] Well known directory 'Bin': 'C:\Users\chella\Desktop\devopsassignment\devops-assignment\actions-runner\bin'
[2026-10-04 06:28:28Z INFO HostContext] Well known directory 'Root': 'C:\Users\chella\Desktop\devopsassignment\devops-assignment\actions-runner'
[2026-10-04 06:28:28Z INFO Listener] Validating directory permissions for: 'C:\Users\chella\Desktop\devopsassignment\devops-assignment\actions-runner'
[2026-10-04 06:28:28Z INFO CommandLineParser] Parse
[2026-10-04 06:28:28Z INFO CommandLineParser] Parsing 1 args
[2026-10-04 06:28:28Z INFO CommandLineParser] parsing argument
[2026-10-04 06:28:28Z INFO CommandLineParser] HasArgs: False
[2026-10-04 06:28:28Z INFO CommandLineParser] Adding Command: run
[2026-10-04 06:28:28Z INFO Listener] Arguments parsed
[2026-10-04 06:28:28Z INFO Runner] ExecuteCommand
[2026-10-04 06:28:28Z INFO ConfigurationStore] currentAssemblyLocation: C:\Users\chella\Desktop\devopsassignment\devops-assignment\actions-runner\bin\Runner.Listener.dll
[2026-10-04 06:28:28Z INFO HostContext] Well known directory 'Bin': 'C:\Users\chella\Desktop\devopsassignment\devops-assignment\actions-runner\bin'
[2026-10-04 06:28:28Z INFO ConfigurationStore] binPath: C:\Users\chella\Desktop\devopsassignment\devops-assignment\actions-runner\bin
[2026-10-04 06:28:28Z INFO HostContext] Well known directory 'Bin': 'C:\Users\chella\Desktop\devopsassignment\devops-assignment\actions-runner\bin'
[2026-10-04 06:28:28Z INFO HostContext] Well known directory 'Root': 'C:\Users\chella\Desktop\devopsassignment\devops-assignment\actions-runner'
[2026-10-04 06:28:28Z INFO ConfigurationStore] RootFolder: C:\Users\chella\Desktop\devopsassignment\devops-assignment\actions-runner
[2026-10-04 06:28:28Z INFO HostContext] Well known directory 'Bin': 'C:\Users\chella\Desktop\devopsassignment\devops-assignment\actions-runner\bin'
[2026-10-04 06:28:28Z INFO HostContext] Well known directory 'Root': 'C:\Users\chella\Desktop\devopsassignment\devops-assignment\actions-runner'
[2026-10-04 06:28:28Z INFO HostContext] Well known config file 'Runner': 'C:\Users\chella\Desktop\devopsassignment\devops-assignment\actions-runner\.runner'
[2026-10-04 06:28:28Z INFO ConfigurationStore] ConfigFilePath: C:\Users\chella\Desktop\devopsassignment\devops-assignment\actions-runner\.runner
[2026-10-04 06:28:28Z INFO HostContext] Well known directory 'Bin': 'C:\Users\chella\Desktop\devopsassignment\devops-assignment\actions-runner\bin'
[2026-10-04 06:28:28Z INFO HostContext] Well known directory 'Root': 'C:\Users\chella\Desktop\devopsassignment\devops-assignment\actions-runner'
[2026-10-04 06:28:28Z INFO HostContext] Well known config file 'MigratedRunner': 'C:\Users\chella\Desktop\devopsassignment\devops-assignment\actions-runner\.runner_migrated'
[2026-10-04 06:28:28Z INFO ConfigurationStore] MigratedConfigFilePath: C:\Users\chella\Desktop\devopsassignment\devops-assignment\actions-runner\.runner_migrated
[2026-10-04 06:28:28Z INFO HostContext] Well known directory 'Bin': 'C:\Users\chella\Desktop\devopsassignment\devops-assignment\actions-runner\bin'
[2026-10-04 06:28:28Z INFO HostContext] Well known directory 'Root': 'C:\Users\chella\Desktop\devopsassignment\devops-assignment\actions-runner'
[2026-10-04 06:28:28Z INFO HostContext] Well known config file 'Credentials': 'C:\Users\chella\Desktop\devopsassignment\devops-assignment\actions-runner\.credentials'
[2026-10-04 06:28:28Z INFO ConfigurationStore] CredFilePath: C:\Users\chella\Desktop\devopsassignment\devops-assignment\actions-runner\.credentials
[2026-10-04 06:28:28Z INFO HostContext] Well known directory 'Bin': 'C:\Users\chella\Desktop\devopsassignment\devops-assignment\actions-runner\bin'
[2026-10-04 06:28:28Z INFO HostContext] Well known directory 'Root': 'C:\Users\chella\Desktop\devopsassignment\devops-assignment\actions-runner'
[2026-10-04 06:28:28Z INFO HostContext] Well known config file 'MigratedCredentials': 'C:\Users\chella\Desktop\devopsassignment\devops-assignment\actions-runner\.credentials_migrated'
[2026-10-04 06:28:28Z INFO ConfigurationStore] MigratedCredFilePath: C:\Users\chella\Desktop\devopsassignment\devops-assignment\actions-runner\.credentials_migrated
[2026-10-04 06:28:28Z INFO HostContext] Well known directory 'Bin': 'C:\Users\chella\Desktop\devopsassignment\devops-assignment\actions-runner\bin'
[2026-10-04 06:28:28Z INFO HostContext] Well known directory 'Root': 'C:\Users\chella\Desktop\devopsassignment\devops-assignment\actions-runner'
[2026-10-04 06:28:28Z INFO HostContext] Well known config file 'Service': 'C:\Users\chella\Desktop\devopsassignment\devops-assignment\actions-runner\.service'
[2026-10-04 06:28:28Z INFO ConfigurationStore] ServiceConfigFilePath: C:\Users\chella\Desktop\devopsassignment\devops-assignment\actions-runner\.service
[2026-10-04 06:28:28Z INFO CommandSettings] Flag 'help': 'False'
[2026-10-04 06:28:28Z INFO CommandSettings] Flag 'version': 'False'
[2026-10-04 06:28:28Z INFO CommandSettings] Flag 'commit': 'False'
[2026-10-04 06:28:28Z INFO CommandSettings] Flag 'check': 'False'
[2026-10-04 06:28:28Z INFO CommandSettings] Command 'configure': 'False'
[2026-10-04 06:28:28Z INFO CommandSettings] Command 'remove': 'False'
[2026-10-04 06:28:28Z INFO CommandSettings] Command 'warmup': 'False'
[2026-10-04 06:28:28Z INFO ConfigurationManager] LoadSettings
[2026-10-04 06:28:28Z INFO ConfigurationStore] IsConfigured()
[2026-10-04 06:28:28Z INFO ConfigurationStore] IsConfigured: True
[2026-10-04 06:28:28Z INFO ConfigurationManager] Is configured: True
[2026-10-04 06:28:28Z INFO ConfigurationStore] Read setting file: 416 chars
[2026-10-04 06:28:28Z INFO ConfigurationManager] Settings Loaded
[2026-10-04 06:28:28Z INFO ConfigurationStore] IsServiceConfigured()
[2026-10-04 06:28:28Z INFO ConfigurationStore] IsServiceConfigured: False
[2026-10-04 06:28:28Z INFO CommandSettings] Command 'run': 'True'
[2026-10-04 06:28:28Z INFO ConfigurationStore] IsConfigured()
[2026-10-04 06:28:28Z INFO ConfigurationStore] IsConfigured: True
[2026-10-04 06:28:28Z INFO ConfigurationManager] Is configured: True
[2026-10-04 06:28:28Z INFO Runner] Could not parse the argument value '' for StartupType. Defaulting to Manual
[2026-10-04 06:28:28Z INFO Runner] Set runner startup type - Manual
[2026-10-04 06:28:28Z INFO CommandSettings] Flag 'once': 'False'
[2026-10-04 06:28:28Z INFO CommandSettings] Flag 'once': 'False'
[2026-10-04 06:28:28Z INFO Runner] RunAsync
[2026-10-04 06:28:28Z INFO HostContext] Well known directory 'Bin': 'C:\Users\chella\Desktop\devopsassignment\devops-assignment\actions-runner\bin'
[2026-10-04 06:28:28Z INFO HostContext] Well known directory 'Root': 'C:\Users\chella\Desktop\devopsassignment\devops-assignment\actions-runner'
[2026-10-04 06:28:28Z INFO HostContext] Well known directory 'Work': 'C:\Users\chella\Desktop\devopsassignment\devops-assignment\actions-runner\_work'
[2026-10-04 06:28:28Z INFO Runner] Validating directory permissions for: 'C:\Users\chella\Desktop\devopsassignment\devops-assignment\actions-runner\_work'
[2026-10-04 06:28:28Z INFO ConfigurationManager] LoadMigratedSettings
[2026-10-04 06:28:28Z INFO ConfigurationStore] IsMigratedConfigured()
[2026-10-04 06:28:28Z INFO ConfigurationStore] IsMigratedConfigured: False
[2026-10-04 06:28:28Z INFO Runner] Failed to load migrated settings: No migrated configuration found.
[2026-10-04 06:28:28Z INFO Runner] Falling back to original .runner settings
[2026-10-04 06:28:28Z INFO Runner] Using BrokerMessageListener
[2026-10-04 06:28:28Z INFO BrokerMessageListener] Using provided settings
[2026-10-04 06:28:28Z INFO BrokerMessageListener] {
  "AgentId": 24,
  "AgentName": "windows-jenkins-runner",
  "PoolId": 1,
  "PoolName": "Default",
  "ServerUrl": "https://pipelinesghubeus24.actions.githubusercontent.com/je6Z9G489BmDuyRYs4elUKGeJpqRRkZnGFdbRMpFP9gKvYNvQP/",
  "GitHubUrl": "https://github.com/2025tm93069/devops-assignment",
  "WorkFolder": "_work",
  "UseV2Flow": true,
  "ServerUrlV2": "https://broker.actions.githubusercontent.com/"
}
[2026-10-04 06:28:28Z INFO BrokerMessageListener] Loading Credentials
[2026-10-04 06:28:28Z INFO ConfigurationStore] HasCredentials()
[2026-10-04 06:28:28Z INFO ConfigurationStore] stored True
[2026-10-04 06:28:28Z INFO CredentialManager] GetCredentialProvider
[2026-10-04 06:28:28Z INFO CredentialManager] Creating type OAuth
[2026-10-04 06:28:28Z INFO CredentialManager] Creating credential type: OAuth
[2026-10-04 06:28:28Z INFO HostContext] Well known directory 'Bin': 'C:\Users\chella\Desktop\devopsassignment\devops-assignment\actions-runner\bin'
[2026-10-04 06:28:28Z INFO HostContext] Well known directory 'Root': 'C:\Users\chella\Desktop\devopsassignment\devops-assignment\actions-runner'
[2026-10-04 06:28:28Z INFO HostContext] Well known config file 'RSACredentials': 'C:\Users\chella\Desktop\devopsassignment\devops-assignment\actions-runner\.credentials_rsaparams'
[2026-10-04 06:28:28Z INFO RSAEncryptedFileKeyManager] Loading RSA key parameters from file C:\Users\chella\Desktop\devopsassignment\devops-assignment\actions-runner\.credentials_rsaparams
[2026-10-04 06:28:28Z INFO BrokerMessageListener] Attempt to create session.
[2026-10-04 06:28:28Z INFO BrokerMessageListener] Connecting to the Broker Server...
[2026-10-04 06:28:28Z INFO ConfigurationStore] HasCredentials()
[2026-10-04 06:28:28Z INFO ConfigurationStore] stored True
[2026-10-04 06:28:28Z INFO CredentialManager] GetCredentialProvider
[2026-10-04 06:28:28Z INFO CredentialManager] Creating type OAuth
[2026-10-04 06:28:28Z INFO CredentialManager] Creating credential type: OAuth
[2026-10-04 06:28:28Z INFO RSAEncryptedFileKeyManager] Loading RSA key parameters from file C:\Users\chella\Desktop\devopsassignment\devops-assignment\actions-runner\.credentials_rsaparams
[2026-10-04 06:28:28Z INFO BrokerMessageListener] VssConnection created
[2026-10-04 06:28:28Z INFO BrokerMessageListener] Connecting to the Runner server...
[2026-10-04 06:28:28Z INFO RunnerServer] EstablishVssConnection
[2026-10-04 06:28:28Z INFO RunnerServer] Establish connection with 100 seconds timeout.
[2026-10-04 06:28:28Z INFO GitHubActionsService] Starting operation Location.GetConnectionData
[2026-10-04 06:28:28Z INFO RunnerServer] EstablishVssConnection
[2026-10-04 06:28:28Z INFO RunnerServer] Establish connection with 60 seconds timeout.
[2026-10-04 06:28:28Z INFO GitHubActionsService] Starting operation Location.GetConnectionData
[2026-10-04 06:28:28Z INFO RunnerServer] EstablishVssConnection
[2026-10-04 06:28:28Z INFO RunnerServer] Establish connection with 60 seconds timeout.
[2026-10-04 06:28:28Z INFO GitHubActionsService] Starting operation Location.GetConnectionData
[2026-10-04 06:28:29Z INFO GitHubActionsService] Finished operation Location.GetConnectionData
[2026-10-04 06:28:29Z INFO GitHubActionsService] Finished operation Location.GetConnectionData
[2026-10-04 06:28:29Z INFO GitHubActionsService] Finished operation Location.GetConnectionData
[2026-10-04 06:28:29Z INFO BrokerMessageListener] VssConnection created
[2026-10-04 06:28:29Z INFO Terminal] WRITE LINE: 
[2026-10-04 06:28:29Z INFO Terminal] WRITE LINE: 
[2026-10-04 06:28:29Z INFO RSAEncryptedFileKeyManager] Loading RSA key parameters from file C:\Users\chella\Desktop\devopsassignment\devops-assignment\actions-runner\.credentials_rsaparams
[2026-10-04 06:28:29Z INFO RSAEncryptedFileKeyManager] Loading RSA key parameters from file C:\Users\chella\Desktop\devopsassignment\devops-assignment\actions-runner\.credentials_rsaparams
[2026-10-04 06:28:30Z INFO GitHubActionsService] AAD Correlation ID for this token request: Unknown
[2026-10-04 06:28:30Z INFO BrokerMessageListener] Session created.
[2026-10-04 06:28:30Z INFO Terminal] WRITE LINE: Current runner version: '2.337.0'
[2026-10-04 06:28:30Z INFO Terminal] WRITE LINE: 2026-10-04 06:28:30Z: Listening for Jobs
[2026-10-04 06:28:30Z INFO JobDispatcher] Set runner/worker IPC timeout to 30 seconds.
[2026-10-04 06:29:32Z INFO BrokerMessageListener] Acknowledging runner request '115a4ce3-cf00-534d-95e9-0737459ed7ad'.
[2026-10-04 06:29:32Z INFO ConfigurationStore] HasCredentials()
[2026-10-04 06:29:32Z INFO ConfigurationStore] stored True
[2026-10-04 06:29:32Z INFO CredentialManager] GetCredentialProvider
[2026-10-04 06:29:32Z INFO CredentialManager] Creating type OAuth
[2026-10-04 06:29:32Z INFO CredentialManager] Creating credential type: OAuth
[2026-10-04 06:29:32Z INFO RSAEncryptedFileKeyManager] Loading RSA key parameters from file C:\Users\chella\Desktop\devopsassignment\devops-assignment\actions-runner\.credentials_rsaparams
[2026-10-04 06:29:32Z INFO RSAEncryptedFileKeyManager] Loading RSA key parameters from file C:\Users\chella\Desktop\devopsassignment\devops-assignment\actions-runner\.credentials_rsaparams
[2026-10-04 06:29:32Z INFO RSAEncryptedFileKeyManager] Loading RSA key parameters from file C:\Users\chella\Desktop\devopsassignment\devops-assignment\actions-runner\.credentials_rsaparams
[2026-10-04 06:29:33Z INFO GitHubActionsService] AAD Correlation ID for this token request: Unknown
[2026-10-04 06:29:34Z INFO JobDispatcher] Job request 0 for plan 46ef8f15-b2c0-8828-80d7-5b990ec1b933 job 115a4ce3-cf00-534d-95e9-0737459ed7ad received.
[2026-10-04 06:29:34Z INFO JobDispatcher] Pull OrchestrationId 46ef8f15-b2c0-8828-80d7-5b990ec1b933.trigger-jenkins.__default from JWT claims
[2026-10-04 06:29:34Z INFO BrokerMessageListener] Received job status event. JobState: Busy
[2026-10-04 06:29:34Z INFO BrokerMessageListener] _getMessagesTokenSource is already disposed.
[2026-10-04 06:29:34Z INFO Terminal] WRITE LINE: 2026-10-04 06:29:34Z: Running job: Trigger Jenkins Pipeline
[2026-10-04 06:29:34Z INFO JobDispatcher] Start renew job request 0 for job 115a4ce3-cf00-534d-95e9-0737459ed7ad.
[2026-10-04 06:29:35Z INFO JobDispatcher] Successfully renew job 115a4ce3-cf00-534d-95e9-0737459ed7ad, job is valid till 04-10-2026 06:39:35
[2026-10-04 06:29:35Z INFO HostContext] Well known directory 'Bin': 'C:\Users\chella\Desktop\devopsassignment\devops-assignment\actions-runner\bin'
[2026-10-04 06:29:35Z INFO ProcessInvokerWrapper] Starting process:
[2026-10-04 06:29:35Z INFO ProcessInvokerWrapper]   File name: 'C:\Users\chella\Desktop\devopsassignment\devops-assignment\actions-runner\bin\Runner.Worker.exe'
[2026-10-04 06:29:35Z INFO ProcessInvokerWrapper]   Arguments: 'spawnclient 2188 2200'
[2026-10-04 06:29:35Z INFO ProcessInvokerWrapper]   Working directory: 'C:\Users\chella\Desktop\devopsassignment\devops-assignment\actions-runner\bin'
[2026-10-04 06:29:35Z INFO ProcessInvokerWrapper]   Require exit code zero: 'False'
[2026-10-04 06:29:35Z INFO ProcessInvokerWrapper]   Encoding web name:  ; code page: ''
[2026-10-04 06:29:35Z INFO ProcessInvokerWrapper]   Force kill process on cancellation: 'True'
[2026-10-04 06:29:35Z INFO ProcessInvokerWrapper]   Redirected STDIN: 'False'
[2026-10-04 06:29:35Z INFO ProcessInvokerWrapper]   Persist current code page: 'False'
[2026-10-04 06:29:35Z INFO ProcessInvokerWrapper]   Keep redirected STDIN open: 'False'
[2026-10-04 06:29:35Z INFO ProcessInvokerWrapper]   High priority process: 'True'
[2026-10-04 06:29:35Z INFO ProcessInvokerWrapper] Process started with process id 17548, waiting for process exit.
[2026-10-04 06:29:35Z INFO JobDispatcher] Send job request message to worker for job 115a4ce3-cf00-534d-95e9-0737459ed7ad.
[2026-10-04 06:29:35Z INFO ProcessChannel] Sending message of length 24509, with hash '121f9b2aeb0014215ad0d36900597713605f00de9d45a983665958d68b5d2c8d'
[2026-10-04 06:29:35Z INFO JobNotification] Entering JobStarted Notification
[2026-10-04 06:29:35Z INFO JobNotification] Entering StartMonitor
[2026-10-04 06:29:43Z INFO ProcessInvokerWrapper] STDOUT/STDERR stream read finished.
[2026-10-04 06:29:43Z INFO ProcessInvokerWrapper] STDOUT/STDERR stream read finished.
[2026-10-04 06:29:43Z INFO ProcessInvokerWrapper] Finished process 17548 with exit code 100, and elapsed time 00:00:07.8871552.
[2026-10-04 06:29:43Z INFO JobDispatcher] Worker finished for job 115a4ce3-cf00-534d-95e9-0737459ed7ad. Code: 100
[2026-10-04 06:29:43Z INFO JobDispatcher] finish job request for job 115a4ce3-cf00-534d-95e9-0737459ed7ad with result: Succeeded
[2026-10-04 06:29:43Z INFO Terminal] WRITE LINE: 2026-10-04 06:29:43Z: Job Trigger Jenkins Pipeline completed with result: Succeeded
[2026-10-04 06:29:43Z INFO JobDispatcher] Stop renew job request for job 115a4ce3-cf00-534d-95e9-0737459ed7ad.
[2026-10-04 06:29:43Z INFO JobDispatcher] job renew has been cancelled, stop renew job 115a4ce3-cf00-534d-95e9-0737459ed7ad.
[2026-10-04 06:29:43Z INFO JobNotification] Entering JobCompleted Notification
[2026-10-04 06:29:43Z INFO JobNotification] Entering EndMonitor
[2026-10-04 06:29:43Z INFO BrokerMessageListener] Received job status event. JobState: Online
[2026-10-04 06:29:43Z WARN GitHubActionsService] GET request to https://broker.actions.githubusercontent.com/message?sessionId=9c7e4a5d-9004-49d6-ba65-3d40ca963388&status=Busy&runnerVersion=2.337.0&os=Windows&architecture=X64&disableUpdate=false has been cancelled.
[2026-10-04 06:29:43Z ERR  BrokerServer] Catch exception during request
[2026-10-04 06:29:43Z ERR  BrokerServer] System.Threading.Tasks.TaskCanceledException: The operation was canceled.
 ---> System.Threading.Tasks.TaskCanceledException: The operation was canceled.
 ---> System.IO.IOException: Unable to read data from the transport connection: The I/O operation has been aborted because of either a thread exit or an application request..
 ---> System.Net.Sockets.SocketException (995): The I/O operation has been aborted because of either a thread exit or an application request.
   --- End of inner exception stack trace ---
   at System.Net.Sockets.Socket.AwaitableSocketAsyncEventArgs.ThrowException(SocketError error, CancellationToken cancellationToken)
   at System.Net.Sockets.Socket.AwaitableSocketAsyncEventArgs.System.Threading.Tasks.Sources.IValueTaskSource<System.Int32>.GetResult(Int16 token)
   at System.Net.Security.SslStream.EnsureFullTlsFrameAsync[TIOAdapter](CancellationToken cancellationToken, Int32 estimatedSize)
   at System.Runtime.CompilerServices.PoolingAsyncValueTaskMethodBuilder`1.StateMachineBox`1.System.Threading.Tasks.Sources.IValueTaskSource<TResult>.GetResult(Int16 token)
   at System.Net.Security.SslStream.ReadAsyncInternal[TIOAdapter](Memory`1 buffer, CancellationToken cancellationToken)
   at System.Runtime.CompilerServices.PoolingAsyncValueTaskMethodBuilder`1.StateMachineBox`1.System.Threading.Tasks.Sources.IValueTaskSource<TResult>.GetResult(Int16 token)
   at System.Net.Http.HttpConnection.SendAsync(HttpRequestMessage request, Boolean async, CancellationToken cancellationToken)
   --- End of inner exception stack trace ---
   at System.Net.Http.HttpConnection.SendAsync(HttpRequestMessage request, Boolean async, CancellationToken cancellationToken)
   at System.Net.Http.AuthenticationHelper.SendWithNtAuthAsync(HttpRequestMessage request, Uri authUri, Boolean async, ICredentials credentials, Boolean isProxyAuth, HttpConnection connection, HttpConnectionPool connectionPool, CancellationToken cancellationToken)
   at System.Net.Http.HttpConnectionPool.SendWithVersionDetectionAndRetryAsync(HttpRequestMessage request, Boolean async, Boolean doRequestAuth, CancellationToken cancellationToken)
   at System.Net.Http.AuthenticationHelper.SendWithAuthAsync(HttpRequestMessage request, Uri authUri, Boolean async, ICredentials credentials, Boolean preAuthenticate, Boolean isProxyAuth, Boolean doRequestAuth, HttpConnectionPool pool, CancellationToken cancellationToken)
   at System.Net.Http.RedirectHandler.SendAsync(HttpRequestMessage request, Boolean async, CancellationToken cancellationToken)
   at GitHub.Services.Common.RawHttpMessageHandler.SendAsync(HttpRequestMessage request, CancellationToken cancellationToken)
   at GitHub.Services.Common.VssHttpRetryMessageHandler.SendAsync(HttpRequestMessage request, CancellationToken cancellationToken)
   at System.Net.Http.HttpClient.<SendAsync>g__Core|83_0(HttpRequestMessage request, HttpCompletionOption completionOption, CancellationTokenSource cts, Boolean disposeCts, CancellationTokenSource pendingRequestsCts, CancellationToken originalCancellationToken)
   --- End of inner exception stack trace ---
   at System.Net.Http.HttpClient.HandleFailure(Exception e, Boolean telemetryStarted, HttpResponseMessage response, CancellationTokenSource cts, CancellationToken cancellationToken, CancellationTokenSource pendingRequestsCts)
   at System.Net.Http.HttpClient.<SendAsync>g__Core|83_0(HttpRequestMessage request, HttpCompletionOption completionOption, CancellationTokenSource cts, Boolean disposeCts, CancellationTokenSource pendingRequestsCts, CancellationToken originalCancellationToken)
   at Sdk.WebApi.WebApi.RawHttpClientBase.SendAsync(HttpRequestMessage message, HttpCompletionOption completionOption, Object userState, CancellationToken cancellationToken)
   at Sdk.WebApi.WebApi.RawHttpClientBase.SendAsync[T](HttpRequestMessage message, Boolean readErrorBody, Object userState, CancellationToken cancellationToken)
   at Sdk.WebApi.WebApi.RawHttpClientBase.SendAsync[T](HttpMethod method, IEnumerable`1 additionalHeaders, Uri requestUri, HttpContent content, IEnumerable`1 queryParameters, Boolean readErrorBody, Object userState, CancellationToken cancellationToken)
   at GitHub.Actions.RunService.WebApi.BrokerHttpClient.GetRunnerMessageAsync(Nullable`1 sessionId, String runnerVersion, Nullable`1 status, String os, String architecture, Nullable`1 disableUpdate, CancellationToken cancellationToken)
   at GitHub.Runner.Common.BrokerServer.<>c__DisplayClass7_0.<<GetRunnerMessageAsync>b__0>d.MoveNext()
--- End of stack trace from previous location ---
   at GitHub.Runner.Common.RunnerService.RetryRequest[T](Func`1 func, CancellationToken cancellationToken, Int32 maxAttempts, Func`2 shouldRetry)
[2026-10-04 06:29:43Z ERR  BrokerServer] #####################################################
[2026-10-04 06:29:43Z ERR  BrokerServer] System.Threading.Tasks.TaskCanceledException: The operation was canceled.
 ---> System.IO.IOException: Unable to read data from the transport connection: The I/O operation has been aborted because of either a thread exit or an application request..
 ---> System.Net.Sockets.SocketException (995): The I/O operation has been aborted because of either a thread exit or an application request.
   --- End of inner exception stack trace ---
   at System.Net.Sockets.Socket.AwaitableSocketAsyncEventArgs.ThrowException(SocketError error, CancellationToken cancellationToken)
   at System.Net.Sockets.Socket.AwaitableSocketAsyncEventArgs.System.Threading.Tasks.Sources.IValueTaskSource<System.Int32>.GetResult(Int16 token)
   at System.Net.Security.SslStream.EnsureFullTlsFrameAsync[TIOAdapter](CancellationToken cancellationToken, Int32 estimatedSize)
   at System.Runtime.CompilerServices.PoolingAsyncValueTaskMethodBuilder`1.StateMachineBox`1.System.Threading.Tasks.Sources.IValueTaskSource<TResult>.GetResult(Int16 token)
   at System.Net.Security.SslStream.ReadAsyncInternal[TIOAdapter](Memory`1 buffer, CancellationToken cancellationToken)
   at System.Runtime.CompilerServices.PoolingAsyncValueTaskMethodBuilder`1.StateMachineBox`1.System.Threading.Tasks.Sources.IValueTaskSource<TResult>.GetResult(Int16 token)
   at System.Net.Http.HttpConnection.SendAsync(HttpRequestMessage request, Boolean async, CancellationToken cancellationToken)
   --- End of inner exception stack trace ---
   at System.Net.Http.HttpConnection.SendAsync(HttpRequestMessage request, Boolean async, CancellationToken cancellationToken)
   at System.Net.Http.AuthenticationHelper.SendWithNtAuthAsync(HttpRequestMessage request, Uri authUri, Boolean async, ICredentials credentials, Boolean isProxyAuth, HttpConnection connection, HttpConnectionPool connectionPool, CancellationToken cancellationToken)
   at System.Net.Http.HttpConnectionPool.SendWithVersionDetectionAndRetryAsync(HttpRequestMessage request, Boolean async, Boolean doRequestAuth, CancellationToken cancellationToken)
   at System.Net.Http.AuthenticationHelper.SendWithAuthAsync(HttpRequestMessage request, Uri authUri, Boolean async, ICredentials credentials, Boolean preAuthenticate, Boolean isProxyAuth, Boolean doRequestAuth, HttpConnectionPool pool, CancellationToken cancellationToken)
   at System.Net.Http.RedirectHandler.SendAsync(HttpRequestMessage request, Boolean async, CancellationToken cancellationToken)
   at GitHub.Services.Common.RawHttpMessageHandler.SendAsync(HttpRequestMessage request, CancellationToken cancellationToken)
   at GitHub.Services.Common.VssHttpRetryMessageHandler.SendAsync(HttpRequestMessage request, CancellationToken cancellationToken)
   at System.Net.Http.HttpClient.<SendAsync>g__Core|83_0(HttpRequestMessage request, HttpCompletionOption completionOption, CancellationTokenSource cts, Boolean disposeCts, CancellationTokenSource pendingRequestsCts, CancellationToken originalCancellationToken)
[2026-10-04 06:29:43Z ERR  BrokerServer] #####################################################
[2026-10-04 06:29:43Z ERR  BrokerServer] System.IO.IOException: Unable to read data from the transport connection: The I/O operation has been aborted because of either a thread exit or an application request..
 ---> System.Net.Sockets.SocketException (995): The I/O operation has been aborted because of either a thread exit or an application request.
   --- End of inner exception stack trace ---
   at System.Net.Sockets.Socket.AwaitableSocketAsyncEventArgs.ThrowException(SocketError error, CancellationToken cancellationToken)
   at System.Net.Sockets.Socket.AwaitableSocketAsyncEventArgs.System.Threading.Tasks.Sources.IValueTaskSource<System.Int32>.GetResult(Int16 token)
   at System.Net.Security.SslStream.EnsureFullTlsFrameAsync[TIOAdapter](CancellationToken cancellationToken, Int32 estimatedSize)
   at System.Runtime.CompilerServices.PoolingAsyncValueTaskMethodBuilder`1.StateMachineBox`1.System.Threading.Tasks.Sources.IValueTaskSource<TResult>.GetResult(Int16 token)
   at System.Net.Security.SslStream.ReadAsyncInternal[TIOAdapter](Memory`1 buffer, CancellationToken cancellationToken)
   at System.Runtime.CompilerServices.PoolingAsyncValueTaskMethodBuilder`1.StateMachineBox`1.System.Threading.Tasks.Sources.IValueTaskSource<TResult>.GetResult(Int16 token)
   at System.Net.Http.HttpConnection.SendAsync(HttpRequestMessage request, Boolean async, CancellationToken cancellationToken)
[2026-10-04 06:29:43Z ERR  BrokerServer] #####################################################
[2026-10-04 06:29:43Z ERR  BrokerServer] System.Net.Sockets.SocketException (995): The I/O operation has been aborted because of either a thread exit or an application request.
[2026-10-04 06:29:43Z WARN BrokerServer] Back off 12.866 seconds before next retry. 4 attempt left.
[2026-10-04 06:29:43Z INFO BrokerMessageListener] Get messages has been cancelled using local token source. Continue to get messages with new status.
[2026-10-04 06:29:43Z INFO BrokerMessageListener] Acknowledging runner request '4fde3fe3-5c9e-51f5-8271-9b6b98b9afd6'.
[2026-10-04 06:29:44Z INFO ConfigurationStore] HasCredentials()
[2026-10-04 06:29:44Z INFO ConfigurationStore] stored True
[2026-10-04 06:29:44Z INFO CredentialManager] GetCredentialProvider
[2026-10-04 06:29:44Z INFO CredentialManager] Creating type OAuth
[2026-10-04 06:29:44Z INFO CredentialManager] Creating credential type: OAuth
[2026-10-04 06:29:44Z INFO RSAEncryptedFileKeyManager] Loading RSA key parameters from file C:\Users\chella\Desktop\devopsassignment\devops-assignment\actions-runner\.credentials_rsaparams
[2026-10-04 06:29:44Z INFO RSAEncryptedFileKeyManager] Loading RSA key parameters from file C:\Users\chella\Desktop\devopsassignment\devops-assignment\actions-runner\.credentials_rsaparams
[2026-10-04 06:29:44Z INFO RSAEncryptedFileKeyManager] Loading RSA key parameters from file C:\Users\chella\Desktop\devopsassignment\devops-assignment\actions-runner\.credentials_rsaparams
[2026-10-04 06:29:44Z INFO GitHubActionsService] AAD Correlation ID for this token request: Unknown
[2026-10-04 06:29:46Z INFO JobDispatcher] Job request 0 for plan b5b59a1c-5050-8f8c-b7b3-ed42b109d681 job 4fde3fe3-5c9e-51f5-8271-9b6b98b9afd6 received.
[2026-10-04 06:29:46Z INFO JobDispatcher] Pull OrchestrationId b5b59a1c-5050-8f8c-b7b3-ed42b109d681.trigger-jenkins.__default from JWT claims
[2026-10-04 06:29:46Z INFO BrokerMessageListener] Received job status event. JobState: Busy
[2026-10-04 06:29:46Z INFO BrokerMessageListener] _getMessagesTokenSource is already disposed.
[2026-10-04 06:29:46Z INFO JobDispatcher] Job request 115a4ce3-cf00-534d-95e9-0737459ed7ad processed succeed.
[2026-10-04 06:29:46Z INFO Terminal] WRITE LINE: 2026-10-04 06:29:46Z: Running job: trigger-jenkins
[2026-10-04 06:29:46Z INFO JobDispatcher] Start renew job request 0 for job 4fde3fe3-5c9e-51f5-8271-9b6b98b9afd6.
[2026-10-04 06:29:46Z INFO JobDispatcher] Successfully renew job 4fde3fe3-5c9e-51f5-8271-9b6b98b9afd6, job is valid till 04-10-2026 06:39:46
[2026-10-04 06:29:46Z INFO HostContext] Well known directory 'Bin': 'C:\Users\chella\Desktop\devopsassignment\devops-assignment\actions-runner\bin'
[2026-10-04 06:29:46Z INFO ProcessInvokerWrapper] Starting process:
[2026-10-04 06:29:46Z INFO ProcessInvokerWrapper]   File name: 'C:\Users\chella\Desktop\devopsassignment\devops-assignment\actions-runner\bin\Runner.Worker.exe'
[2026-10-04 06:29:46Z INFO ProcessInvokerWrapper]   Arguments: 'spawnclient 2392 2404'
[2026-10-04 06:29:46Z INFO ProcessInvokerWrapper]   Working directory: 'C:\Users\chella\Desktop\devopsassignment\devops-assignment\actions-runner\bin'
[2026-10-04 06:29:46Z INFO ProcessInvokerWrapper]   Require exit code zero: 'False'
[2026-10-04 06:29:46Z INFO ProcessInvokerWrapper]   Encoding web name:  ; code page: ''
[2026-10-04 06:29:46Z INFO ProcessInvokerWrapper]   Force kill process on cancellation: 'True'
[2026-10-04 06:29:46Z INFO ProcessInvokerWrapper]   Redirected STDIN: 'False'
[2026-10-04 06:29:46Z INFO ProcessInvokerWrapper]   Persist current code page: 'False'
[2026-10-04 06:29:46Z INFO ProcessInvokerWrapper]   Keep redirected STDIN open: 'False'
[2026-10-04 06:29:46Z INFO ProcessInvokerWrapper]   High priority process: 'True'
[2026-10-04 06:29:46Z INFO ProcessInvokerWrapper] Process started with process id 25972, waiting for process exit.
[2026-10-04 06:29:46Z INFO JobDispatcher] Send job request message to worker for job 4fde3fe3-5c9e-51f5-8271-9b6b98b9afd6.
[2026-10-04 06:29:46Z INFO ProcessChannel] Sending message of length 24362, with hash 'f9cdc11bfcc5f5f4a2b79a2f4d4ded11cca427ea7c18acb48de0dca00ce26a50'
[2026-10-04 06:29:46Z INFO JobNotification] Entering JobStarted Notification
[2026-10-04 06:29:46Z INFO JobNotification] Entering StartMonitor
[2026-10-04 06:29:54Z INFO ProcessInvokerWrapper] STDOUT/STDERR stream read finished.
[2026-10-04 06:29:54Z INFO ProcessInvokerWrapper] STDOUT/STDERR stream read finished.
[2026-10-04 06:29:54Z INFO ProcessInvokerWrapper] Finished process 25972 with exit code 100, and elapsed time 00:00:07.5192732.
[2026-10-04 06:29:54Z INFO JobDispatcher] Worker finished for job 4fde3fe3-5c9e-51f5-8271-9b6b98b9afd6. Code: 100
[2026-10-04 06:29:54Z INFO JobDispatcher] finish job request for job 4fde3fe3-5c9e-51f5-8271-9b6b98b9afd6 with result: Succeeded
[2026-10-04 06:29:54Z INFO Terminal] WRITE LINE: 2026-10-04 06:29:54Z: Job trigger-jenkins completed with result: Succeeded
[2026-10-04 06:29:54Z INFO JobDispatcher] Stop renew job request for job 4fde3fe3-5c9e-51f5-8271-9b6b98b9afd6.
[2026-10-04 06:29:54Z INFO JobDispatcher] job renew has been cancelled, stop renew job 4fde3fe3-5c9e-51f5-8271-9b6b98b9afd6.
[2026-10-04 06:29:54Z INFO JobNotification] Entering JobCompleted Notification
[2026-10-04 06:29:54Z INFO JobNotification] Entering EndMonitor
[2026-10-04 06:29:54Z INFO BrokerMessageListener] Received job status event. JobState: Online
[2026-10-04 06:29:54Z WARN GitHubActionsService] GET request to https://broker.actions.githubusercontent.com/message?sessionId=9c7e4a5d-9004-49d6-ba65-3d40ca963388&status=Busy&runnerVersion=2.337.0&os=Windows&architecture=X64&disableUpdate=false has been cancelled.
[2026-10-04 06:29:54Z ERR  BrokerServer] Catch exception during request
[2026-10-04 06:29:54Z ERR  BrokerServer] System.Threading.Tasks.TaskCanceledException: The operation was canceled.
 ---> System.Threading.Tasks.TaskCanceledException: The operation was canceled.
 ---> System.IO.IOException: Unable to read data from the transport connection: The I/O operation has been aborted because of either a thread exit or an application request..
 ---> System.Net.Sockets.SocketException (995): The I/O operation has been aborted because of either a thread exit or an application request.
   --- End of inner exception stack trace ---
   at System.Net.Sockets.Socket.AwaitableSocketAsyncEventArgs.ThrowException(SocketError error, CancellationToken cancellationToken)
   at System.Net.Sockets.Socket.AwaitableSocketAsyncEventArgs.System.Threading.Tasks.Sources.IValueTaskSource<System.Int32>.GetResult(Int16 token)
   at System.Net.Security.SslStream.EnsureFullTlsFrameAsync[TIOAdapter](CancellationToken cancellationToken, Int32 estimatedSize)
   at System.Runtime.CompilerServices.PoolingAsyncValueTaskMethodBuilder`1.StateMachineBox`1.System.Threading.Tasks.Sources.IValueTaskSource<TResult>.GetResult(Int16 token)
   at System.Net.Security.SslStream.ReadAsyncInternal[TIOAdapter](Memory`1 buffer, CancellationToken cancellationToken)
   at System.Runtime.CompilerServices.PoolingAsyncValueTaskMethodBuilder`1.StateMachineBox`1.System.Threading.Tasks.Sources.IValueTaskSource<TResult>.GetResult(Int16 token)
   at System.Net.Http.HttpConnection.<EnsureReadAheadTaskHasStarted>g__ReadAheadWithZeroByteReadAsync|40_0()
   at System.Net.Http.HttpConnection.SendAsync(HttpRequestMessage request, Boolean async, CancellationToken cancellationToken)
   --- End of inner exception stack trace ---
   at System.Net.Http.HttpConnection.SendAsync(HttpRequestMessage request, Boolean async, CancellationToken cancellationToken)
   at System.Net.Http.AuthenticationHelper.SendWithNtAuthAsync(HttpRequestMessage request, Uri authUri, Boolean async, ICredentials credentials, Boolean isProxyAuth, HttpConnection connection, HttpConnectionPool connectionPool, CancellationToken cancellationToken)
   at System.Net.Http.HttpConnectionPool.SendWithVersionDetectionAndRetryAsync(HttpRequestMessage request, Boolean async, Boolean doRequestAuth, CancellationToken cancellationToken)
   at System.Net.Http.AuthenticationHelper.SendWithAuthAsync(HttpRequestMessage request, Uri authUri, Boolean async, ICredentials credentials, Boolean preAuthenticate, Boolean isProxyAuth, Boolean doRequestAuth, HttpConnectionPool pool, CancellationToken cancellationToken)
   at System.Net.Http.RedirectHandler.SendAsync(HttpRequestMessage request, Boolean async, CancellationToken cancellationToken)
   at GitHub.Services.Common.RawHttpMessageHandler.SendAsync(HttpRequestMessage request, CancellationToken cancellationToken)
   at GitHub.Services.Common.VssHttpRetryMessageHandler.SendAsync(HttpRequestMessage request, CancellationToken cancellationToken)
   at System.Net.Http.HttpClient.<SendAsync>g__Core|83_0(HttpRequestMessage request, HttpCompletionOption completionOption, CancellationTokenSource cts, Boolean disposeCts, CancellationTokenSource pendingRequestsCts, CancellationToken originalCancellationToken)
   --- End of inner exception stack trace ---
   at System.Net.Http.HttpClient.HandleFailure(Exception e, Boolean telemetryStarted, HttpResponseMessage response, CancellationTokenSource cts, CancellationToken cancellationToken, CancellationTokenSource pendingRequestsCts)
   at System.Net.Http.HttpClient.<SendAsync>g__Core|83_0(HttpRequestMessage request, HttpCompletionOption completionOption, CancellationTokenSource cts, Boolean disposeCts, CancellationTokenSource pendingRequestsCts, CancellationToken originalCancellationToken)
   at Sdk.WebApi.WebApi.RawHttpClientBase.SendAsync(HttpRequestMessage message, HttpCompletionOption completionOption, Object userState, CancellationToken cancellationToken)
   at Sdk.WebApi.WebApi.RawHttpClientBase.SendAsync[T](HttpRequestMessage message, Boolean readErrorBody, Object userState, CancellationToken cancellationToken)
   at Sdk.WebApi.WebApi.RawHttpClientBase.SendAsync[T](HttpMethod method, IEnumerable`1 additionalHeaders, Uri requestUri, HttpContent content, IEnumerable`1 queryParameters, Boolean readErrorBody, Object userState, CancellationToken cancellationToken)
   at GitHub.Actions.RunService.WebApi.BrokerHttpClient.GetRunnerMessageAsync(Nullable`1 sessionId, String runnerVersion, Nullable`1 status, String os, String architecture, Nullable`1 disableUpdate, CancellationToken cancellationToken)
   at GitHub.Runner.Common.BrokerServer.<>c__DisplayClass7_0.<<GetRunnerMessageAsync>b__0>d.MoveNext()
--- End of stack trace from previous location ---
   at GitHub.Runner.Common.RunnerService.RetryRequest[T](Func`1 func, CancellationToken cancellationToken, Int32 maxAttempts, Func`2 shouldRetry)
[2026-10-04 06:29:54Z ERR  BrokerServer] #####################################################
[2026-10-04 06:29:54Z ERR  BrokerServer] System.Threading.Tasks.TaskCanceledException: The operation was canceled.
 ---> System.IO.IOException: Unable to read data from the transport connection: The I/O operation has been aborted because of either a thread exit or an application request..
 ---> System.Net.Sockets.SocketException (995): The I/O operation has been aborted because of either a thread exit or an application request.
   --- End of inner exception stack trace ---
   at System.Net.Sockets.Socket.AwaitableSocketAsyncEventArgs.ThrowException(SocketError error, CancellationToken cancellationToken)
   at System.Net.Sockets.Socket.AwaitableSocketAsyncEventArgs.System.Threading.Tasks.Sources.IValueTaskSource<System.Int32>.GetResult(Int16 token)
   at System.Net.Security.SslStream.EnsureFullTlsFrameAsync[TIOAdapter](CancellationToken cancellationToken, Int32 estimatedSize)
   at System.Runtime.CompilerServices.PoolingAsyncValueTaskMethodBuilder`1.StateMachineBox`1.System.Threading.Tasks.Sources.IValueTaskSource<TResult>.GetResult(Int16 token)
   at System.Net.Security.SslStream.ReadAsyncInternal[TIOAdapter](Memory`1 buffer, CancellationToken cancellationToken)
   at System.Runtime.CompilerServices.PoolingAsyncValueTaskMethodBuilder`1.StateMachineBox`1.System.Threading.Tasks.Sources.IValueTaskSource<TResult>.GetResult(Int16 token)
   at System.Net.Http.HttpConnection.<EnsureReadAheadTaskHasStarted>g__ReadAheadWithZeroByteReadAsync|40_0()
   at System.Net.Http.HttpConnection.SendAsync(HttpRequestMessage request, Boolean async, CancellationToken cancellationToken)
   --- End of inner exception stack trace ---
   at System.Net.Http.HttpConnection.SendAsync(HttpRequestMessage request, Boolean async, CancellationToken cancellationToken)
   at System.Net.Http.AuthenticationHelper.SendWithNtAuthAsync(HttpRequestMessage request, Uri authUri, Boolean async, ICredentials credentials, Boolean isProxyAuth, HttpConnection connection, HttpConnectionPool connectionPool, CancellationToken cancellationToken)
   at System.Net.Http.HttpConnectionPool.SendWithVersionDetectionAndRetryAsync(HttpRequestMessage request, Boolean async, Boolean doRequestAuth, CancellationToken cancellationToken)
   at System.Net.Http.AuthenticationHelper.SendWithAuthAsync(HttpRequestMessage request, Uri authUri, Boolean async, ICredentials credentials, Boolean preAuthenticate, Boolean isProxyAuth, Boolean doRequestAuth, HttpConnectionPool pool, CancellationToken cancellationToken)
   at System.Net.Http.RedirectHandler.SendAsync(HttpRequestMessage request, Boolean async, CancellationToken cancellationToken)
   at GitHub.Services.Common.RawHttpMessageHandler.SendAsync(HttpRequestMessage request, CancellationToken cancellationToken)
   at GitHub.Services.Common.VssHttpRetryMessageHandler.SendAsync(HttpRequestMessage request, CancellationToken cancellationToken)
   at System.Net.Http.HttpClient.<SendAsync>g__Core|83_0(HttpRequestMessage request, HttpCompletionOption completionOption, CancellationTokenSource cts, Boolean disposeCts, CancellationTokenSource pendingRequestsCts, CancellationToken originalCancellationToken)
[2026-10-04 06:29:54Z ERR  BrokerServer] #####################################################
[2026-10-04 06:29:54Z ERR  BrokerServer] System.IO.IOException: Unable to read data from the transport connection: The I/O operation has been aborted because of either a thread exit or an application request..
 ---> System.Net.Sockets.SocketException (995): The I/O operation has been aborted because of either a thread exit or an application request.
   --- End of inner exception stack trace ---
   at System.Net.Sockets.Socket.AwaitableSocketAsyncEventArgs.ThrowException(SocketError error, CancellationToken cancellationToken)
   at System.Net.Sockets.Socket.AwaitableSocketAsyncEventArgs.System.Threading.Tasks.Sources.IValueTaskSource<System.Int32>.GetResult(Int16 token)
   at System.Net.Security.SslStream.EnsureFullTlsFrameAsync[TIOAdapter](CancellationToken cancellationToken, Int32 estimatedSize)
   at System.Runtime.CompilerServices.PoolingAsyncValueTaskMethodBuilder`1.StateMachineBox`1.System.Threading.Tasks.Sources.IValueTaskSource<TResult>.GetResult(Int16 token)
   at System.Net.Security.SslStream.ReadAsyncInternal[TIOAdapter](Memory`1 buffer, CancellationToken cancellationToken)
   at System.Runtime.CompilerServices.PoolingAsyncValueTaskMethodBuilder`1.StateMachineBox`1.System.Threading.Tasks.Sources.IValueTaskSource<TResult>.GetResult(Int16 token)
   at System.Net.Http.HttpConnection.<EnsureReadAheadTaskHasStarted>g__ReadAheadWithZeroByteReadAsync|40_0()
   at System.Net.Http.HttpConnection.SendAsync(HttpRequestMessage request, Boolean async, CancellationToken cancellationToken)
[2026-10-04 06:29:54Z ERR  BrokerServer] #####################################################
[2026-10-04 06:29:54Z ERR  BrokerServer] System.Net.Sockets.SocketException (995): The I/O operation has been aborted because of either a thread exit or an application request.
[2026-10-04 06:29:54Z WARN BrokerServer] Back off 10.134 seconds before next retry. 4 attempt left.
[2026-10-04 06:29:54Z INFO BrokerMessageListener] Get messages has been cancelled using local token source. Continue to get messages with new status.
[2026-10-04 06:32:30Z INFO BrokerMessageListener] Acknowledging runner request '68855e49-02ec-534e-a6f2-48bc6e457dc5'.
[2026-10-04 06:32:31Z INFO ConfigurationStore] HasCredentials()
[2026-10-04 06:32:31Z INFO ConfigurationStore] stored True
[2026-10-04 06:32:31Z INFO CredentialManager] GetCredentialProvider
[2026-10-04 06:32:31Z INFO CredentialManager] Creating type OAuth
[2026-10-04 06:32:31Z INFO CredentialManager] Creating credential type: OAuth
[2026-10-04 06:32:31Z INFO RSAEncryptedFileKeyManager] Loading RSA key parameters from file C:\Users\chella\Desktop\devopsassignment\devops-assignment\actions-runner\.credentials_rsaparams
[2026-10-04 06:32:31Z INFO RSAEncryptedFileKeyManager] Loading RSA key parameters from file C:\Users\chella\Desktop\devopsassignment\devops-assignment\actions-runner\.credentials_rsaparams
[2026-10-04 06:32:31Z INFO RSAEncryptedFileKeyManager] Loading RSA key parameters from file C:\Users\chella\Desktop\devopsassignment\devops-assignment\actions-runner\.credentials_rsaparams
[2026-10-04 06:32:32Z INFO GitHubActionsService] AAD Correlation ID for this token request: Unknown
[2026-10-04 06:32:33Z INFO JobDispatcher] Job request 0 for plan 5758d7b6-cb71-8f85-9b73-bd00d60e4e45 job 68855e49-02ec-534e-a6f2-48bc6e457dc5 received.
[2026-10-04 06:32:33Z INFO JobDispatcher] Pull OrchestrationId 5758d7b6-cb71-8f85-9b73-bd00d60e4e45.trigger-jenkins.__default from JWT claims
[2026-10-04 06:32:33Z INFO BrokerMessageListener] Received job status event. JobState: Busy
[2026-10-04 06:32:33Z INFO BrokerMessageListener] _getMessagesTokenSource is already disposed.
[2026-10-04 06:32:33Z INFO JobDispatcher] Job request 4fde3fe3-5c9e-51f5-8271-9b6b98b9afd6 processed succeed.
[2026-10-04 06:32:33Z INFO Terminal] WRITE LINE: 2026-10-04 06:32:33Z: Running job: Trigger Jenkins Pipeline
[2026-10-04 06:32:33Z INFO JobDispatcher] Start renew job request 0 for job 68855e49-02ec-534e-a6f2-48bc6e457dc5.
[2026-10-04 06:32:33Z INFO JobDispatcher] Successfully renew job 68855e49-02ec-534e-a6f2-48bc6e457dc5, job is valid till 04-10-2026 06:42:33
[2026-10-04 06:32:33Z INFO HostContext] Well known directory 'Bin': 'C:\Users\chella\Desktop\devopsassignment\devops-assignment\actions-runner\bin'
[2026-10-04 06:32:33Z INFO ProcessInvokerWrapper] Starting process:
[2026-10-04 06:32:33Z INFO ProcessInvokerWrapper]   File name: 'C:\Users\chella\Desktop\devopsassignment\devops-assignment\actions-runner\bin\Runner.Worker.exe'
[2026-10-04 06:32:33Z INFO ProcessInvokerWrapper]   Arguments: 'spawnclient 2136 1196'
[2026-10-04 06:32:33Z INFO ProcessInvokerWrapper]   Working directory: 'C:\Users\chella\Desktop\devopsassignment\devops-assignment\actions-runner\bin'
[2026-10-04 06:32:33Z INFO ProcessInvokerWrapper]   Require exit code zero: 'False'
[2026-10-04 06:32:33Z INFO ProcessInvokerWrapper]   Encoding web name:  ; code page: ''
[2026-10-04 06:32:33Z INFO ProcessInvokerWrapper]   Force kill process on cancellation: 'True'
[2026-10-04 06:32:33Z INFO ProcessInvokerWrapper]   Redirected STDIN: 'False'
[2026-10-04 06:32:33Z INFO ProcessInvokerWrapper]   Persist current code page: 'False'
[2026-10-04 06:32:33Z INFO ProcessInvokerWrapper]   Keep redirected STDIN open: 'False'
[2026-10-04 06:32:33Z INFO ProcessInvokerWrapper]   High priority process: 'True'
[2026-10-04 06:32:33Z INFO ProcessInvokerWrapper] Process started with process id 26080, waiting for process exit.
[2026-10-04 06:32:33Z INFO JobDispatcher] Send job request message to worker for job 68855e49-02ec-534e-a6f2-48bc6e457dc5.
[2026-10-04 06:32:33Z INFO ProcessChannel] Sending message of length 24527, with hash 'a6a647d91840d83fe0e8eda6fbf0a908c0868e3654b86b660398efd0e9636c99'
[2026-10-04 06:32:34Z INFO JobNotification] Entering JobStarted Notification
[2026-10-04 06:32:34Z INFO JobNotification] Entering StartMonitor
[2026-10-04 06:32:42Z INFO ProcessInvokerWrapper] STDOUT/STDERR stream read finished.
[2026-10-04 06:32:42Z INFO ProcessInvokerWrapper] STDOUT/STDERR stream read finished.
[2026-10-04 06:32:42Z INFO ProcessInvokerWrapper] Finished process 26080 with exit code 100, and elapsed time 00:00:08.4195829.
[2026-10-04 06:32:42Z INFO JobDispatcher] Worker finished for job 68855e49-02ec-534e-a6f2-48bc6e457dc5. Code: 100
[2026-10-04 06:32:42Z INFO JobDispatcher] finish job request for job 68855e49-02ec-534e-a6f2-48bc6e457dc5 with result: Succeeded
[2026-10-04 06:32:42Z INFO Terminal] WRITE LINE: 2026-10-04 06:32:42Z: Job Trigger Jenkins Pipeline completed with result: Succeeded
[2026-10-04 06:32:42Z INFO JobDispatcher] Stop renew job request for job 68855e49-02ec-534e-a6f2-48bc6e457dc5.
[2026-10-04 06:32:42Z INFO JobDispatcher] job renew has been cancelled, stop renew job 68855e49-02ec-534e-a6f2-48bc6e457dc5.
[2026-10-04 06:32:42Z INFO JobNotification] Entering JobCompleted Notification
[2026-10-04 06:32:42Z INFO JobNotification] Entering EndMonitor
[2026-10-04 06:32:42Z INFO BrokerMessageListener] Received job status event. JobState: Online
[2026-10-04 06:32:42Z WARN GitHubActionsService] GET request to https://broker.actions.githubusercontent.com/message?sessionId=9c7e4a5d-9004-49d6-ba65-3d40ca963388&status=Busy&runnerVersion=2.337.0&os=Windows&architecture=X64&disableUpdate=false has been cancelled.
[2026-10-04 06:32:42Z ERR  BrokerServer] Catch exception during request
[2026-10-04 06:32:42Z ERR  BrokerServer] System.Threading.Tasks.TaskCanceledException: The operation was canceled.
 ---> System.Threading.Tasks.TaskCanceledException: The operation was canceled.
 ---> System.IO.IOException: Unable to read data from the transport connection: The I/O operation has been aborted because of either a thread exit or an application request..
 ---> System.Net.Sockets.SocketException (995): The I/O operation has been aborted because of either a thread exit or an application request.
   --- End of inner exception stack trace ---
   at System.Net.Sockets.Socket.AwaitableSocketAsyncEventArgs.ThrowException(SocketError error, CancellationToken cancellationToken)
   at System.Net.Sockets.Socket.AwaitableSocketAsyncEventArgs.System.Threading.Tasks.Sources.IValueTaskSource<System.Int32>.GetResult(Int16 token)
   at System.Net.Security.SslStream.EnsureFullTlsFrameAsync[TIOAdapter](CancellationToken cancellationToken, Int32 estimatedSize)
   at System.Runtime.CompilerServices.PoolingAsyncValueTaskMethodBuilder`1.StateMachineBox`1.System.Threading.Tasks.Sources.IValueTaskSource<TResult>.GetResult(Int16 token)
   at System.Net.Security.SslStream.ReadAsyncInternal[TIOAdapter](Memory`1 buffer, CancellationToken cancellationToken)
   at System.Runtime.CompilerServices.PoolingAsyncValueTaskMethodBuilder`1.StateMachineBox`1.System.Threading.Tasks.Sources.IValueTaskSource<TResult>.GetResult(Int16 token)
   at System.Net.Http.HttpConnection.SendAsync(HttpRequestMessage request, Boolean async, CancellationToken cancellationToken)
   --- End of inner exception stack trace ---
   at System.Net.Http.HttpConnection.SendAsync(HttpRequestMessage request, Boolean async, CancellationToken cancellationToken)
   at System.Net.Http.AuthenticationHelper.SendWithNtAuthAsync(HttpRequestMessage request, Uri authUri, Boolean async, ICredentials credentials, Boolean isProxyAuth, HttpConnection connection, HttpConnectionPool connectionPool, CancellationToken cancellationToken)
   at System.Net.Http.HttpConnectionPool.SendWithVersionDetectionAndRetryAsync(HttpRequestMessage request, Boolean async, Boolean doRequestAuth, CancellationToken cancellationToken)
   at System.Net.Http.AuthenticationHelper.SendWithAuthAsync(HttpRequestMessage request, Uri authUri, Boolean async, ICredentials credentials, Boolean preAuthenticate, Boolean isProxyAuth, Boolean doRequestAuth, HttpConnectionPool pool, CancellationToken cancellationToken)
   at System.Net.Http.RedirectHandler.SendAsync(HttpRequestMessage request, Boolean async, CancellationToken cancellationToken)
   at GitHub.Services.Common.RawHttpMessageHandler.SendAsync(HttpRequestMessage request, CancellationToken cancellationToken)
   at GitHub.Services.Common.VssHttpRetryMessageHandler.SendAsync(HttpRequestMessage request, CancellationToken cancellationToken)
   at System.Net.Http.HttpClient.<SendAsync>g__Core|83_0(HttpRequestMessage request, HttpCompletionOption completionOption, CancellationTokenSource cts, Boolean disposeCts, CancellationTokenSource pendingRequestsCts, CancellationToken originalCancellationToken)
   --- End of inner exception stack trace ---
   at System.Net.Http.HttpClient.HandleFailure(Exception e, Boolean telemetryStarted, HttpResponseMessage response, CancellationTokenSource cts, CancellationToken cancellationToken, CancellationTokenSource pendingRequestsCts)
   at System.Net.Http.HttpClient.<SendAsync>g__Core|83_0(HttpRequestMessage request, HttpCompletionOption completionOption, CancellationTokenSource cts, Boolean disposeCts, CancellationTokenSource pendingRequestsCts, CancellationToken originalCancellationToken)
   at Sdk.WebApi.WebApi.RawHttpClientBase.SendAsync(HttpRequestMessage message, HttpCompletionOption completionOption, Object userState, CancellationToken cancellationToken)
   at Sdk.WebApi.WebApi.RawHttpClientBase.SendAsync[T](HttpRequestMessage message, Boolean readErrorBody, Object userState, CancellationToken cancellationToken)
   at Sdk.WebApi.WebApi.RawHttpClientBase.SendAsync[T](HttpMethod method, IEnumerable`1 additionalHeaders, Uri requestUri, HttpContent content, IEnumerable`1 queryParameters, Boolean readErrorBody, Object userState, CancellationToken cancellationToken)
   at GitHub.Actions.RunService.WebApi.BrokerHttpClient.GetRunnerMessageAsync(Nullable`1 sessionId, String runnerVersion, Nullable`1 status, String os, String architecture, Nullable`1 disableUpdate, CancellationToken cancellationToken)
   at GitHub.Runner.Common.BrokerServer.<>c__DisplayClass7_0.<<GetRunnerMessageAsync>b__0>d.MoveNext()
--- End of stack trace from previous location ---
   at GitHub.Runner.Common.RunnerService.RetryRequest[T](Func`1 func, CancellationToken cancellationToken, Int32 maxAttempts, Func`2 shouldRetry)
[2026-10-04 06:32:42Z ERR  BrokerServer] #####################################################
[2026-10-04 06:32:42Z ERR  BrokerServer] System.Threading.Tasks.TaskCanceledException: The operation was canceled.
 ---> System.IO.IOException: Unable to read data from the transport connection: The I/O operation has been aborted because of either a thread exit or an application request..
 ---> System.Net.Sockets.SocketException (995): The I/O operation has been aborted because of either a thread exit or an application request.
   --- End of inner exception stack trace ---
   at System.Net.Sockets.Socket.AwaitableSocketAsyncEventArgs.ThrowException(SocketError error, CancellationToken cancellationToken)
   at System.Net.Sockets.Socket.AwaitableSocketAsyncEventArgs.System.Threading.Tasks.Sources.IValueTaskSource<System.Int32>.GetResult(Int16 token)
   at System.Net.Security.SslStream.EnsureFullTlsFrameAsync[TIOAdapter](CancellationToken cancellationToken, Int32 estimatedSize)
   at System.Runtime.CompilerServices.PoolingAsyncValueTaskMethodBuilder`1.StateMachineBox`1.System.Threading.Tasks.Sources.IValueTaskSource<TResult>.GetResult(Int16 token)
   at System.Net.Security.SslStream.ReadAsyncInternal[TIOAdapter](Memory`1 buffer, CancellationToken cancellationToken)
   at System.Runtime.CompilerServices.PoolingAsyncValueTaskMethodBuilder`1.StateMachineBox`1.System.Threading.Tasks.Sources.IValueTaskSource<TResult>.GetResult(Int16 token)
   at System.Net.Http.HttpConnection.SendAsync(HttpRequestMessage request, Boolean async, CancellationToken cancellationToken)
   --- End of inner exception stack trace ---
   at System.Net.Http.HttpConnection.SendAsync(HttpRequestMessage request, Boolean async, CancellationToken cancellationToken)
   at System.Net.Http.AuthenticationHelper.SendWithNtAuthAsync(HttpRequestMessage request, Uri authUri, Boolean async, ICredentials credentials, Boolean isProxyAuth, HttpConnection connection, HttpConnectionPool connectionPool, CancellationToken cancellationToken)
   at System.Net.Http.HttpConnectionPool.SendWithVersionDetectionAndRetryAsync(HttpRequestMessage request, Boolean async, Boolean doRequestAuth, CancellationToken cancellationToken)
   at System.Net.Http.AuthenticationHelper.SendWithAuthAsync(HttpRequestMessage request, Uri authUri, Boolean async, ICredentials credentials, Boolean preAuthenticate, Boolean isProxyAuth, Boolean doRequestAuth, HttpConnectionPool pool, CancellationToken cancellationToken)
   at System.Net.Http.RedirectHandler.SendAsync(HttpRequestMessage request, Boolean async, CancellationToken cancellationToken)
   at GitHub.Services.Common.RawHttpMessageHandler.SendAsync(HttpRequestMessage request, CancellationToken cancellationToken)
   at GitHub.Services.Common.VssHttpRetryMessageHandler.SendAsync(HttpRequestMessage request, CancellationToken cancellationToken)
   at System.Net.Http.HttpClient.<SendAsync>g__Core|83_0(HttpRequestMessage request, HttpCompletionOption completionOption, CancellationTokenSource cts, Boolean disposeCts, CancellationTokenSource pendingRequestsCts, CancellationToken originalCancellationToken)
[2026-10-04 06:32:42Z ERR  BrokerServer] #####################################################
[2026-10-04 06:32:42Z ERR  BrokerServer] System.IO.IOException: Unable to read data from the transport connection: The I/O operation has been aborted because of either a thread exit or an application request..
 ---> System.Net.Sockets.SocketException (995): The I/O operation has been aborted because of either a thread exit or an application request.
   --- End of inner exception stack trace ---
   at System.Net.Sockets.Socket.AwaitableSocketAsyncEventArgs.ThrowException(SocketError error, CancellationToken cancellationToken)
   at System.Net.Sockets.Socket.AwaitableSocketAsyncEventArgs.System.Threading.Tasks.Sources.IValueTaskSource<System.Int32>.GetResult(Int16 token)
   at System.Net.Security.SslStream.EnsureFullTlsFrameAsync[TIOAdapter](CancellationToken cancellationToken, Int32 estimatedSize)
   at System.Runtime.CompilerServices.PoolingAsyncValueTaskMethodBuilder`1.StateMachineBox`1.System.Threading.Tasks.Sources.IValueTaskSource<TResult>.GetResult(Int16 token)
   at System.Net.Security.SslStream.ReadAsyncInternal[TIOAdapter](Memory`1 buffer, CancellationToken cancellationToken)
   at System.Runtime.CompilerServices.PoolingAsyncValueTaskMethodBuilder`1.StateMachineBox`1.System.Threading.Tasks.Sources.IValueTaskSource<TResult>.GetResult(Int16 token)
   at System.Net.Http.HttpConnection.SendAsync(HttpRequestMessage request, Boolean async, CancellationToken cancellationToken)
[2026-10-04 06:32:42Z ERR  BrokerServer] #####################################################
[2026-10-04 06:32:42Z ERR  BrokerServer] System.Net.Sockets.SocketException (995): The I/O operation has been aborted because of either a thread exit or an application request.
[2026-10-04 06:32:42Z WARN BrokerServer] Back off 14.053 seconds before next retry. 4 attempt left.
[2026-10-04 06:32:42Z INFO BrokerMessageListener] Get messages has been cancelled using local token source. Continue to get messages with new status.
[2026-10-04 06:32:42Z INFO BrokerMessageListener] Acknowledging runner request '697b4766-4f3e-5bf4-9af2-5ae5917f5bfb'.
[2026-10-04 06:32:43Z INFO ConfigurationStore] HasCredentials()
[2026-10-04 06:32:43Z INFO ConfigurationStore] stored True
[2026-10-04 06:32:43Z INFO CredentialManager] GetCredentialProvider
[2026-10-04 06:32:43Z INFO CredentialManager] Creating type OAuth
[2026-10-04 06:32:43Z INFO CredentialManager] Creating credential type: OAuth
[2026-10-04 06:32:43Z INFO RSAEncryptedFileKeyManager] Loading RSA key parameters from file C:\Users\chella\Desktop\devopsassignment\devops-assignment\actions-runner\.credentials_rsaparams
[2026-10-04 06:32:43Z INFO RSAEncryptedFileKeyManager] Loading RSA key parameters from file C:\Users\chella\Desktop\devopsassignment\devops-assignment\actions-runner\.credentials_rsaparams
[2026-10-04 06:32:43Z INFO RSAEncryptedFileKeyManager] Loading RSA key parameters from file C:\Users\chella\Desktop\devopsassignment\devops-assignment\actions-runner\.credentials_rsaparams
[2026-10-04 06:32:44Z INFO GitHubActionsService] AAD Correlation ID for this token request: Unknown
[2026-10-04 06:32:45Z INFO JobDispatcher] Job request 0 for plan 5f4003d2-5fbb-84b8-9545-6547d3b548b7 job 697b4766-4f3e-5bf4-9af2-5ae5917f5bfb received.
[2026-10-04 06:32:45Z INFO JobDispatcher] Pull OrchestrationId 5f4003d2-5fbb-84b8-9545-6547d3b548b7.trigger-jenkins.__default from JWT claims
[2026-10-04 06:32:45Z INFO BrokerMessageListener] Received job status event. JobState: Busy
[2026-10-04 06:32:45Z INFO BrokerMessageListener] _getMessagesTokenSource is already disposed.
[2026-10-04 06:32:45Z INFO JobDispatcher] Job request 68855e49-02ec-534e-a6f2-48bc6e457dc5 processed succeed.
[2026-10-04 06:32:45Z INFO Terminal] WRITE LINE: 2026-10-04 06:32:45Z: Running job: trigger-jenkins
[2026-10-04 06:32:45Z INFO JobDispatcher] Start renew job request 0 for job 697b4766-4f3e-5bf4-9af2-5ae5917f5bfb.
[2026-10-04 06:32:45Z INFO JobDispatcher] Successfully renew job 697b4766-4f3e-5bf4-9af2-5ae5917f5bfb, job is valid till 04-10-2026 06:42:45
[2026-10-04 06:32:45Z INFO HostContext] Well known directory 'Bin': 'C:\Users\chella\Desktop\devopsassignment\devops-assignment\actions-runner\bin'
[2026-10-04 06:32:45Z INFO ProcessInvokerWrapper] Starting process:
[2026-10-04 06:32:45Z INFO ProcessInvokerWrapper]   File name: 'C:\Users\chella\Desktop\devopsassignment\devops-assignment\actions-runner\bin\Runner.Worker.exe'
[2026-10-04 06:32:45Z INFO ProcessInvokerWrapper]   Arguments: 'spawnclient 2220 2480'
[2026-10-04 06:32:45Z INFO ProcessInvokerWrapper]   Working directory: 'C:\Users\chella\Desktop\devopsassignment\devops-assignment\actions-runner\bin'
[2026-10-04 06:32:45Z INFO ProcessInvokerWrapper]   Require exit code zero: 'False'
[2026-10-04 06:32:45Z INFO ProcessInvokerWrapper]   Encoding web name:  ; code page: ''
[2026-10-04 06:32:45Z INFO ProcessInvokerWrapper]   Force kill process on cancellation: 'True'
[2026-10-04 06:32:45Z INFO ProcessInvokerWrapper]   Redirected STDIN: 'False'
[2026-10-04 06:32:45Z INFO ProcessInvokerWrapper]   Persist current code page: 'False'
[2026-10-04 06:32:45Z INFO ProcessInvokerWrapper]   Keep redirected STDIN open: 'False'
[2026-10-04 06:32:45Z INFO ProcessInvokerWrapper]   High priority process: 'True'
[2026-10-04 06:32:45Z INFO ProcessInvokerWrapper] Process started with process id 26280, waiting for process exit.
[2026-10-04 06:32:45Z INFO JobDispatcher] Send job request message to worker for job 697b4766-4f3e-5bf4-9af2-5ae5917f5bfb.
[2026-10-04 06:32:45Z INFO ProcessChannel] Sending message of length 24380, with hash '0b960fb790bd84bdb2bedd20033181f44e3371a05730527e41f6cca0cb5c8362'
[2026-10-04 06:32:46Z INFO JobNotification] Entering JobStarted Notification
[2026-10-04 06:32:46Z INFO JobNotification] Entering StartMonitor
[2026-10-04 06:32:54Z INFO ProcessInvokerWrapper] STDOUT/STDERR stream read finished.
[2026-10-04 06:32:54Z INFO ProcessInvokerWrapper] STDOUT/STDERR stream read finished.
[2026-10-04 06:32:54Z INFO ProcessInvokerWrapper] Finished process 26280 with exit code 100, and elapsed time 00:00:08.3993248.
[2026-10-04 06:32:54Z INFO JobDispatcher] Worker finished for job 697b4766-4f3e-5bf4-9af2-5ae5917f5bfb. Code: 100
[2026-10-04 06:32:54Z INFO JobDispatcher] finish job request for job 697b4766-4f3e-5bf4-9af2-5ae5917f5bfb with result: Succeeded
[2026-10-04 06:32:54Z INFO Terminal] WRITE LINE: 2026-10-04 06:32:54Z: Job trigger-jenkins completed with result: Succeeded
[2026-10-04 06:32:54Z INFO JobDispatcher] Stop renew job request for job 697b4766-4f3e-5bf4-9af2-5ae5917f5bfb.
[2026-10-04 06:32:54Z INFO JobDispatcher] job renew has been cancelled, stop renew job 697b4766-4f3e-5bf4-9af2-5ae5917f5bfb.
[2026-10-04 06:32:54Z INFO JobNotification] Entering JobCompleted Notification
[2026-10-04 06:32:54Z INFO JobNotification] Entering EndMonitor
[2026-10-04 06:32:54Z INFO BrokerMessageListener] Received job status event. JobState: Online
[2026-10-04 06:32:54Z WARN GitHubActionsService] GET request to https://broker.actions.githubusercontent.com/message?sessionId=9c7e4a5d-9004-49d6-ba65-3d40ca963388&status=Busy&runnerVersion=2.337.0&os=Windows&architecture=X64&disableUpdate=false has been cancelled.
[2026-10-04 06:32:54Z ERR  BrokerServer] Catch exception during request
[2026-10-04 06:32:54Z ERR  BrokerServer] System.Threading.Tasks.TaskCanceledException: The operation was canceled.
 ---> System.Threading.Tasks.TaskCanceledException: The operation was canceled.
 ---> System.IO.IOException: Unable to read data from the transport connection: The I/O operation has been aborted because of either a thread exit or an application request..
 ---> System.Net.Sockets.SocketException (995): The I/O operation has been aborted because of either a thread exit or an application request.
   --- End of inner exception stack trace ---
   at System.Net.Sockets.Socket.AwaitableSocketAsyncEventArgs.ThrowException(SocketError error, CancellationToken cancellationToken)
   at System.Net.Sockets.Socket.AwaitableSocketAsyncEventArgs.System.Threading.Tasks.Sources.IValueTaskSource<System.Int32>.GetResult(Int16 token)
   at System.Net.Security.SslStream.EnsureFullTlsFrameAsync[TIOAdapter](CancellationToken cancellationToken, Int32 estimatedSize)
   at System.Runtime.CompilerServices.PoolingAsyncValueTaskMethodBuilder`1.StateMachineBox`1.System.Threading.Tasks.Sources.IValueTaskSource<TResult>.GetResult(Int16 token)
   at System.Net.Security.SslStream.ReadAsyncInternal[TIOAdapter](Memory`1 buffer, CancellationToken cancellationToken)
   at System.Runtime.CompilerServices.PoolingAsyncValueTaskMethodBuilder`1.StateMachineBox`1.System.Threading.Tasks.Sources.IValueTaskSource<TResult>.GetResult(Int16 token)
   at System.Net.Http.HttpConnection.SendAsync(HttpRequestMessage request, Boolean async, CancellationToken cancellationToken)
   --- End of inner exception stack trace ---
   at System.Net.Http.HttpConnection.SendAsync(HttpRequestMessage request, Boolean async, CancellationToken cancellationToken)
   at System.Net.Http.AuthenticationHelper.SendWithNtAuthAsync(HttpRequestMessage request, Uri authUri, Boolean async, ICredentials credentials, Boolean isProxyAuth, HttpConnection connection, HttpConnectionPool connectionPool, CancellationToken cancellationToken)
   at System.Net.Http.HttpConnectionPool.SendWithVersionDetectionAndRetryAsync(HttpRequestMessage request, Boolean async, Boolean doRequestAuth, CancellationToken cancellationToken)
   at System.Net.Http.AuthenticationHelper.SendWithAuthAsync(HttpRequestMessage request, Uri authUri, Boolean async, ICredentials credentials, Boolean preAuthenticate, Boolean isProxyAuth, Boolean doRequestAuth, HttpConnectionPool pool, CancellationToken cancellationToken)
   at System.Net.Http.RedirectHandler.SendAsync(HttpRequestMessage request, Boolean async, CancellationToken cancellationToken)
   at GitHub.Services.Common.RawHttpMessageHandler.SendAsync(HttpRequestMessage request, CancellationToken cancellationToken)
   at GitHub.Services.Common.VssHttpRetryMessageHandler.SendAsync(HttpRequestMessage request, CancellationToken cancellationToken)
   at System.Net.Http.HttpClient.<SendAsync>g__Core|83_0(HttpRequestMessage request, HttpCompletionOption completionOption, CancellationTokenSource cts, Boolean disposeCts, CancellationTokenSource pendingRequestsCts, CancellationToken originalCancellationToken)
   --- End of inner exception stack trace ---
   at System.Net.Http.HttpClient.HandleFailure(Exception e, Boolean telemetryStarted, HttpResponseMessage response, CancellationTokenSource cts, CancellationToken cancellationToken, CancellationTokenSource pendingRequestsCts)
   at System.Net.Http.HttpClient.<SendAsync>g__Core|83_0(HttpRequestMessage request, HttpCompletionOption completionOption, CancellationTokenSource cts, Boolean disposeCts, CancellationTokenSource pendingRequestsCts, CancellationToken originalCancellationToken)
   at Sdk.WebApi.WebApi.RawHttpClientBase.SendAsync(HttpRequestMessage message, HttpCompletionOption completionOption, Object userState, CancellationToken cancellationToken)
   at Sdk.WebApi.WebApi.RawHttpClientBase.SendAsync[T](HttpRequestMessage message, Boolean readErrorBody, Object userState, CancellationToken cancellationToken)
   at Sdk.WebApi.WebApi.RawHttpClientBase.SendAsync[T](HttpMethod method, IEnumerable`1 additionalHeaders, Uri requestUri, HttpContent content, IEnumerable`1 queryParameters, Boolean readErrorBody, Object userState, CancellationToken cancellationToken)
   at GitHub.Actions.RunService.WebApi.BrokerHttpClient.GetRunnerMessageAsync(Nullable`1 sessionId, String runnerVersion, Nullable`1 status, String os, String architecture, Nullable`1 disableUpdate, CancellationToken cancellationToken)
   at GitHub.Runner.Common.BrokerServer.<>c__DisplayClass7_0.<<GetRunnerMessageAsync>b__0>d.MoveNext()
--- End of stack trace from previous location ---
   at GitHub.Runner.Common.RunnerService.RetryRequest[T](Func`1 func, CancellationToken cancellationToken, Int32 maxAttempts, Func`2 shouldRetry)
[2026-10-04 06:32:54Z ERR  BrokerServer] #####################################################
[2026-10-04 06:32:54Z ERR  BrokerServer] System.Threading.Tasks.TaskCanceledException: The operation was canceled.
 ---> System.IO.IOException: Unable to read data from the transport connection: The I/O operation has been aborted because of either a thread exit or an application request..
 ---> System.Net.Sockets.SocketException (995): The I/O operation has been aborted because of either a thread exit or an application request.
   --- End of inner exception stack trace ---
   at System.Net.Sockets.Socket.AwaitableSocketAsyncEventArgs.ThrowException(SocketError error, CancellationToken cancellationToken)
   at System.Net.Sockets.Socket.AwaitableSocketAsyncEventArgs.System.Threading.Tasks.Sources.IValueTaskSource<System.Int32>.GetResult(Int16 token)
   at System.Net.Security.SslStream.EnsureFullTlsFrameAsync[TIOAdapter](CancellationToken cancellationToken, Int32 estimatedSize)
   at System.Runtime.CompilerServices.PoolingAsyncValueTaskMethodBuilder`1.StateMachineBox`1.System.Threading.Tasks.Sources.IValueTaskSource<TResult>.GetResult(Int16 token)
   at System.Net.Security.SslStream.ReadAsyncInternal[TIOAdapter](Memory`1 buffer, CancellationToken cancellationToken)
   at System.Runtime.CompilerServices.PoolingAsyncValueTaskMethodBuilder`1.StateMachineBox`1.System.Threading.Tasks.Sources.IValueTaskSource<TResult>.GetResult(Int16 token)
   at System.Net.Http.HttpConnection.SendAsync(HttpRequestMessage request, Boolean async, CancellationToken cancellationToken)
   --- End of inner exception stack trace ---
   at System.Net.Http.HttpConnection.SendAsync(HttpRequestMessage request, Boolean async, CancellationToken cancellationToken)
   at System.Net.Http.AuthenticationHelper.SendWithNtAuthAsync(HttpRequestMessage request, Uri authUri, Boolean async, ICredentials credentials, Boolean isProxyAuth, HttpConnection connection, HttpConnectionPool connectionPool, CancellationToken cancellationToken)
   at System.Net.Http.HttpConnectionPool.SendWithVersionDetectionAndRetryAsync(HttpRequestMessage request, Boolean async, Boolean doRequestAuth, CancellationToken cancellationToken)
   at System.Net.Http.AuthenticationHelper.SendWithAuthAsync(HttpRequestMessage request, Uri authUri, Boolean async, ICredentials credentials, Boolean preAuthenticate, Boolean isProxyAuth, Boolean doRequestAuth, HttpConnectionPool pool, CancellationToken cancellationToken)
   at System.Net.Http.RedirectHandler.SendAsync(HttpRequestMessage request, Boolean async, CancellationToken cancellationToken)
   at GitHub.Services.Common.RawHttpMessageHandler.SendAsync(HttpRequestMessage request, CancellationToken cancellationToken)
   at GitHub.Services.Common.VssHttpRetryMessageHandler.SendAsync(HttpRequestMessage request, CancellationToken cancellationToken)
   at System.Net.Http.HttpClient.<SendAsync>g__Core|83_0(HttpRequestMessage request, HttpCompletionOption completionOption, CancellationTokenSource cts, Boolean disposeCts, CancellationTokenSource pendingRequestsCts, CancellationToken originalCancellationToken)
[2026-10-04 06:32:54Z ERR  BrokerServer] #####################################################
[2026-10-04 06:32:54Z ERR  BrokerServer] System.IO.IOException: Unable to read data from the transport connection: The I/O operation has been aborted because of either a thread exit or an application request..
 ---> System.Net.Sockets.SocketException (995): The I/O operation has been aborted because of either a thread exit or an application request.
   --- End of inner exception stack trace ---
   at System.Net.Sockets.Socket.AwaitableSocketAsyncEventArgs.ThrowException(SocketError error, CancellationToken cancellationToken)
   at System.Net.Sockets.Socket.AwaitableSocketAsyncEventArgs.System.Threading.Tasks.Sources.IValueTaskSource<System.Int32>.GetResult(Int16 token)
   at System.Net.Security.SslStream.EnsureFullTlsFrameAsync[TIOAdapter](CancellationToken cancellationToken, Int32 estimatedSize)
   at System.Runtime.CompilerServices.PoolingAsyncValueTaskMethodBuilder`1.StateMachineBox`1.System.Threading.Tasks.Sources.IValueTaskSource<TResult>.GetResult(Int16 token)
   at System.Net.Security.SslStream.ReadAsyncInternal[TIOAdapter](Memory`1 buffer, CancellationToken cancellationToken)
   at System.Runtime.CompilerServices.PoolingAsyncValueTaskMethodBuilder`1.StateMachineBox`1.System.Threading.Tasks.Sources.IValueTaskSource<TResult>.GetResult(Int16 token)
   at System.Net.Http.HttpConnection.SendAsync(HttpRequestMessage request, Boolean async, CancellationToken cancellationToken)
[2026-10-04 06:32:54Z ERR  BrokerServer] #####################################################
[2026-10-04 06:32:54Z ERR  BrokerServer] System.Net.Sockets.SocketException (995): The I/O operation has been aborted because of either a thread exit or an application request.
[2026-10-04 06:32:54Z WARN BrokerServer] Back off 7.994 seconds before next retry. 4 attempt left.
[2026-10-04 06:32:54Z INFO BrokerMessageListener] Get messages has been cancelled using local token source. Continue to get messages with new status.
[2026-10-04 06:35:00Z INFO BrokerMessageListener] Acknowledging runner request '51bb5be9-d7be-5f61-bb34-f0cc38ede107'.
[2026-10-04 06:35:00Z INFO ConfigurationStore] HasCredentials()
[2026-10-04 06:35:00Z INFO ConfigurationStore] stored True
[2026-10-04 06:35:00Z INFO CredentialManager] GetCredentialProvider
[2026-10-04 06:35:00Z INFO CredentialManager] Creating type OAuth
[2026-10-04 06:35:00Z INFO CredentialManager] Creating credential type: OAuth
[2026-10-04 06:35:00Z INFO RSAEncryptedFileKeyManager] Loading RSA key parameters from file C:\Users\chella\Desktop\devopsassignment\devops-assignment\actions-runner\.credentials_rsaparams
[2026-10-04 06:35:00Z INFO RSAEncryptedFileKeyManager] Loading RSA key parameters from file C:\Users\chella\Desktop\devopsassignment\devops-assignment\actions-runner\.credentials_rsaparams
[2026-10-04 06:35:00Z INFO RSAEncryptedFileKeyManager] Loading RSA key parameters from file C:\Users\chella\Desktop\devopsassignment\devops-assignment\actions-runner\.credentials_rsaparams
[2026-10-04 06:35:01Z INFO GitHubActionsService] AAD Correlation ID for this token request: Unknown
[2026-10-04 06:35:02Z INFO JobDispatcher] Job request 0 for plan 94fb6fbe-7f18-8568-a347-93fa647b59ea job 51bb5be9-d7be-5f61-bb34-f0cc38ede107 received.
[2026-10-04 06:35:02Z INFO JobDispatcher] Pull OrchestrationId 94fb6fbe-7f18-8568-a347-93fa647b59ea.trigger-jenkins.__default from JWT claims
[2026-10-04 06:35:02Z INFO BrokerMessageListener] Received job status event. JobState: Busy
[2026-10-04 06:35:02Z INFO BrokerMessageListener] _getMessagesTokenSource is already disposed.
[2026-10-04 06:35:02Z INFO JobDispatcher] Job request 697b4766-4f3e-5bf4-9af2-5ae5917f5bfb processed succeed.
[2026-10-04 06:35:02Z INFO Terminal] WRITE LINE: 2026-10-04 06:35:02Z: Running job: Trigger Jenkins Pipeline
[2026-10-04 06:35:02Z INFO JobDispatcher] Start renew job request 0 for job 51bb5be9-d7be-5f61-bb34-f0cc38ede107.
[2026-10-04 06:35:03Z INFO JobDispatcher] Successfully renew job 51bb5be9-d7be-5f61-bb34-f0cc38ede107, job is valid till 04-10-2026 06:45:03
[2026-10-04 06:35:03Z INFO HostContext] Well known directory 'Bin': 'C:\Users\chella\Desktop\devopsassignment\devops-assignment\actions-runner\bin'
[2026-10-04 06:35:03Z INFO ProcessInvokerWrapper] Starting process:
[2026-10-04 06:35:03Z INFO ProcessInvokerWrapper]   File name: 'C:\Users\chella\Desktop\devopsassignment\devops-assignment\actions-runner\bin\Runner.Worker.exe'
[2026-10-04 06:35:03Z INFO ProcessInvokerWrapper]   Arguments: 'spawnclient 2228 2156'
[2026-10-04 06:35:03Z INFO ProcessInvokerWrapper]   Working directory: 'C:\Users\chella\Desktop\devopsassignment\devops-assignment\actions-runner\bin'
[2026-10-04 06:35:03Z INFO ProcessInvokerWrapper]   Require exit code zero: 'False'
[2026-10-04 06:35:03Z INFO ProcessInvokerWrapper]   Encoding web name:  ; code page: ''
[2026-10-04 06:35:03Z INFO ProcessInvokerWrapper]   Force kill process on cancellation: 'True'
[2026-10-04 06:35:03Z INFO ProcessInvokerWrapper]   Redirected STDIN: 'False'
[2026-10-04 06:35:03Z INFO ProcessInvokerWrapper]   Persist current code page: 'False'
[2026-10-04 06:35:03Z INFO ProcessInvokerWrapper]   Keep redirected STDIN open: 'False'
[2026-10-04 06:35:03Z INFO ProcessInvokerWrapper]   High priority process: 'True'
[2026-10-04 06:35:03Z INFO ProcessInvokerWrapper] Process started with process id 17944, waiting for process exit.
[2026-10-04 06:35:03Z INFO JobDispatcher] Send job request message to worker for job 51bb5be9-d7be-5f61-bb34-f0cc38ede107.
[2026-10-04 06:35:03Z INFO ProcessChannel] Sending message of length 24344, with hash '769c533eab432dcaae5945323eeb638fd09116aec70db588b1c590a4ef9a80f5'
[2026-10-04 06:35:03Z INFO JobNotification] Entering JobStarted Notification
[2026-10-04 06:35:03Z INFO JobNotification] Entering StartMonitor
[2026-10-04 06:35:11Z INFO ProcessInvokerWrapper] STDOUT/STDERR stream read finished.
[2026-10-04 06:35:11Z INFO ProcessInvokerWrapper] STDOUT/STDERR stream read finished.
[2026-10-04 06:35:11Z INFO ProcessInvokerWrapper] Finished process 17944 with exit code 100, and elapsed time 00:00:08.2600364.
[2026-10-04 06:35:11Z INFO JobDispatcher] Worker finished for job 51bb5be9-d7be-5f61-bb34-f0cc38ede107. Code: 100
[2026-10-04 06:35:11Z INFO JobDispatcher] finish job request for job 51bb5be9-d7be-5f61-bb34-f0cc38ede107 with result: Succeeded
[2026-10-04 06:35:11Z INFO Terminal] WRITE LINE: 2026-10-04 06:35:11Z: Job Trigger Jenkins Pipeline completed with result: Succeeded
[2026-10-04 06:35:11Z INFO JobDispatcher] Stop renew job request for job 51bb5be9-d7be-5f61-bb34-f0cc38ede107.
[2026-10-04 06:35:11Z INFO JobDispatcher] job renew has been cancelled, stop renew job 51bb5be9-d7be-5f61-bb34-f0cc38ede107.
[2026-10-04 06:35:11Z INFO JobNotification] Entering JobCompleted Notification
[2026-10-04 06:35:11Z INFO JobNotification] Entering EndMonitor
[2026-10-04 06:35:11Z INFO BrokerMessageListener] Received job status event. JobState: Online
[2026-10-04 06:35:11Z WARN GitHubActionsService] GET request to https://broker.actions.githubusercontent.com/message?sessionId=9c7e4a5d-9004-49d6-ba65-3d40ca963388&status=Busy&runnerVersion=2.337.0&os=Windows&architecture=X64&disableUpdate=false has been cancelled.
[2026-10-04 06:35:11Z ERR  BrokerServer] Catch exception during request
[2026-10-04 06:35:11Z ERR  BrokerServer] System.Threading.Tasks.TaskCanceledException: The operation was canceled.
 ---> System.Threading.Tasks.TaskCanceledException: The operation was canceled.
 ---> System.IO.IOException: Unable to read data from the transport connection: The I/O operation has been aborted because of either a thread exit or an application request..
 ---> System.Net.Sockets.SocketException (995): The I/O operation has been aborted because of either a thread exit or an application request.
   --- End of inner exception stack trace ---
   at System.Net.Sockets.Socket.AwaitableSocketAsyncEventArgs.ThrowException(SocketError error, CancellationToken cancellationToken)
   at System.Net.Sockets.Socket.AwaitableSocketAsyncEventArgs.System.Threading.Tasks.Sources.IValueTaskSource<System.Int32>.GetResult(Int16 token)
   at System.Net.Security.SslStream.EnsureFullTlsFrameAsync[TIOAdapter](CancellationToken cancellationToken, Int32 estimatedSize)
   at System.Runtime.CompilerServices.PoolingAsyncValueTaskMethodBuilder`1.StateMachineBox`1.System.Threading.Tasks.Sources.IValueTaskSource<TResult>.GetResult(Int16 token)
   at System.Net.Security.SslStream.ReadAsyncInternal[TIOAdapter](Memory`1 buffer, CancellationToken cancellationToken)
   at System.Runtime.CompilerServices.PoolingAsyncValueTaskMethodBuilder`1.StateMachineBox`1.System.Threading.Tasks.Sources.IValueTaskSource<TResult>.GetResult(Int16 token)
   at System.Net.Http.HttpConnection.SendAsync(HttpRequestMessage request, Boolean async, CancellationToken cancellationToken)
   --- End of inner exception stack trace ---
   at System.Net.Http.HttpConnection.SendAsync(HttpRequestMessage request, Boolean async, CancellationToken cancellationToken)
   at System.Net.Http.AuthenticationHelper.SendWithNtAuthAsync(HttpRequestMessage request, Uri authUri, Boolean async, ICredentials credentials, Boolean isProxyAuth, HttpConnection connection, HttpConnectionPool connectionPool, CancellationToken cancellationToken)
   at System.Net.Http.HttpConnectionPool.SendWithVersionDetectionAndRetryAsync(HttpRequestMessage request, Boolean async, Boolean doRequestAuth, CancellationToken cancellationToken)
   at System.Net.Http.AuthenticationHelper.SendWithAuthAsync(HttpRequestMessage request, Uri authUri, Boolean async, ICredentials credentials, Boolean preAuthenticate, Boolean isProxyAuth, Boolean doRequestAuth, HttpConnectionPool pool, CancellationToken cancellationToken)
   at System.Net.Http.RedirectHandler.SendAsync(HttpRequestMessage request, Boolean async, CancellationToken cancellationToken)
   at GitHub.Services.Common.RawHttpMessageHandler.SendAsync(HttpRequestMessage request, CancellationToken cancellationToken)
   at GitHub.Services.Common.VssHttpRetryMessageHandler.SendAsync(HttpRequestMessage request, CancellationToken cancellationToken)
   at System.Net.Http.HttpClient.<SendAsync>g__Core|83_0(HttpRequestMessage request, HttpCompletionOption completionOption, CancellationTokenSource cts, Boolean disposeCts, CancellationTokenSource pendingRequestsCts, CancellationToken originalCancellationToken)
   --- End of inner exception stack trace ---
   at System.Net.Http.HttpClient.HandleFailure(Exception e, Boolean telemetryStarted, HttpResponseMessage response, CancellationTokenSource cts, CancellationToken cancellationToken, CancellationTokenSource pendingRequestsCts)
   at System.Net.Http.HttpClient.<SendAsync>g__Core|83_0(HttpRequestMessage request, HttpCompletionOption completionOption, CancellationTokenSource cts, Boolean disposeCts, CancellationTokenSource pendingRequestsCts, CancellationToken originalCancellationToken)
   at Sdk.WebApi.WebApi.RawHttpClientBase.SendAsync(HttpRequestMessage message, HttpCompletionOption completionOption, Object userState, CancellationToken cancellationToken)
   at Sdk.WebApi.WebApi.RawHttpClientBase.SendAsync[T](HttpRequestMessage message, Boolean readErrorBody, Object userState, CancellationToken cancellationToken)
   at Sdk.WebApi.WebApi.RawHttpClientBase.SendAsync[T](HttpMethod method, IEnumerable`1 additionalHeaders, Uri requestUri, HttpContent content, IEnumerable`1 queryParameters, Boolean readErrorBody, Object userState, CancellationToken cancellationToken)
   at GitHub.Actions.RunService.WebApi.BrokerHttpClient.GetRunnerMessageAsync(Nullable`1 sessionId, String runnerVersion, Nullable`1 status, String os, String architecture, Nullable`1 disableUpdate, CancellationToken cancellationToken)
   at GitHub.Runner.Common.BrokerServer.<>c__DisplayClass7_0.<<GetRunnerMessageAsync>b__0>d.MoveNext()
--- End of stack trace from previous location ---
   at GitHub.Runner.Common.RunnerService.RetryRequest[T](Func`1 func, CancellationToken cancellationToken, Int32 maxAttempts, Func`2 shouldRetry)
[2026-10-04 06:35:11Z ERR  BrokerServer] #####################################################
[2026-10-04 06:35:11Z ERR  BrokerServer] System.Threading.Tasks.TaskCanceledException: The operation was canceled.
 ---> System.IO.IOException: Unable to read data from the transport connection: The I/O operation has been aborted because of either a thread exit or an application request..
 ---> System.Net.Sockets.SocketException (995): The I/O operation has been aborted because of either a thread exit or an application request.
   --- End of inner exception stack trace ---
   at System.Net.Sockets.Socket.AwaitableSocketAsyncEventArgs.ThrowException(SocketError error, CancellationToken cancellationToken)
   at System.Net.Sockets.Socket.AwaitableSocketAsyncEventArgs.System.Threading.Tasks.Sources.IValueTaskSource<System.Int32>.GetResult(Int16 token)
   at System.Net.Security.SslStream.EnsureFullTlsFrameAsync[TIOAdapter](CancellationToken cancellationToken, Int32 estimatedSize)
   at System.Runtime.CompilerServices.PoolingAsyncValueTaskMethodBuilder`1.StateMachineBox`1.System.Threading.Tasks.Sources.IValueTaskSource<TResult>.GetResult(Int16 token)
   at System.Net.Security.SslStream.ReadAsyncInternal[TIOAdapter](Memory`1 buffer, CancellationToken cancellationToken)
   at System.Runtime.CompilerServices.PoolingAsyncValueTaskMethodBuilder`1.StateMachineBox`1.System.Threading.Tasks.Sources.IValueTaskSource<TResult>.GetResult(Int16 token)
   at System.Net.Http.HttpConnection.SendAsync(HttpRequestMessage request, Boolean async, CancellationToken cancellationToken)
   --- End of inner exception stack trace ---
   at System.Net.Http.HttpConnection.SendAsync(HttpRequestMessage request, Boolean async, CancellationToken cancellationToken)
   at System.Net.Http.AuthenticationHelper.SendWithNtAuthAsync(HttpRequestMessage request, Uri authUri, Boolean async, ICredentials credentials, Boolean isProxyAuth, HttpConnection connection, HttpConnectionPool connectionPool, CancellationToken cancellationToken)
   at System.Net.Http.HttpConnectionPool.SendWithVersionDetectionAndRetryAsync(HttpRequestMessage request, Boolean async, Boolean doRequestAuth, CancellationToken cancellationToken)
   at System.Net.Http.AuthenticationHelper.SendWithAuthAsync(HttpRequestMessage request, Uri authUri, Boolean async, ICredentials credentials, Boolean preAuthenticate, Boolean isProxyAuth, Boolean doRequestAuth, HttpConnectionPool pool, CancellationToken cancellationToken)
   at System.Net.Http.RedirectHandler.SendAsync(HttpRequestMessage request, Boolean async, CancellationToken cancellationToken)
   at GitHub.Services.Common.RawHttpMessageHandler.SendAsync(HttpRequestMessage request, CancellationToken cancellationToken)
   at GitHub.Services.Common.VssHttpRetryMessageHandler.SendAsync(HttpRequestMessage request, CancellationToken cancellationToken)
   at System.Net.Http.HttpClient.<SendAsync>g__Core|83_0(HttpRequestMessage request, HttpCompletionOption completionOption, CancellationTokenSource cts, Boolean disposeCts, CancellationTokenSource pendingRequestsCts, CancellationToken originalCancellationToken)
[2026-10-04 06:35:11Z ERR  BrokerServer] #####################################################
[2026-10-04 06:35:11Z ERR  BrokerServer] System.IO.IOException: Unable to read data from the transport connection: The I/O operation has been aborted because of either a thread exit or an application request..
 ---> System.Net.Sockets.SocketException (995): The I/O operation has been aborted because of either a thread exit or an application request.
   --- End of inner exception stack trace ---
   at System.Net.Sockets.Socket.AwaitableSocketAsyncEventArgs.ThrowException(SocketError error, CancellationToken cancellationToken)
   at System.Net.Sockets.Socket.AwaitableSocketAsyncEventArgs.System.Threading.Tasks.Sources.IValueTaskSource<System.Int32>.GetResult(Int16 token)
   at System.Net.Security.SslStream.EnsureFullTlsFrameAsync[TIOAdapter](CancellationToken cancellationToken, Int32 estimatedSize)
   at System.Runtime.CompilerServices.PoolingAsyncValueTaskMethodBuilder`1.StateMachineBox`1.System.Threading.Tasks.Sources.IValueTaskSource<TResult>.GetResult(Int16 token)
   at System.Net.Security.SslStream.ReadAsyncInternal[TIOAdapter](Memory`1 buffer, CancellationToken cancellationToken)
   at System.Runtime.CompilerServices.PoolingAsyncValueTaskMethodBuilder`1.StateMachineBox`1.System.Threading.Tasks.Sources.IValueTaskSource<TResult>.GetResult(Int16 token)
   at System.Net.Http.HttpConnection.SendAsync(HttpRequestMessage request, Boolean async, CancellationToken cancellationToken)
[2026-10-04 06:35:11Z ERR  BrokerServer] #####################################################
[2026-10-04 06:35:11Z ERR  BrokerServer] System.Net.Sockets.SocketException (995): The I/O operation has been aborted because of either a thread exit or an application request.
[2026-10-04 06:35:11Z WARN BrokerServer] Back off 12.98 seconds before next retry. 4 attempt left.
[2026-10-04 06:35:11Z INFO BrokerMessageListener] Get messages has been cancelled using local token source. Continue to get messages with new status.
[2026-10-04 06:35:12Z INFO BrokerMessageListener] Acknowledging runner request '1b59cc2d-b35f-59d5-9347-834112203ff3'.
[2026-10-04 06:35:12Z INFO ConfigurationStore] HasCredentials()
[2026-10-04 06:35:12Z INFO ConfigurationStore] stored True
[2026-10-04 06:35:12Z INFO CredentialManager] GetCredentialProvider
[2026-10-04 06:35:12Z INFO CredentialManager] Creating type OAuth
[2026-10-04 06:35:12Z INFO CredentialManager] Creating credential type: OAuth
[2026-10-04 06:35:12Z INFO RSAEncryptedFileKeyManager] Loading RSA key parameters from file C:\Users\chella\Desktop\devopsassignment\devops-assignment\actions-runner\.credentials_rsaparams
[2026-10-04 06:35:12Z INFO RSAEncryptedFileKeyManager] Loading RSA key parameters from file C:\Users\chella\Desktop\devopsassignment\devops-assignment\actions-runner\.credentials_rsaparams
[2026-10-04 06:35:12Z INFO RSAEncryptedFileKeyManager] Loading RSA key parameters from file C:\Users\chella\Desktop\devopsassignment\devops-assignment\actions-runner\.credentials_rsaparams
[2026-10-04 06:35:13Z INFO GitHubActionsService] AAD Correlation ID for this token request: Unknown
[2026-10-04 06:35:14Z INFO JobDispatcher] Job request 0 for plan 424d505d-f438-85ea-ad08-b8396b654f8e job 1b59cc2d-b35f-59d5-9347-834112203ff3 received.
[2026-10-04 06:35:14Z INFO JobDispatcher] Pull OrchestrationId 424d505d-f438-85ea-ad08-b8396b654f8e.trigger-jenkins.__default from JWT claims
[2026-10-04 06:35:14Z INFO BrokerMessageListener] Received job status event. JobState: Busy
[2026-10-04 06:35:14Z INFO BrokerMessageListener] _getMessagesTokenSource is already disposed.
[2026-10-04 06:35:14Z INFO JobDispatcher] Job request 51bb5be9-d7be-5f61-bb34-f0cc38ede107 processed succeed.
[2026-10-04 06:35:14Z INFO Terminal] WRITE LINE: 2026-10-04 06:35:14Z: Running job: trigger-jenkins
[2026-10-04 06:35:14Z INFO JobDispatcher] Start renew job request 0 for job 1b59cc2d-b35f-59d5-9347-834112203ff3.
[2026-10-04 06:35:15Z INFO JobDispatcher] Successfully renew job 1b59cc2d-b35f-59d5-9347-834112203ff3, job is valid till 04-10-2026 06:45:14
[2026-10-04 06:35:15Z INFO HostContext] Well known directory 'Bin': 'C:\Users\chella\Desktop\devopsassignment\devops-assignment\actions-runner\bin'
[2026-10-04 06:35:15Z INFO ProcessInvokerWrapper] Starting process:
[2026-10-04 06:35:15Z INFO ProcessInvokerWrapper]   File name: 'C:\Users\chella\Desktop\devopsassignment\devops-assignment\actions-runner\bin\Runner.Worker.exe'
[2026-10-04 06:35:15Z INFO ProcessInvokerWrapper]   Arguments: 'spawnclient 2228 2572'
[2026-10-04 06:35:15Z INFO ProcessInvokerWrapper]   Working directory: 'C:\Users\chella\Desktop\devopsassignment\devops-assignment\actions-runner\bin'
[2026-10-04 06:35:15Z INFO ProcessInvokerWrapper]   Require exit code zero: 'False'
[2026-10-04 06:35:15Z INFO ProcessInvokerWrapper]   Encoding web name:  ; code page: ''
[2026-10-04 06:35:15Z INFO ProcessInvokerWrapper]   Force kill process on cancellation: 'True'
[2026-10-04 06:35:15Z INFO ProcessInvokerWrapper]   Redirected STDIN: 'False'
[2026-10-04 06:35:15Z INFO ProcessInvokerWrapper]   Persist current code page: 'False'
[2026-10-04 06:35:15Z INFO ProcessInvokerWrapper]   Keep redirected STDIN open: 'False'
[2026-10-04 06:35:15Z INFO ProcessInvokerWrapper]   High priority process: 'True'
[2026-10-04 06:35:15Z INFO ProcessInvokerWrapper] Process started with process id 28112, waiting for process exit.
[2026-10-04 06:35:15Z INFO JobDispatcher] Send job request message to worker for job 1b59cc2d-b35f-59d5-9347-834112203ff3.
[2026-10-04 06:35:15Z INFO ProcessChannel] Sending message of length 24380, with hash '336b57f0640daab9931aa881fed68f9ce11276fafc40f24f1378855e22d4e5aa'
[2026-10-04 06:35:15Z INFO JobNotification] Entering JobStarted Notification
[2026-10-04 06:35:15Z INFO JobNotification] Entering StartMonitor
[2026-10-04 06:35:22Z INFO ProcessInvokerWrapper] STDOUT/STDERR stream read finished.
[2026-10-04 06:35:22Z INFO ProcessInvokerWrapper] STDOUT/STDERR stream read finished.
[2026-10-04 06:35:22Z INFO ProcessInvokerWrapper] Finished process 28112 with exit code 100, and elapsed time 00:00:07.6509356.
[2026-10-04 06:35:22Z INFO JobDispatcher] Worker finished for job 1b59cc2d-b35f-59d5-9347-834112203ff3. Code: 100
[2026-10-04 06:35:22Z INFO JobDispatcher] finish job request for job 1b59cc2d-b35f-59d5-9347-834112203ff3 with result: Succeeded
[2026-10-04 06:35:22Z INFO Terminal] WRITE LINE: 2026-10-04 06:35:22Z: Job trigger-jenkins completed with result: Succeeded
[2026-10-04 06:35:22Z INFO JobDispatcher] Stop renew job request for job 1b59cc2d-b35f-59d5-9347-834112203ff3.
[2026-10-04 06:35:22Z INFO JobDispatcher] job renew has been cancelled, stop renew job 1b59cc2d-b35f-59d5-9347-834112203ff3.
[2026-10-04 06:35:22Z INFO JobNotification] Entering JobCompleted Notification
[2026-10-04 06:35:22Z INFO JobNotification] Entering EndMonitor
[2026-10-04 06:35:22Z INFO BrokerMessageListener] Received job status event. JobState: Online
[2026-10-04 06:35:22Z WARN GitHubActionsService] GET request to https://broker.actions.githubusercontent.com/message?sessionId=9c7e4a5d-9004-49d6-ba65-3d40ca963388&status=Busy&runnerVersion=2.337.0&os=Windows&architecture=X64&disableUpdate=false has been cancelled.
[2026-10-04 06:35:22Z ERR  BrokerServer] Catch exception during request
[2026-10-04 06:35:22Z ERR  BrokerServer] System.Threading.Tasks.TaskCanceledException: The operation was canceled.
 ---> System.Threading.Tasks.TaskCanceledException: The operation was canceled.
 ---> System.IO.IOException: Unable to read data from the transport connection: The I/O operation has been aborted because of either a thread exit or an application request..
 ---> System.Net.Sockets.SocketException (995): The I/O operation has been aborted because of either a thread exit or an application request.
   --- End of inner exception stack trace ---
   at System.Net.Sockets.Socket.AwaitableSocketAsyncEventArgs.ThrowException(SocketError error, CancellationToken cancellationToken)
   at System.Net.Sockets.Socket.AwaitableSocketAsyncEventArgs.System.Threading.Tasks.Sources.IValueTaskSource<System.Int32>.GetResult(Int16 token)
   at System.Net.Security.SslStream.EnsureFullTlsFrameAsync[TIOAdapter](CancellationToken cancellationToken, Int32 estimatedSize)
   at System.Runtime.CompilerServices.PoolingAsyncValueTaskMethodBuilder`1.StateMachineBox`1.System.Threading.Tasks.Sources.IValueTaskSource<TResult>.GetResult(Int16 token)
   at System.Net.Security.SslStream.ReadAsyncInternal[TIOAdapter](Memory`1 buffer, CancellationToken cancellationToken)
   at System.Runtime.CompilerServices.PoolingAsyncValueTaskMethodBuilder`1.StateMachineBox`1.System.Threading.Tasks.Sources.IValueTaskSource<TResult>.GetResult(Int16 token)
   at System.Net.Http.HttpConnection.SendAsync(HttpRequestMessage request, Boolean async, CancellationToken cancellationToken)
   --- End of inner exception stack trace ---
   at System.Net.Http.HttpConnection.SendAsync(HttpRequestMessage request, Boolean async, CancellationToken cancellationToken)
   at System.Net.Http.AuthenticationHelper.SendWithNtAuthAsync(HttpRequestMessage request, Uri authUri, Boolean async, ICredentials credentials, Boolean isProxyAuth, HttpConnection connection, HttpConnectionPool connectionPool, CancellationToken cancellationToken)
   at System.Net.Http.HttpConnectionPool.SendWithVersionDetectionAndRetryAsync(HttpRequestMessage request, Boolean async, Boolean doRequestAuth, CancellationToken cancellationToken)
   at System.Net.Http.AuthenticationHelper.SendWithAuthAsync(HttpRequestMessage request, Uri authUri, Boolean async, ICredentials credentials, Boolean preAuthenticate, Boolean isProxyAuth, Boolean doRequestAuth, HttpConnectionPool pool, CancellationToken cancellationToken)
   at System.Net.Http.RedirectHandler.SendAsync(HttpRequestMessage request, Boolean async, CancellationToken cancellationToken)
   at GitHub.Services.Common.RawHttpMessageHandler.SendAsync(HttpRequestMessage request, CancellationToken cancellationToken)
   at GitHub.Services.Common.VssHttpRetryMessageHandler.SendAsync(HttpRequestMessage request, CancellationToken cancellationToken)
   at System.Net.Http.HttpClient.<SendAsync>g__Core|83_0(HttpRequestMessage request, HttpCompletionOption completionOption, CancellationTokenSource cts, Boolean disposeCts, CancellationTokenSource pendingRequestsCts, CancellationToken originalCancellationToken)
   --- End of inner exception stack trace ---
   at System.Net.Http.HttpClient.HandleFailure(Exception e, Boolean telemetryStarted, HttpResponseMessage response, CancellationTokenSource cts, CancellationToken cancellationToken, CancellationTokenSource pendingRequestsCts)
   at System.Net.Http.HttpClient.<SendAsync>g__Core|83_0(HttpRequestMessage request, HttpCompletionOption completionOption, CancellationTokenSource cts, Boolean disposeCts, CancellationTokenSource pendingRequestsCts, CancellationToken originalCancellationToken)
   at Sdk.WebApi.WebApi.RawHttpClientBase.SendAsync(HttpRequestMessage message, HttpCompletionOption completionOption, Object userState, CancellationToken cancellationToken)
   at Sdk.WebApi.WebApi.RawHttpClientBase.SendAsync[T](HttpRequestMessage message, Boolean readErrorBody, Object userState, CancellationToken cancellationToken)
   at Sdk.WebApi.WebApi.RawHttpClientBase.SendAsync[T](HttpMethod method, IEnumerable`1 additionalHeaders, Uri requestUri, HttpContent content, IEnumerable`1 queryParameters, Boolean readErrorBody, Object userState, CancellationToken cancellationToken)
   at GitHub.Actions.RunService.WebApi.BrokerHttpClient.GetRunnerMessageAsync(Nullable`1 sessionId, String runnerVersion, Nullable`1 status, String os, String architecture, Nullable`1 disableUpdate, CancellationToken cancellationToken)
   at GitHub.Runner.Common.BrokerServer.<>c__DisplayClass7_0.<<GetRunnerMessageAsync>b__0>d.MoveNext()
--- End of stack trace from previous location ---
   at GitHub.Runner.Common.RunnerService.RetryRequest[T](Func`1 func, CancellationToken cancellationToken, Int32 maxAttempts, Func`2 shouldRetry)
[2026-10-04 06:35:22Z ERR  BrokerServer] #####################################################
[2026-10-04 06:35:22Z ERR  BrokerServer] System.Threading.Tasks.TaskCanceledException: The operation was canceled.
 ---> System.IO.IOException: Unable to read data from the transport connection: The I/O operation has been aborted because of either a thread exit or an application request..
 ---> System.Net.Sockets.SocketException (995): The I/O operation has been aborted because of either a thread exit or an application request.
   --- End of inner exception stack trace ---
   at System.Net.Sockets.Socket.AwaitableSocketAsyncEventArgs.ThrowException(SocketError error, CancellationToken cancellationToken)
   at System.Net.Sockets.Socket.AwaitableSocketAsyncEventArgs.System.Threading.Tasks.Sources.IValueTaskSource<System.Int32>.GetResult(Int16 token)
   at System.Net.Security.SslStream.EnsureFullTlsFrameAsync[TIOAdapter](CancellationToken cancellationToken, Int32 estimatedSize)
   at System.Runtime.CompilerServices.PoolingAsyncValueTaskMethodBuilder`1.StateMachineBox`1.System.Threading.Tasks.Sources.IValueTaskSource<TResult>.GetResult(Int16 token)
   at System.Net.Security.SslStream.ReadAsyncInternal[TIOAdapter](Memory`1 buffer, CancellationToken cancellationToken)
   at System.Runtime.CompilerServices.PoolingAsyncValueTaskMethodBuilder`1.StateMachineBox`1.System.Threading.Tasks.Sources.IValueTaskSource<TResult>.GetResult(Int16 token)
   at System.Net.Http.HttpConnection.SendAsync(HttpRequestMessage request, Boolean async, CancellationToken cancellationToken)
   --- End of inner exception stack trace ---
   at System.Net.Http.HttpConnection.SendAsync(HttpRequestMessage request, Boolean async, CancellationToken cancellationToken)
   at System.Net.Http.AuthenticationHelper.SendWithNtAuthAsync(HttpRequestMessage request, Uri authUri, Boolean async, ICredentials credentials, Boolean isProxyAuth, HttpConnection connection, HttpConnectionPool connectionPool, CancellationToken cancellationToken)
   at System.Net.Http.HttpConnectionPool.SendWithVersionDetectionAndRetryAsync(HttpRequestMessage request, Boolean async, Boolean doRequestAuth, CancellationToken cancellationToken)
   at System.Net.Http.AuthenticationHelper.SendWithAuthAsync(HttpRequestMessage request, Uri authUri, Boolean async, ICredentials credentials, Boolean preAuthenticate, Boolean isProxyAuth, Boolean doRequestAuth, HttpConnectionPool pool, CancellationToken cancellationToken)
   at System.Net.Http.RedirectHandler.SendAsync(HttpRequestMessage request, Boolean async, CancellationToken cancellationToken)
   at GitHub.Services.Common.RawHttpMessageHandler.SendAsync(HttpRequestMessage request, CancellationToken cancellationToken)
   at GitHub.Services.Common.VssHttpRetryMessageHandler.SendAsync(HttpRequestMessage request, CancellationToken cancellationToken)
   at System.Net.Http.HttpClient.<SendAsync>g__Core|83_0(HttpRequestMessage request, HttpCompletionOption completionOption, CancellationTokenSource cts, Boolean disposeCts, CancellationTokenSource pendingRequestsCts, CancellationToken originalCancellationToken)
[2026-10-04 06:35:22Z ERR  BrokerServer] #####################################################
[2026-10-04 06:35:22Z ERR  BrokerServer] System.IO.IOException: Unable to read data from the transport connection: The I/O operation has been aborted because of either a thread exit or an application request..
 ---> System.Net.Sockets.SocketException (995): The I/O operation has been aborted because of either a thread exit or an application request.
   --- End of inner exception stack trace ---
   at System.Net.Sockets.Socket.AwaitableSocketAsyncEventArgs.ThrowException(SocketError error, CancellationToken cancellationToken)
   at System.Net.Sockets.Socket.AwaitableSocketAsyncEventArgs.System.Threading.Tasks.Sources.IValueTaskSource<System.Int32>.GetResult(Int16 token)
   at System.Net.Security.SslStream.EnsureFullTlsFrameAsync[TIOAdapter](CancellationToken cancellationToken, Int32 estimatedSize)
   at System.Runtime.CompilerServices.PoolingAsyncValueTaskMethodBuilder`1.StateMachineBox`1.System.Threading.Tasks.Sources.IValueTaskSource<TResult>.GetResult(Int16 token)
   at System.Net.Security.SslStream.ReadAsyncInternal[TIOAdapter](Memory`1 buffer, CancellationToken cancellationToken)
   at System.Runtime.CompilerServices.PoolingAsyncValueTaskMethodBuilder`1.StateMachineBox`1.System.Threading.Tasks.Sources.IValueTaskSource<TResult>.GetResult(Int16 token)
   at System.Net.Http.HttpConnection.SendAsync(HttpRequestMessage request, Boolean async, CancellationToken cancellationToken)
[2026-10-04 06:35:22Z ERR  BrokerServer] #####################################################
[2026-10-04 06:35:22Z ERR  BrokerServer] System.Net.Sockets.SocketException (995): The I/O operation has been aborted because of either a thread exit or an application request.
[2026-10-04 06:35:22Z WARN BrokerServer] Back off 7.487 seconds before next retry. 4 attempt left.
[2026-10-04 06:35:22Z INFO BrokerMessageListener] Get messages has been cancelled using local token source. Continue to get messages with new status.
[2026-10-04 06:39:34Z INFO BrokerMessageListener] Acknowledging runner request 'd1d8b0c6-a19e-5769-94dc-d5e474a87022'.
[2026-10-04 06:39:34Z INFO ConfigurationStore] HasCredentials()
[2026-10-04 06:39:34Z INFO ConfigurationStore] stored True
[2026-10-04 06:39:34Z INFO CredentialManager] GetCredentialProvider
[2026-10-04 06:39:34Z INFO CredentialManager] Creating type OAuth
[2026-10-04 06:39:34Z INFO CredentialManager] Creating credential type: OAuth
[2026-10-04 06:39:34Z INFO RSAEncryptedFileKeyManager] Loading RSA key parameters from file C:\Users\chella\Desktop\devopsassignment\devops-assignment\actions-runner\.credentials_rsaparams
[2026-10-04 06:39:34Z INFO RSAEncryptedFileKeyManager] Loading RSA key parameters from file C:\Users\chella\Desktop\devopsassignment\devops-assignment\actions-runner\.credentials_rsaparams
[2026-10-04 06:39:34Z INFO RSAEncryptedFileKeyManager] Loading RSA key parameters from file C:\Users\chella\Desktop\devopsassignment\devops-assignment\actions-runner\.credentials_rsaparams
[2026-10-04 06:39:35Z INFO GitHubActionsService] AAD Correlation ID for this token request: Unknown
[2026-10-04 06:39:36Z INFO JobDispatcher] Job request 0 for plan 356be43e-83a9-8f43-b3b0-84c6d3a5d905 job d1d8b0c6-a19e-5769-94dc-d5e474a87022 received.
[2026-10-04 06:39:36Z INFO JobDispatcher] Pull OrchestrationId 356be43e-83a9-8f43-b3b0-84c6d3a5d905.trigger-jenkins.__default from JWT claims
[2026-10-04 06:39:36Z INFO BrokerMessageListener] Received job status event. JobState: Busy
[2026-10-04 06:39:36Z INFO BrokerMessageListener] _getMessagesTokenSource is already disposed.
[2026-10-04 06:39:36Z INFO JobDispatcher] Job request 1b59cc2d-b35f-59d5-9347-834112203ff3 processed succeed.
[2026-10-04 06:39:36Z INFO Terminal] WRITE LINE: 2026-10-04 06:39:36Z: Running job: Trigger Jenkins Pipeline
[2026-10-04 06:39:36Z INFO JobDispatcher] Start renew job request 0 for job d1d8b0c6-a19e-5769-94dc-d5e474a87022.
[2026-10-04 06:39:37Z INFO JobDispatcher] Successfully renew job d1d8b0c6-a19e-5769-94dc-d5e474a87022, job is valid till 04-10-2026 06:49:36
[2026-10-04 06:39:37Z INFO HostContext] Well known directory 'Bin': 'C:\Users\chella\Desktop\devopsassignment\devops-assignment\actions-runner\bin'
[2026-10-04 06:39:37Z INFO ProcessInvokerWrapper] Starting process:
[2026-10-04 06:39:37Z INFO ProcessInvokerWrapper]   File name: 'C:\Users\chella\Desktop\devopsassignment\devops-assignment\actions-runner\bin\Runner.Worker.exe'
[2026-10-04 06:39:37Z INFO ProcessInvokerWrapper]   Arguments: 'spawnclient 600 1440'
[2026-10-04 06:39:37Z INFO ProcessInvokerWrapper]   Working directory: 'C:\Users\chella\Desktop\devopsassignment\devops-assignment\actions-runner\bin'
[2026-10-04 06:39:37Z INFO ProcessInvokerWrapper]   Require exit code zero: 'False'
[2026-10-04 06:39:37Z INFO ProcessInvokerWrapper]   Encoding web name:  ; code page: ''
[2026-10-04 06:39:37Z INFO ProcessInvokerWrapper]   Force kill process on cancellation: 'True'
[2026-10-04 06:39:37Z INFO ProcessInvokerWrapper]   Redirected STDIN: 'False'
[2026-10-04 06:39:37Z INFO ProcessInvokerWrapper]   Persist current code page: 'False'
[2026-10-04 06:39:37Z INFO ProcessInvokerWrapper]   Keep redirected STDIN open: 'False'
[2026-10-04 06:39:37Z INFO ProcessInvokerWrapper]   High priority process: 'True'
[2026-10-04 06:39:37Z INFO ProcessInvokerWrapper] Process started with process id 8072, waiting for process exit.
[2026-10-04 06:39:37Z INFO JobDispatcher] Send job request message to worker for job d1d8b0c6-a19e-5769-94dc-d5e474a87022.
[2026-10-04 06:39:37Z INFO ProcessChannel] Sending message of length 24344, with hash '36f28ea82f6e9754a9f381e9772c8c99c0c51344fa68ee6ca7d8309a9618b9ea'
[2026-10-04 06:39:37Z INFO JobNotification] Entering JobStarted Notification
[2026-10-04 06:39:37Z INFO JobNotification] Entering StartMonitor
[2026-10-04 06:39:45Z INFO ProcessInvokerWrapper] STDOUT/STDERR stream read finished.
[2026-10-04 06:39:45Z INFO ProcessInvokerWrapper] STDOUT/STDERR stream read finished.
[2026-10-04 06:39:45Z INFO ProcessInvokerWrapper] Finished process 8072 with exit code 100, and elapsed time 00:00:08.4973334.
[2026-10-04 06:39:45Z INFO JobDispatcher] Worker finished for job d1d8b0c6-a19e-5769-94dc-d5e474a87022. Code: 100
[2026-10-04 06:39:45Z INFO JobDispatcher] finish job request for job d1d8b0c6-a19e-5769-94dc-d5e474a87022 with result: Succeeded
[2026-10-04 06:39:45Z INFO Terminal] WRITE LINE: 2026-10-04 06:39:45Z: Job Trigger Jenkins Pipeline completed with result: Succeeded
[2026-10-04 06:39:45Z INFO JobDispatcher] Stop renew job request for job d1d8b0c6-a19e-5769-94dc-d5e474a87022.
[2026-10-04 06:39:45Z INFO JobDispatcher] job renew has been cancelled, stop renew job d1d8b0c6-a19e-5769-94dc-d5e474a87022.
[2026-10-04 06:39:45Z INFO JobNotification] Entering JobCompleted Notification
[2026-10-04 06:39:45Z INFO JobNotification] Entering EndMonitor
[2026-10-04 06:39:45Z INFO BrokerMessageListener] Received job status event. JobState: Online
[2026-10-04 06:39:45Z WARN GitHubActionsService] GET request to https://broker.actions.githubusercontent.com/message?sessionId=9c7e4a5d-9004-49d6-ba65-3d40ca963388&status=Busy&runnerVersion=2.337.0&os=Windows&architecture=X64&disableUpdate=false has been cancelled.
[2026-10-04 06:39:45Z ERR  BrokerServer] Catch exception during request
[2026-10-04 06:39:45Z ERR  BrokerServer] System.Threading.Tasks.TaskCanceledException: The operation was canceled.
 ---> System.Threading.Tasks.TaskCanceledException: The operation was canceled.
 ---> System.IO.IOException: Unable to read data from the transport connection: The I/O operation has been aborted because of either a thread exit or an application request..
 ---> System.Net.Sockets.SocketException (995): The I/O operation has been aborted because of either a thread exit or an application request.
   --- End of inner exception stack trace ---
   at System.Net.Sockets.Socket.AwaitableSocketAsyncEventArgs.ThrowException(SocketError error, CancellationToken cancellationToken)
   at System.Net.Sockets.Socket.AwaitableSocketAsyncEventArgs.System.Threading.Tasks.Sources.IValueTaskSource<System.Int32>.GetResult(Int16 token)
   at System.Net.Security.SslStream.EnsureFullTlsFrameAsync[TIOAdapter](CancellationToken cancellationToken, Int32 estimatedSize)
   at System.Runtime.CompilerServices.PoolingAsyncValueTaskMethodBuilder`1.StateMachineBox`1.System.Threading.Tasks.Sources.IValueTaskSource<TResult>.GetResult(Int16 token)
   at System.Net.Security.SslStream.ReadAsyncInternal[TIOAdapter](Memory`1 buffer, CancellationToken cancellationToken)
   at System.Runtime.CompilerServices.PoolingAsyncValueTaskMethodBuilder`1.StateMachineBox`1.System.Threading.Tasks.Sources.IValueTaskSource<TResult>.GetResult(Int16 token)
   at System.Net.Http.HttpConnection.SendAsync(HttpRequestMessage request, Boolean async, CancellationToken cancellationToken)
   --- End of inner exception stack trace ---
   at System.Net.Http.HttpConnection.SendAsync(HttpRequestMessage request, Boolean async, CancellationToken cancellationToken)
   at System.Net.Http.AuthenticationHelper.SendWithNtAuthAsync(HttpRequestMessage request, Uri authUri, Boolean async, ICredentials credentials, Boolean isProxyAuth, HttpConnection connection, HttpConnectionPool connectionPool, CancellationToken cancellationToken)
   at System.Net.Http.HttpConnectionPool.SendWithVersionDetectionAndRetryAsync(HttpRequestMessage request, Boolean async, Boolean doRequestAuth, CancellationToken cancellationToken)
   at System.Net.Http.AuthenticationHelper.SendWithAuthAsync(HttpRequestMessage request, Uri authUri, Boolean async, ICredentials credentials, Boolean preAuthenticate, Boolean isProxyAuth, Boolean doRequestAuth, HttpConnectionPool pool, CancellationToken cancellationToken)
   at System.Net.Http.RedirectHandler.SendAsync(HttpRequestMessage request, Boolean async, CancellationToken cancellationToken)
   at GitHub.Services.Common.RawHttpMessageHandler.SendAsync(HttpRequestMessage request, CancellationToken cancellationToken)
   at GitHub.Services.Common.VssHttpRetryMessageHandler.SendAsync(HttpRequestMessage request, CancellationToken cancellationToken)
   at System.Net.Http.HttpClient.<SendAsync>g__Core|83_0(HttpRequestMessage request, HttpCompletionOption completionOption, CancellationTokenSource cts, Boolean disposeCts, CancellationTokenSource pendingRequestsCts, CancellationToken originalCancellationToken)
   --- End of inner exception stack trace ---
   at System.Net.Http.HttpClient.HandleFailure(Exception e, Boolean telemetryStarted, HttpResponseMessage response, CancellationTokenSource cts, CancellationToken cancellationToken, CancellationTokenSource pendingRequestsCts)
   at System.Net.Http.HttpClient.<SendAsync>g__Core|83_0(HttpRequestMessage request, HttpCompletionOption completionOption, CancellationTokenSource cts, Boolean disposeCts, CancellationTokenSource pendingRequestsCts, CancellationToken originalCancellationToken)
   at Sdk.WebApi.WebApi.RawHttpClientBase.SendAsync(HttpRequestMessage message, HttpCompletionOption completionOption, Object userState, CancellationToken cancellationToken)
   at Sdk.WebApi.WebApi.RawHttpClientBase.SendAsync[T](HttpRequestMessage message, Boolean readErrorBody, Object userState, CancellationToken cancellationToken)
   at Sdk.WebApi.WebApi.RawHttpClientBase.SendAsync[T](HttpMethod method, IEnumerable`1 additionalHeaders, Uri requestUri, HttpContent content, IEnumerable`1 queryParameters, Boolean readErrorBody, Object userState, CancellationToken cancellationToken)
   at GitHub.Actions.RunService.WebApi.BrokerHttpClient.GetRunnerMessageAsync(Nullable`1 sessionId, String runnerVersion, Nullable`1 status, String os, String architecture, Nullable`1 disableUpdate, CancellationToken cancellationToken)
   at GitHub.Runner.Common.BrokerServer.<>c__DisplayClass7_0.<<GetRunnerMessageAsync>b__0>d.MoveNext()
--- End of stack trace from previous location ---
   at GitHub.Runner.Common.RunnerService.RetryRequest[T](Func`1 func, CancellationToken cancellationToken, Int32 maxAttempts, Func`2 shouldRetry)
[2026-10-04 06:39:45Z ERR  BrokerServer] #####################################################
[2026-10-04 06:39:45Z ERR  BrokerServer] System.Threading.Tasks.TaskCanceledException: The operation was canceled.
 ---> System.IO.IOException: Unable to read data from the transport connection: The I/O operation has been aborted because of either a thread exit or an application request..
 ---> System.Net.Sockets.SocketException (995): The I/O operation has been aborted because of either a thread exit or an application request.
   --- End of inner exception stack trace ---
   at System.Net.Sockets.Socket.AwaitableSocketAsyncEventArgs.ThrowException(SocketError error, CancellationToken cancellationToken)
   at System.Net.Sockets.Socket.AwaitableSocketAsyncEventArgs.System.Threading.Tasks.Sources.IValueTaskSource<System.Int32>.GetResult(Int16 token)
   at System.Net.Security.SslStream.EnsureFullTlsFrameAsync[TIOAdapter](CancellationToken cancellationToken, Int32 estimatedSize)
   at System.Runtime.CompilerServices.PoolingAsyncValueTaskMethodBuilder`1.StateMachineBox`1.System.Threading.Tasks.Sources.IValueTaskSource<TResult>.GetResult(Int16 token)
   at System.Net.Security.SslStream.ReadAsyncInternal[TIOAdapter](Memory`1 buffer, CancellationToken cancellationToken)
   at System.Runtime.CompilerServices.PoolingAsyncValueTaskMethodBuilder`1.StateMachineBox`1.System.Threading.Tasks.Sources.IValueTaskSource<TResult>.GetResult(Int16 token)
   at System.Net.Http.HttpConnection.SendAsync(HttpRequestMessage request, Boolean async, CancellationToken cancellationToken)
   --- End of inner exception stack trace ---
   at System.Net.Http.HttpConnection.SendAsync(HttpRequestMessage request, Boolean async, CancellationToken cancellationToken)
   at System.Net.Http.AuthenticationHelper.SendWithNtAuthAsync(HttpRequestMessage request, Uri authUri, Boolean async, ICredentials credentials, Boolean isProxyAuth, HttpConnection connection, HttpConnectionPool connectionPool, CancellationToken cancellationToken)
   at System.Net.Http.HttpConnectionPool.SendWithVersionDetectionAndRetryAsync(HttpRequestMessage request, Boolean async, Boolean doRequestAuth, CancellationToken cancellationToken)
   at System.Net.Http.AuthenticationHelper.SendWithAuthAsync(HttpRequestMessage request, Uri authUri, Boolean async, ICredentials credentials, Boolean preAuthenticate, Boolean isProxyAuth, Boolean doRequestAuth, HttpConnectionPool pool, CancellationToken cancellationToken)
   at System.Net.Http.RedirectHandler.SendAsync(HttpRequestMessage request, Boolean async, CancellationToken cancellationToken)
   at GitHub.Services.Common.RawHttpMessageHandler.SendAsync(HttpRequestMessage request, CancellationToken cancellationToken)
   at GitHub.Services.Common.VssHttpRetryMessageHandler.SendAsync(HttpRequestMessage request, CancellationToken cancellationToken)
   at System.Net.Http.HttpClient.<SendAsync>g__Core|83_0(HttpRequestMessage request, HttpCompletionOption completionOption, CancellationTokenSource cts, Boolean disposeCts, CancellationTokenSource pendingRequestsCts, CancellationToken originalCancellationToken)
[2026-10-04 06:39:45Z ERR  BrokerServer] #####################################################
[2026-10-04 06:39:45Z ERR  BrokerServer] System.IO.IOException: Unable to read data from the transport connection: The I/O operation has been aborted because of either a thread exit or an application request..
 ---> System.Net.Sockets.SocketException (995): The I/O operation has been aborted because of either a thread exit or an application request.
   --- End of inner exception stack trace ---
   at System.Net.Sockets.Socket.AwaitableSocketAsyncEventArgs.ThrowException(SocketError error, CancellationToken cancellationToken)
   at System.Net.Sockets.Socket.AwaitableSocketAsyncEventArgs.System.Threading.Tasks.Sources.IValueTaskSource<System.Int32>.GetResult(Int16 token)
   at System.Net.Security.SslStream.EnsureFullTlsFrameAsync[TIOAdapter](CancellationToken cancellationToken, Int32 estimatedSize)
   at System.Runtime.CompilerServices.PoolingAsyncValueTaskMethodBuilder`1.StateMachineBox`1.System.Threading.Tasks.Sources.IValueTaskSource<TResult>.GetResult(Int16 token)
   at System.Net.Security.SslStream.ReadAsyncInternal[TIOAdapter](Memory`1 buffer, CancellationToken cancellationToken)
   at System.Runtime.CompilerServices.PoolingAsyncValueTaskMethodBuilder`1.StateMachineBox`1.System.Threading.Tasks.Sources.IValueTaskSource<TResult>.GetResult(Int16 token)
   at System.Net.Http.HttpConnection.SendAsync(HttpRequestMessage request, Boolean async, CancellationToken cancellationToken)
[2026-10-04 06:39:45Z ERR  BrokerServer] #####################################################
[2026-10-04 06:39:45Z ERR  BrokerServer] System.Net.Sockets.SocketException (995): The I/O operation has been aborted because of either a thread exit or an application request.
[2026-10-04 06:39:45Z WARN BrokerServer] Back off 12.207 seconds before next retry. 4 attempt left.
[2026-10-04 06:39:45Z INFO BrokerMessageListener] Get messages has been cancelled using local token source. Continue to get messages with new status.
[2026-10-04 06:39:46Z INFO BrokerMessageListener] Acknowledging runner request '3d594784-3408-54cf-b9a9-d6ea468c6c0e'.
[2026-10-04 06:39:46Z INFO ConfigurationStore] HasCredentials()
[2026-10-04 06:39:46Z INFO ConfigurationStore] stored True
[2026-10-04 06:39:46Z INFO CredentialManager] GetCredentialProvider
[2026-10-04 06:39:46Z INFO CredentialManager] Creating type OAuth
[2026-10-04 06:39:46Z INFO CredentialManager] Creating credential type: OAuth
[2026-10-04 06:39:46Z INFO RSAEncryptedFileKeyManager] Loading RSA key parameters from file C:\Users\chella\Desktop\devopsassignment\devops-assignment\actions-runner\.credentials_rsaparams
[2026-10-04 06:39:46Z INFO RSAEncryptedFileKeyManager] Loading RSA key parameters from file C:\Users\chella\Desktop\devopsassignment\devops-assignment\actions-runner\.credentials_rsaparams
[2026-10-04 06:39:46Z INFO RSAEncryptedFileKeyManager] Loading RSA key parameters from file C:\Users\chella\Desktop\devopsassignment\devops-assignment\actions-runner\.credentials_rsaparams
[2026-10-04 06:39:47Z INFO GitHubActionsService] AAD Correlation ID for this token request: Unknown
[2026-10-04 06:39:48Z INFO JobDispatcher] Job request 0 for plan 13642724-e1c6-8a09-a320-f0ee6f81df0d job 3d594784-3408-54cf-b9a9-d6ea468c6c0e received.
[2026-10-04 06:39:48Z INFO JobDispatcher] Pull OrchestrationId 13642724-e1c6-8a09-a320-f0ee6f81df0d.trigger-jenkins.__default from JWT claims
[2026-10-04 06:39:48Z INFO BrokerMessageListener] Received job status event. JobState: Busy
[2026-10-04 06:39:48Z INFO BrokerMessageListener] _getMessagesTokenSource is already disposed.
[2026-10-04 06:39:48Z INFO JobDispatcher] Job request d1d8b0c6-a19e-5769-94dc-d5e474a87022 processed succeed.
[2026-10-04 06:39:48Z INFO Terminal] WRITE LINE: 2026-10-04 06:39:48Z: Running job: trigger-jenkins
[2026-10-04 06:39:48Z INFO JobDispatcher] Start renew job request 0 for job 3d594784-3408-54cf-b9a9-d6ea468c6c0e.
[2026-10-04 06:39:49Z INFO JobDispatcher] Successfully renew job 3d594784-3408-54cf-b9a9-d6ea468c6c0e, job is valid till 04-10-2026 06:49:48
[2026-10-04 06:39:49Z INFO HostContext] Well known directory 'Bin': 'C:\Users\chella\Desktop\devopsassignment\devops-assignment\actions-runner\bin'
[2026-10-04 06:39:49Z INFO ProcessInvokerWrapper] Starting process:
[2026-10-04 06:39:49Z INFO ProcessInvokerWrapper]   File name: 'C:\Users\chella\Desktop\devopsassignment\devops-assignment\actions-runner\bin\Runner.Worker.exe'
[2026-10-04 06:39:49Z INFO ProcessInvokerWrapper]   Arguments: 'spawnclient 2628 2336'
[2026-10-04 06:39:49Z INFO ProcessInvokerWrapper]   Working directory: 'C:\Users\chella\Desktop\devopsassignment\devops-assignment\actions-runner\bin'
[2026-10-04 06:39:49Z INFO ProcessInvokerWrapper]   Require exit code zero: 'False'
[2026-10-04 06:39:49Z INFO ProcessInvokerWrapper]   Encoding web name:  ; code page: ''
[2026-10-04 06:39:49Z INFO ProcessInvokerWrapper]   Force kill process on cancellation: 'True'
[2026-10-04 06:39:49Z INFO ProcessInvokerWrapper]   Redirected STDIN: 'False'
[2026-10-04 06:39:49Z INFO ProcessInvokerWrapper]   Persist current code page: 'False'
[2026-10-04 06:39:49Z INFO ProcessInvokerWrapper]   Keep redirected STDIN open: 'False'
[2026-10-04 06:39:49Z INFO ProcessInvokerWrapper]   High priority process: 'True'
[2026-10-04 06:39:49Z INFO ProcessInvokerWrapper] Process started with process id 28760, waiting for process exit.
[2026-10-04 06:39:49Z INFO JobDispatcher] Send job request message to worker for job 3d594784-3408-54cf-b9a9-d6ea468c6c0e.
[2026-10-04 06:39:49Z INFO ProcessChannel] Sending message of length 24379, with hash '26b46651e86886892ed729db10f510e5542de8a94fd5e94d30b6b202b903e15e'
[2026-10-04 06:39:49Z INFO JobNotification] Entering JobStarted Notification
[2026-10-04 06:39:49Z INFO JobNotification] Entering StartMonitor
[2026-10-04 06:39:57Z INFO ProcessInvokerWrapper] STDOUT/STDERR stream read finished.
[2026-10-04 06:39:57Z INFO ProcessInvokerWrapper] STDOUT/STDERR stream read finished.
[2026-10-04 06:39:57Z INFO ProcessInvokerWrapper] Finished process 28760 with exit code 100, and elapsed time 00:00:08.1569041.
[2026-10-04 06:39:57Z INFO JobDispatcher] Worker finished for job 3d594784-3408-54cf-b9a9-d6ea468c6c0e. Code: 100
[2026-10-04 06:39:57Z INFO JobDispatcher] finish job request for job 3d594784-3408-54cf-b9a9-d6ea468c6c0e with result: Succeeded
[2026-10-04 06:39:57Z INFO Terminal] WRITE LINE: 2026-10-04 06:39:57Z: Job trigger-jenkins completed with result: Succeeded
[2026-10-04 06:39:57Z INFO JobDispatcher] Stop renew job request for job 3d594784-3408-54cf-b9a9-d6ea468c6c0e.
[2026-10-04 06:39:57Z INFO JobDispatcher] job renew has been cancelled, stop renew job 3d594784-3408-54cf-b9a9-d6ea468c6c0e.
[2026-10-04 06:39:57Z INFO JobNotification] Entering JobCompleted Notification
[2026-10-04 06:39:57Z INFO JobNotification] Entering EndMonitor
[2026-10-04 06:39:57Z INFO BrokerMessageListener] Received job status event. JobState: Online
[2026-10-04 06:39:57Z WARN GitHubActionsService] GET request to https://broker.actions.githubusercontent.com/message?sessionId=9c7e4a5d-9004-49d6-ba65-3d40ca963388&status=Busy&runnerVersion=2.337.0&os=Windows&architecture=X64&disableUpdate=false has been cancelled.
[2026-10-04 06:39:57Z ERR  BrokerServer] Catch exception during request
[2026-10-04 06:39:57Z ERR  BrokerServer] System.Threading.Tasks.TaskCanceledException: The operation was canceled.
 ---> System.Threading.Tasks.TaskCanceledException: The operation was canceled.
 ---> System.IO.IOException: Unable to read data from the transport connection: The I/O operation has been aborted because of either a thread exit or an application request..
 ---> System.Net.Sockets.SocketException (995): The I/O operation has been aborted because of either a thread exit or an application request.
   --- End of inner exception stack trace ---
   at System.Net.Sockets.Socket.AwaitableSocketAsyncEventArgs.ThrowException(SocketError error, CancellationToken cancellationToken)
   at System.Net.Sockets.Socket.AwaitableSocketAsyncEventArgs.System.Threading.Tasks.Sources.IValueTaskSource<System.Int32>.GetResult(Int16 token)
   at System.Net.Security.SslStream.EnsureFullTlsFrameAsync[TIOAdapter](CancellationToken cancellationToken, Int32 estimatedSize)
   at System.Runtime.CompilerServices.PoolingAsyncValueTaskMethodBuilder`1.StateMachineBox`1.System.Threading.Tasks.Sources.IValueTaskSource<TResult>.GetResult(Int16 token)
   at System.Net.Security.SslStream.ReadAsyncInternal[TIOAdapter](Memory`1 buffer, CancellationToken cancellationToken)
   at System.Runtime.CompilerServices.PoolingAsyncValueTaskMethodBuilder`1.StateMachineBox`1.System.Threading.Tasks.Sources.IValueTaskSource<TResult>.GetResult(Int16 token)
   at System.Net.Http.HttpConnection.SendAsync(HttpRequestMessage request, Boolean async, CancellationToken cancellationToken)
   --- End of inner exception stack trace ---
   at System.Net.Http.HttpConnection.SendAsync(HttpRequestMessage request, Boolean async, CancellationToken cancellationToken)
   at System.Net.Http.AuthenticationHelper.SendWithNtAuthAsync(HttpRequestMessage request, Uri authUri, Boolean async, ICredentials credentials, Boolean isProxyAuth, HttpConnection connection, HttpConnectionPool connectionPool, CancellationToken cancellationToken)
   at System.Net.Http.HttpConnectionPool.SendWithVersionDetectionAndRetryAsync(HttpRequestMessage request, Boolean async, Boolean doRequestAuth, CancellationToken cancellationToken)
   at System.Net.Http.AuthenticationHelper.SendWithAuthAsync(HttpRequestMessage request, Uri authUri, Boolean async, ICredentials credentials, Boolean preAuthenticate, Boolean isProxyAuth, Boolean doRequestAuth, HttpConnectionPool pool, CancellationToken cancellationToken)
   at System.Net.Http.RedirectHandler.SendAsync(HttpRequestMessage request, Boolean async, CancellationToken cancellationToken)
   at GitHub.Services.Common.RawHttpMessageHandler.SendAsync(HttpRequestMessage request, CancellationToken cancellationToken)
   at GitHub.Services.Common.VssHttpRetryMessageHandler.SendAsync(HttpRequestMessage request, CancellationToken cancellationToken)
   at System.Net.Http.HttpClient.<SendAsync>g__Core|83_0(HttpRequestMessage request, HttpCompletionOption completionOption, CancellationTokenSource cts, Boolean disposeCts, CancellationTokenSource pendingRequestsCts, CancellationToken originalCancellationToken)
   --- End of inner exception stack trace ---
   at System.Net.Http.HttpClient.HandleFailure(Exception e, Boolean telemetryStarted, HttpResponseMessage response, CancellationTokenSource cts, CancellationToken cancellationToken, CancellationTokenSource pendingRequestsCts)
   at System.Net.Http.HttpClient.<SendAsync>g__Core|83_0(HttpRequestMessage request, HttpCompletionOption completionOption, CancellationTokenSource cts, Boolean disposeCts, CancellationTokenSource pendingRequestsCts, CancellationToken originalCancellationToken)
   at Sdk.WebApi.WebApi.RawHttpClientBase.SendAsync(HttpRequestMessage message, HttpCompletionOption completionOption, Object userState, CancellationToken cancellationToken)
   at Sdk.WebApi.WebApi.RawHttpClientBase.SendAsync[T](HttpRequestMessage message, Boolean readErrorBody, Object userState, CancellationToken cancellationToken)
   at Sdk.WebApi.WebApi.RawHttpClientBase.SendAsync[T](HttpMethod method, IEnumerable`1 additionalHeaders, Uri requestUri, HttpContent content, IEnumerable`1 queryParameters, Boolean readErrorBody, Object userState, CancellationToken cancellationToken)
   at GitHub.Actions.RunService.WebApi.BrokerHttpClient.GetRunnerMessageAsync(Nullable`1 sessionId, String runnerVersion, Nullable`1 status, String os, String architecture, Nullable`1 disableUpdate, CancellationToken cancellationToken)
   at GitHub.Runner.Common.BrokerServer.<>c__DisplayClass7_0.<<GetRunnerMessageAsync>b__0>d.MoveNext()
--- End of stack trace from previous location ---
   at GitHub.Runner.Common.RunnerService.RetryRequest[T](Func`1 func, CancellationToken cancellationToken, Int32 maxAttempts, Func`2 shouldRetry)
[2026-10-04 06:39:57Z ERR  BrokerServer] #####################################################
[2026-10-04 06:39:57Z ERR  BrokerServer] System.Threading.Tasks.TaskCanceledException: The operation was canceled.
 ---> System.IO.IOException: Unable to read data from the transport connection: The I/O operation has been aborted because of either a thread exit or an application request..
 ---> System.Net.Sockets.SocketException (995): The I/O operation has been aborted because of either a thread exit or an application request.
   --- End of inner exception stack trace ---
   at System.Net.Sockets.Socket.AwaitableSocketAsyncEventArgs.ThrowException(SocketError error, CancellationToken cancellationToken)
   at System.Net.Sockets.Socket.AwaitableSocketAsyncEventArgs.System.Threading.Tasks.Sources.IValueTaskSource<System.Int32>.GetResult(Int16 token)
   at System.Net.Security.SslStream.EnsureFullTlsFrameAsync[TIOAdapter](CancellationToken cancellationToken, Int32 estimatedSize)
   at System.Runtime.CompilerServices.PoolingAsyncValueTaskMethodBuilder`1.StateMachineBox`1.System.Threading.Tasks.Sources.IValueTaskSource<TResult>.GetResult(Int16 token)
   at System.Net.Security.SslStream.ReadAsyncInternal[TIOAdapter](Memory`1 buffer, CancellationToken cancellationToken)
   at System.Runtime.CompilerServices.PoolingAsyncValueTaskMethodBuilder`1.StateMachineBox`1.System.Threading.Tasks.Sources.IValueTaskSource<TResult>.GetResult(Int16 token)
   at System.Net.Http.HttpConnection.SendAsync(HttpRequestMessage request, Boolean async, CancellationToken cancellationToken)
   --- End of inner exception stack trace ---
   at System.Net.Http.HttpConnection.SendAsync(HttpRequestMessage request, Boolean async, CancellationToken cancellationToken)
   at System.Net.Http.AuthenticationHelper.SendWithNtAuthAsync(HttpRequestMessage request, Uri authUri, Boolean async, ICredentials credentials, Boolean isProxyAuth, HttpConnection connection, HttpConnectionPool connectionPool, CancellationToken cancellationToken)
   at System.Net.Http.HttpConnectionPool.SendWithVersionDetectionAndRetryAsync(HttpRequestMessage request, Boolean async, Boolean doRequestAuth, CancellationToken cancellationToken)
   at System.Net.Http.AuthenticationHelper.SendWithAuthAsync(HttpRequestMessage request, Uri authUri, Boolean async, ICredentials credentials, Boolean preAuthenticate, Boolean isProxyAuth, Boolean doRequestAuth, HttpConnectionPool pool, CancellationToken cancellationToken)
   at System.Net.Http.RedirectHandler.SendAsync(HttpRequestMessage request, Boolean async, CancellationToken cancellationToken)
   at GitHub.Services.Common.RawHttpMessageHandler.SendAsync(HttpRequestMessage request, CancellationToken cancellationToken)
   at GitHub.Services.Common.VssHttpRetryMessageHandler.SendAsync(HttpRequestMessage request, CancellationToken cancellationToken)
   at System.Net.Http.HttpClient.<SendAsync>g__Core|83_0(HttpRequestMessage request, HttpCompletionOption completionOption, CancellationTokenSource cts, Boolean disposeCts, CancellationTokenSource pendingRequestsCts, CancellationToken originalCancellationToken)
[2026-10-04 06:39:57Z ERR  BrokerServer] #####################################################
[2026-10-04 06:39:57Z ERR  BrokerServer] System.IO.IOException: Unable to read data from the transport connection: The I/O operation has been aborted because of either a thread exit or an application request..
 ---> System.Net.Sockets.SocketException (995): The I/O operation has been aborted because of either a thread exit or an application request.
   --- End of inner exception stack trace ---
   at System.Net.Sockets.Socket.AwaitableSocketAsyncEventArgs.ThrowException(SocketError error, CancellationToken cancellationToken)
   at System.Net.Sockets.Socket.AwaitableSocketAsyncEventArgs.System.Threading.Tasks.Sources.IValueTaskSource<System.Int32>.GetResult(Int16 token)
   at System.Net.Security.SslStream.EnsureFullTlsFrameAsync[TIOAdapter](CancellationToken cancellationToken, Int32 estimatedSize)
   at System.Runtime.CompilerServices.PoolingAsyncValueTaskMethodBuilder`1.StateMachineBox`1.System.Threading.Tasks.Sources.IValueTaskSource<TResult>.GetResult(Int16 token)
   at System.Net.Security.SslStream.ReadAsyncInternal[TIOAdapter](Memory`1 buffer, CancellationToken cancellationToken)
   at System.Runtime.CompilerServices.PoolingAsyncValueTaskMethodBuilder`1.StateMachineBox`1.System.Threading.Tasks.Sources.IValueTaskSource<TResult>.GetResult(Int16 token)
   at System.Net.Http.HttpConnection.SendAsync(HttpRequestMessage request, Boolean async, CancellationToken cancellationToken)
[2026-10-04 06:39:57Z ERR  BrokerServer] #####################################################
[2026-10-04 06:39:57Z ERR  BrokerServer] System.Net.Sockets.SocketException (995): The I/O operation has been aborted because of either a thread exit or an application request.
[2026-10-04 06:39:57Z WARN BrokerServer] Back off 13.145 seconds before next retry. 4 attempt left.
[2026-10-04 06:39:57Z INFO BrokerMessageListener] Get messages has been cancelled using local token source. Continue to get messages with new status.
[2026-10-04 06:46:22Z INFO BrokerMessageListener] Acknowledging runner request 'f44fe017-fc7b-55d1-818a-3c12e6f62fd8'.
[2026-10-04 06:46:22Z INFO ConfigurationStore] HasCredentials()
[2026-10-04 06:46:22Z INFO ConfigurationStore] stored True
[2026-10-04 06:46:22Z INFO CredentialManager] GetCredentialProvider
[2026-10-04 06:46:22Z INFO CredentialManager] Creating type OAuth
[2026-10-04 06:46:22Z INFO CredentialManager] Creating credential type: OAuth
[2026-10-04 06:46:22Z INFO RSAEncryptedFileKeyManager] Loading RSA key parameters from file C:\Users\chella\Desktop\devopsassignment\devops-assignment\actions-runner\.credentials_rsaparams
[2026-10-04 06:46:22Z INFO RSAEncryptedFileKeyManager] Loading RSA key parameters from file C:\Users\chella\Desktop\devopsassignment\devops-assignment\actions-runner\.credentials_rsaparams
[2026-10-04 06:46:22Z INFO RSAEncryptedFileKeyManager] Loading RSA key parameters from file C:\Users\chella\Desktop\devopsassignment\devops-assignment\actions-runner\.credentials_rsaparams
[2026-10-04 06:46:23Z INFO GitHubActionsService] AAD Correlation ID for this token request: Unknown
[2026-10-04 06:46:24Z INFO JobDispatcher] Job request 0 for plan 71414e72-c190-861c-93a4-21f24d6f8c63 job f44fe017-fc7b-55d1-818a-3c12e6f62fd8 received.
[2026-10-04 06:46:24Z INFO JobDispatcher] Pull OrchestrationId 71414e72-c190-861c-93a4-21f24d6f8c63.trigger-jenkins.__default from JWT claims
[2026-10-04 06:46:24Z INFO BrokerMessageListener] Received job status event. JobState: Busy
[2026-10-04 06:46:24Z INFO BrokerMessageListener] _getMessagesTokenSource is already disposed.
[2026-10-04 06:46:24Z INFO JobDispatcher] Job request 3d594784-3408-54cf-b9a9-d6ea468c6c0e processed succeed.
[2026-10-04 06:46:24Z INFO Terminal] WRITE LINE: 2026-10-04 06:46:24Z: Running job: Trigger Jenkins Pipeline
[2026-10-04 06:46:24Z INFO JobDispatcher] Start renew job request 0 for job f44fe017-fc7b-55d1-818a-3c12e6f62fd8.
[2026-10-04 06:46:25Z INFO JobDispatcher] Successfully renew job f44fe017-fc7b-55d1-818a-3c12e6f62fd8, job is valid till 04-10-2026 06:56:24
[2026-10-04 06:46:25Z INFO HostContext] Well known directory 'Bin': 'C:\Users\chella\Desktop\devopsassignment\devops-assignment\actions-runner\bin'
[2026-10-04 06:46:25Z INFO ProcessInvokerWrapper] Starting process:
[2026-10-04 06:46:25Z INFO ProcessInvokerWrapper]   File name: 'C:\Users\chella\Desktop\devopsassignment\devops-assignment\actions-runner\bin\Runner.Worker.exe'
[2026-10-04 06:46:25Z INFO ProcessInvokerWrapper]   Arguments: 'spawnclient 2652 1508'
[2026-10-04 06:46:25Z INFO ProcessInvokerWrapper]   Working directory: 'C:\Users\chella\Desktop\devopsassignment\devops-assignment\actions-runner\bin'
[2026-10-04 06:46:25Z INFO ProcessInvokerWrapper]   Require exit code zero: 'False'
[2026-10-04 06:46:25Z INFO ProcessInvokerWrapper]   Encoding web name:  ; code page: ''
[2026-10-04 06:46:25Z INFO ProcessInvokerWrapper]   Force kill process on cancellation: 'True'
[2026-10-04 06:46:25Z INFO ProcessInvokerWrapper]   Redirected STDIN: 'False'
[2026-10-04 06:46:25Z INFO ProcessInvokerWrapper]   Persist current code page: 'False'
[2026-10-04 06:46:25Z INFO ProcessInvokerWrapper]   Keep redirected STDIN open: 'False'
[2026-10-04 06:46:25Z INFO ProcessInvokerWrapper]   High priority process: 'True'
[2026-10-04 06:46:25Z INFO ProcessInvokerWrapper] Process started with process id 25920, waiting for process exit.
[2026-10-04 06:46:25Z INFO JobDispatcher] Send job request message to worker for job f44fe017-fc7b-55d1-818a-3c12e6f62fd8.
[2026-10-04 06:46:25Z INFO ProcessChannel] Sending message of length 24344, with hash '160db7225ebd5bbb037f854e1aa1228c5061cc889d2ebde6e7fc863d7c83903d'
[2026-10-04 06:46:25Z INFO JobNotification] Entering JobStarted Notification
[2026-10-04 06:46:25Z INFO JobNotification] Entering StartMonitor
[2026-10-04 06:46:33Z INFO ProcessInvokerWrapper] STDOUT/STDERR stream read finished.
[2026-10-04 06:46:33Z INFO ProcessInvokerWrapper] STDOUT/STDERR stream read finished.
[2026-10-04 06:46:33Z INFO ProcessInvokerWrapper] Finished process 25920 with exit code 100, and elapsed time 00:00:08.1019353.
[2026-10-04 06:46:33Z INFO JobDispatcher] Worker finished for job f44fe017-fc7b-55d1-818a-3c12e6f62fd8. Code: 100
[2026-10-04 06:46:33Z INFO JobDispatcher] finish job request for job f44fe017-fc7b-55d1-818a-3c12e6f62fd8 with result: Succeeded
[2026-10-04 06:46:33Z INFO Terminal] WRITE LINE: 2026-10-04 06:46:33Z: Job Trigger Jenkins Pipeline completed with result: Succeeded
[2026-10-04 06:46:33Z INFO JobDispatcher] Stop renew job request for job f44fe017-fc7b-55d1-818a-3c12e6f62fd8.
[2026-10-04 06:46:33Z INFO JobDispatcher] job renew has been cancelled, stop renew job f44fe017-fc7b-55d1-818a-3c12e6f62fd8.
[2026-10-04 06:46:33Z INFO JobNotification] Entering JobCompleted Notification
[2026-10-04 06:46:33Z INFO JobNotification] Entering EndMonitor
[2026-10-04 06:46:33Z INFO BrokerMessageListener] Received job status event. JobState: Online
[2026-10-04 06:46:33Z WARN GitHubActionsService] GET request to https://broker.actions.githubusercontent.com/message?sessionId=9c7e4a5d-9004-49d6-ba65-3d40ca963388&status=Busy&runnerVersion=2.337.0&os=Windows&architecture=X64&disableUpdate=false has been cancelled.
[2026-10-04 06:46:33Z ERR  BrokerServer] Catch exception during request
[2026-10-04 06:46:33Z ERR  BrokerServer] System.Threading.Tasks.TaskCanceledException: The operation was canceled.
 ---> System.Threading.Tasks.TaskCanceledException: The operation was canceled.
 ---> System.IO.IOException: Unable to read data from the transport connection: The I/O operation has been aborted because of either a thread exit or an application request..
 ---> System.Net.Sockets.SocketException (995): The I/O operation has been aborted because of either a thread exit or an application request.
   --- End of inner exception stack trace ---
   at System.Net.Sockets.Socket.AwaitableSocketAsyncEventArgs.ThrowException(SocketError error, CancellationToken cancellationToken)
   at System.Net.Sockets.Socket.AwaitableSocketAsyncEventArgs.System.Threading.Tasks.Sources.IValueTaskSource<System.Int32>.GetResult(Int16 token)
   at System.Net.Security.SslStream.EnsureFullTlsFrameAsync[TIOAdapter](CancellationToken cancellationToken, Int32 estimatedSize)
   at System.Runtime.CompilerServices.PoolingAsyncValueTaskMethodBuilder`1.StateMachineBox`1.System.Threading.Tasks.Sources.IValueTaskSource<TResult>.GetResult(Int16 token)
   at System.Net.Security.SslStream.ReadAsyncInternal[TIOAdapter](Memory`1 buffer, CancellationToken cancellationToken)
   at System.Runtime.CompilerServices.PoolingAsyncValueTaskMethodBuilder`1.StateMachineBox`1.System.Threading.Tasks.Sources.IValueTaskSource<TResult>.GetResult(Int16 token)
   at System.Net.Http.HttpConnection.SendAsync(HttpRequestMessage request, Boolean async, CancellationToken cancellationToken)
   --- End of inner exception stack trace ---
   at System.Net.Http.HttpConnection.SendAsync(HttpRequestMessage request, Boolean async, CancellationToken cancellationToken)
   at System.Net.Http.AuthenticationHelper.SendWithNtAuthAsync(HttpRequestMessage request, Uri authUri, Boolean async, ICredentials credentials, Boolean isProxyAuth, HttpConnection connection, HttpConnectionPool connectionPool, CancellationToken cancellationToken)
   at System.Net.Http.HttpConnectionPool.SendWithVersionDetectionAndRetryAsync(HttpRequestMessage request, Boolean async, Boolean doRequestAuth, CancellationToken cancellationToken)
   at System.Net.Http.AuthenticationHelper.SendWithAuthAsync(HttpRequestMessage request, Uri authUri, Boolean async, ICredentials credentials, Boolean preAuthenticate, Boolean isProxyAuth, Boolean doRequestAuth, HttpConnectionPool pool, CancellationToken cancellationToken)
   at System.Net.Http.RedirectHandler.SendAsync(HttpRequestMessage request, Boolean async, CancellationToken cancellationToken)
   at GitHub.Services.Common.RawHttpMessageHandler.SendAsync(HttpRequestMessage request, CancellationToken cancellationToken)
   at GitHub.Services.Common.VssHttpRetryMessageHandler.SendAsync(HttpRequestMessage request, CancellationToken cancellationToken)
   at System.Net.Http.HttpClient.<SendAsync>g__Core|83_0(HttpRequestMessage request, HttpCompletionOption completionOption, CancellationTokenSource cts, Boolean disposeCts, CancellationTokenSource pendingRequestsCts, CancellationToken originalCancellationToken)
   --- End of inner exception stack trace ---
   at System.Net.Http.HttpClient.HandleFailure(Exception e, Boolean telemetryStarted, HttpResponseMessage response, CancellationTokenSource cts, CancellationToken cancellationToken, CancellationTokenSource pendingRequestsCts)
   at System.Net.Http.HttpClient.<SendAsync>g__Core|83_0(HttpRequestMessage request, HttpCompletionOption completionOption, CancellationTokenSource cts, Boolean disposeCts, CancellationTokenSource pendingRequestsCts, CancellationToken originalCancellationToken)
   at Sdk.WebApi.WebApi.RawHttpClientBase.SendAsync(HttpRequestMessage message, HttpCompletionOption completionOption, Object userState, CancellationToken cancellationToken)
   at Sdk.WebApi.WebApi.RawHttpClientBase.SendAsync[T](HttpRequestMessage message, Boolean readErrorBody, Object userState, CancellationToken cancellationToken)
   at Sdk.WebApi.WebApi.RawHttpClientBase.SendAsync[T](HttpMethod method, IEnumerable`1 additionalHeaders, Uri requestUri, HttpContent content, IEnumerable`1 queryParameters, Boolean readErrorBody, Object userState, CancellationToken cancellationToken)
   at GitHub.Actions.RunService.WebApi.BrokerHttpClient.GetRunnerMessageAsync(Nullable`1 sessionId, String runnerVersion, Nullable`1 status, String os, String architecture, Nullable`1 disableUpdate, CancellationToken cancellationToken)
   at GitHub.Runner.Common.BrokerServer.<>c__DisplayClass7_0.<<GetRunnerMessageAsync>b__0>d.MoveNext()
--- End of stack trace from previous location ---
   at GitHub.Runner.Common.RunnerService.RetryRequest[T](Func`1 func, CancellationToken cancellationToken, Int32 maxAttempts, Func`2 shouldRetry)
[2026-10-04 06:46:33Z ERR  BrokerServer] #####################################################
[2026-10-04 06:46:33Z ERR  BrokerServer] System.Threading.Tasks.TaskCanceledException: The operation was canceled.
 ---> System.IO.IOException: Unable to read data from the transport connection: The I/O operation has been aborted because of either a thread exit or an application request..
 ---> System.Net.Sockets.SocketException (995): The I/O operation has been aborted because of either a thread exit or an application request.
   --- End of inner exception stack trace ---
   at System.Net.Sockets.Socket.AwaitableSocketAsyncEventArgs.ThrowException(SocketError error, CancellationToken cancellationToken)
   at System.Net.Sockets.Socket.AwaitableSocketAsyncEventArgs.System.Threading.Tasks.Sources.IValueTaskSource<System.Int32>.GetResult(Int16 token)
   at System.Net.Security.SslStream.EnsureFullTlsFrameAsync[TIOAdapter](CancellationToken cancellationToken, Int32 estimatedSize)
   at System.Runtime.CompilerServices.PoolingAsyncValueTaskMethodBuilder`1.StateMachineBox`1.System.Threading.Tasks.Sources.IValueTaskSource<TResult>.GetResult(Int16 token)
   at System.Net.Security.SslStream.ReadAsyncInternal[TIOAdapter](Memory`1 buffer, CancellationToken cancellationToken)
   at System.Runtime.CompilerServices.PoolingAsyncValueTaskMethodBuilder`1.StateMachineBox`1.System.Threading.Tasks.Sources.IValueTaskSource<TResult>.GetResult(Int16 token)
   at System.Net.Http.HttpConnection.SendAsync(HttpRequestMessage request, Boolean async, CancellationToken cancellationToken)
   --- End of inner exception stack trace ---
   at System.Net.Http.HttpConnection.SendAsync(HttpRequestMessage request, Boolean async, CancellationToken cancellationToken)
   at System.Net.Http.AuthenticationHelper.SendWithNtAuthAsync(HttpRequestMessage request, Uri authUri, Boolean async, ICredentials credentials, Boolean isProxyAuth, HttpConnection connection, HttpConnectionPool connectionPool, CancellationToken cancellationToken)
   at System.Net.Http.HttpConnectionPool.SendWithVersionDetectionAndRetryAsync(HttpRequestMessage request, Boolean async, Boolean doRequestAuth, CancellationToken cancellationToken)
   at System.Net.Http.AuthenticationHelper.SendWithAuthAsync(HttpRequestMessage request, Uri authUri, Boolean async, ICredentials credentials, Boolean preAuthenticate, Boolean isProxyAuth, Boolean doRequestAuth, HttpConnectionPool pool, CancellationToken cancellationToken)
   at System.Net.Http.RedirectHandler.SendAsync(HttpRequestMessage request, Boolean async, CancellationToken cancellationToken)
   at GitHub.Services.Common.RawHttpMessageHandler.SendAsync(HttpRequestMessage request, CancellationToken cancellationToken)
   at GitHub.Services.Common.VssHttpRetryMessageHandler.SendAsync(HttpRequestMessage request, CancellationToken cancellationToken)
   at System.Net.Http.HttpClient.<SendAsync>g__Core|83_0(HttpRequestMessage request, HttpCompletionOption completionOption, CancellationTokenSource cts, Boolean disposeCts, CancellationTokenSource pendingRequestsCts, CancellationToken originalCancellationToken)
[2026-10-04 06:46:33Z ERR  BrokerServer] #####################################################
[2026-10-04 06:46:33Z ERR  BrokerServer] System.IO.IOException: Unable to read data from the transport connection: The I/O operation has been aborted because of either a thread exit or an application request..
 ---> System.Net.Sockets.SocketException (995): The I/O operation has been aborted because of either a thread exit or an application request.
   --- End of inner exception stack trace ---
   at System.Net.Sockets.Socket.AwaitableSocketAsyncEventArgs.ThrowException(SocketError error, CancellationToken cancellationToken)
   at System.Net.Sockets.Socket.AwaitableSocketAsyncEventArgs.System.Threading.Tasks.Sources.IValueTaskSource<System.Int32>.GetResult(Int16 token)
   at System.Net.Security.SslStream.EnsureFullTlsFrameAsync[TIOAdapter](CancellationToken cancellationToken, Int32 estimatedSize)
   at System.Runtime.CompilerServices.PoolingAsyncValueTaskMethodBuilder`1.StateMachineBox`1.System.Threading.Tasks.Sources.IValueTaskSource<TResult>.GetResult(Int16 token)
   at System.Net.Security.SslStream.ReadAsyncInternal[TIOAdapter](Memory`1 buffer, CancellationToken cancellationToken)
   at System.Runtime.CompilerServices.PoolingAsyncValueTaskMethodBuilder`1.StateMachineBox`1.System.Threading.Tasks.Sources.IValueTaskSource<TResult>.GetResult(Int16 token)
   at System.Net.Http.HttpConnection.SendAsync(HttpRequestMessage request, Boolean async, CancellationToken cancellationToken)
[2026-10-04 06:46:33Z ERR  BrokerServer] #####################################################
[2026-10-04 06:46:33Z ERR  BrokerServer] System.Net.Sockets.SocketException (995): The I/O operation has been aborted because of either a thread exit or an application request.
[2026-10-04 06:46:33Z WARN BrokerServer] Back off 10.397 seconds before next retry. 4 attempt left.
[2026-10-04 06:46:33Z INFO BrokerMessageListener] Get messages has been cancelled using local token source. Continue to get messages with new status.
[2026-10-04 06:46:33Z INFO BrokerMessageListener] Acknowledging runner request 'efa41628-ba49-5e98-81f2-5238b65a56f3'.
[2026-10-04 06:46:34Z INFO ConfigurationStore] HasCredentials()
[2026-10-04 06:46:34Z INFO ConfigurationStore] stored True
[2026-10-04 06:46:34Z INFO CredentialManager] GetCredentialProvider
[2026-10-04 06:46:34Z INFO CredentialManager] Creating type OAuth
[2026-10-04 06:46:34Z INFO CredentialManager] Creating credential type: OAuth
[2026-10-04 06:46:34Z INFO RSAEncryptedFileKeyManager] Loading RSA key parameters from file C:\Users\chella\Desktop\devopsassignment\devops-assignment\actions-runner\.credentials_rsaparams
[2026-10-04 06:46:34Z INFO RSAEncryptedFileKeyManager] Loading RSA key parameters from file C:\Users\chella\Desktop\devopsassignment\devops-assignment\actions-runner\.credentials_rsaparams
[2026-10-04 06:46:34Z INFO RSAEncryptedFileKeyManager] Loading RSA key parameters from file C:\Users\chella\Desktop\devopsassignment\devops-assignment\actions-runner\.credentials_rsaparams
[2026-10-04 06:46:34Z INFO GitHubActionsService] AAD Correlation ID for this token request: Unknown
[2026-10-04 06:46:35Z INFO JobDispatcher] Job request 0 for plan d3e87d80-51fc-895e-a898-10c4020a5faf job efa41628-ba49-5e98-81f2-5238b65a56f3 received.
[2026-10-04 06:46:35Z INFO JobDispatcher] Pull OrchestrationId d3e87d80-51fc-895e-a898-10c4020a5faf.trigger-jenkins.__default from JWT claims
[2026-10-04 06:46:35Z INFO BrokerMessageListener] Received job status event. JobState: Busy
[2026-10-04 06:46:35Z INFO BrokerMessageListener] _getMessagesTokenSource is already disposed.
[2026-10-04 06:46:35Z INFO JobDispatcher] Job request f44fe017-fc7b-55d1-818a-3c12e6f62fd8 processed succeed.
[2026-10-04 06:46:35Z INFO Terminal] WRITE LINE: 2026-10-04 06:46:35Z: Running job: trigger-jenkins
[2026-10-04 06:46:35Z INFO JobDispatcher] Start renew job request 0 for job efa41628-ba49-5e98-81f2-5238b65a56f3.
[2026-10-04 06:46:36Z INFO JobDispatcher] Successfully renew job efa41628-ba49-5e98-81f2-5238b65a56f3, job is valid till 04-10-2026 06:56:36
[2026-10-04 06:46:36Z INFO HostContext] Well known directory 'Bin': 'C:\Users\chella\Desktop\devopsassignment\devops-assignment\actions-runner\bin'
[2026-10-04 06:46:36Z INFO ProcessInvokerWrapper] Starting process:
[2026-10-04 06:46:36Z INFO ProcessInvokerWrapper]   File name: 'C:\Users\chella\Desktop\devopsassignment\devops-assignment\actions-runner\bin\Runner.Worker.exe'
[2026-10-04 06:46:36Z INFO ProcessInvokerWrapper]   Arguments: 'spawnclient 2228 2416'
[2026-10-04 06:46:36Z INFO ProcessInvokerWrapper]   Working directory: 'C:\Users\chella\Desktop\devopsassignment\devops-assignment\actions-runner\bin'
[2026-10-04 06:46:36Z INFO ProcessInvokerWrapper]   Require exit code zero: 'False'
[2026-10-04 06:46:36Z INFO ProcessInvokerWrapper]   Encoding web name:  ; code page: ''
[2026-10-04 06:46:36Z INFO ProcessInvokerWrapper]   Force kill process on cancellation: 'True'
[2026-10-04 06:46:36Z INFO ProcessInvokerWrapper]   Redirected STDIN: 'False'
[2026-10-04 06:46:36Z INFO ProcessInvokerWrapper]   Persist current code page: 'False'
[2026-10-04 06:46:36Z INFO ProcessInvokerWrapper]   Keep redirected STDIN open: 'False'
[2026-10-04 06:46:36Z INFO ProcessInvokerWrapper]   High priority process: 'True'
[2026-10-04 06:46:36Z INFO ProcessInvokerWrapper] Process started with process id 24928, waiting for process exit.
[2026-10-04 06:46:36Z INFO JobDispatcher] Send job request message to worker for job efa41628-ba49-5e98-81f2-5238b65a56f3.
[2026-10-04 06:46:36Z INFO ProcessChannel] Sending message of length 24380, with hash 'adb84bd8ded1fbe8441ff7af4798d3d3ec8f6b411b5f9057da955510d22e4599'
[2026-10-04 06:46:36Z INFO JobNotification] Entering JobStarted Notification
[2026-10-04 06:46:36Z INFO JobNotification] Entering StartMonitor
[2026-10-04 06:46:44Z INFO ProcessInvokerWrapper] STDOUT/STDERR stream read finished.
[2026-10-04 06:46:44Z INFO ProcessInvokerWrapper] STDOUT/STDERR stream read finished.
[2026-10-04 06:46:44Z INFO ProcessInvokerWrapper] Finished process 24928 with exit code 100, and elapsed time 00:00:08.2636657.
[2026-10-04 06:46:44Z INFO JobDispatcher] Worker finished for job efa41628-ba49-5e98-81f2-5238b65a56f3. Code: 100
[2026-10-04 06:46:44Z INFO JobDispatcher] finish job request for job efa41628-ba49-5e98-81f2-5238b65a56f3 with result: Succeeded
[2026-10-04 06:46:44Z INFO Terminal] WRITE LINE: 2026-10-04 06:46:44Z: Job trigger-jenkins completed with result: Succeeded
[2026-10-04 06:46:44Z INFO JobDispatcher] Stop renew job request for job efa41628-ba49-5e98-81f2-5238b65a56f3.
[2026-10-04 06:46:44Z INFO JobDispatcher] job renew has been cancelled, stop renew job efa41628-ba49-5e98-81f2-5238b65a56f3.
[2026-10-04 06:46:44Z INFO JobNotification] Entering JobCompleted Notification
[2026-10-04 06:46:44Z INFO JobNotification] Entering EndMonitor
[2026-10-04 06:46:44Z INFO BrokerMessageListener] Received job status event. JobState: Online
[2026-10-04 06:46:44Z WARN GitHubActionsService] GET request to https://broker.actions.githubusercontent.com/message?sessionId=9c7e4a5d-9004-49d6-ba65-3d40ca963388&status=Busy&runnerVersion=2.337.0&os=Windows&architecture=X64&disableUpdate=false has been cancelled.
[2026-10-04 06:46:44Z ERR  BrokerServer] Catch exception during request
[2026-10-04 06:46:44Z ERR  BrokerServer] System.Threading.Tasks.TaskCanceledException: The operation was canceled.
 ---> System.Threading.Tasks.TaskCanceledException: The operation was canceled.
 ---> System.IO.IOException: Unable to read data from the transport connection: The I/O operation has been aborted because of either a thread exit or an application request..
 ---> System.Net.Sockets.SocketException (995): The I/O operation has been aborted because of either a thread exit or an application request.
   --- End of inner exception stack trace ---
   at System.Net.Sockets.Socket.AwaitableSocketAsyncEventArgs.ThrowException(SocketError error, CancellationToken cancellationToken)
   at System.Net.Sockets.Socket.AwaitableSocketAsyncEventArgs.System.Threading.Tasks.Sources.IValueTaskSource<System.Int32>.GetResult(Int16 token)
   at System.Net.Security.SslStream.EnsureFullTlsFrameAsync[TIOAdapter](CancellationToken cancellationToken, Int32 estimatedSize)
   at System.Runtime.CompilerServices.PoolingAsyncValueTaskMethodBuilder`1.StateMachineBox`1.System.Threading.Tasks.Sources.IValueTaskSource<TResult>.GetResult(Int16 token)
   at System.Net.Security.SslStream.ReadAsyncInternal[TIOAdapter](Memory`1 buffer, CancellationToken cancellationToken)
   at System.Runtime.CompilerServices.PoolingAsyncValueTaskMethodBuilder`1.StateMachineBox`1.System.Threading.Tasks.Sources.IValueTaskSource<TResult>.GetResult(Int16 token)
   at System.Net.Http.HttpConnection.SendAsync(HttpRequestMessage request, Boolean async, CancellationToken cancellationToken)
   --- End of inner exception stack trace ---
   at System.Net.Http.HttpConnection.SendAsync(HttpRequestMessage request, Boolean async, CancellationToken cancellationToken)
   at System.Net.Http.AuthenticationHelper.SendWithNtAuthAsync(HttpRequestMessage request, Uri authUri, Boolean async, ICredentials credentials, Boolean isProxyAuth, HttpConnection connection, HttpConnectionPool connectionPool, CancellationToken cancellationToken)
   at System.Net.Http.HttpConnectionPool.SendWithVersionDetectionAndRetryAsync(HttpRequestMessage request, Boolean async, Boolean doRequestAuth, CancellationToken cancellationToken)
   at System.Net.Http.AuthenticationHelper.SendWithAuthAsync(HttpRequestMessage request, Uri authUri, Boolean async, ICredentials credentials, Boolean preAuthenticate, Boolean isProxyAuth, Boolean doRequestAuth, HttpConnectionPool pool, CancellationToken cancellationToken)
   at System.Net.Http.RedirectHandler.SendAsync(HttpRequestMessage request, Boolean async, CancellationToken cancellationToken)
   at GitHub.Services.Common.RawHttpMessageHandler.SendAsync(HttpRequestMessage request, CancellationToken cancellationToken)
   at GitHub.Services.Common.VssHttpRetryMessageHandler.SendAsync(HttpRequestMessage request, CancellationToken cancellationToken)
   at System.Net.Http.HttpClient.<SendAsync>g__Core|83_0(HttpRequestMessage request, HttpCompletionOption completionOption, CancellationTokenSource cts, Boolean disposeCts, CancellationTokenSource pendingRequestsCts, CancellationToken originalCancellationToken)
   --- End of inner exception stack trace ---
   at System.Net.Http.HttpClient.HandleFailure(Exception e, Boolean telemetryStarted, HttpResponseMessage response, CancellationTokenSource cts, CancellationToken cancellationToken, CancellationTokenSource pendingRequestsCts)
   at System.Net.Http.HttpClient.<SendAsync>g__Core|83_0(HttpRequestMessage request, HttpCompletionOption completionOption, CancellationTokenSource cts, Boolean disposeCts, CancellationTokenSource pendingRequestsCts, CancellationToken originalCancellationToken)
   at Sdk.WebApi.WebApi.RawHttpClientBase.SendAsync(HttpRequestMessage message, HttpCompletionOption completionOption, Object userState, CancellationToken cancellationToken)
   at Sdk.WebApi.WebApi.RawHttpClientBase.SendAsync[T](HttpRequestMessage message, Boolean readErrorBody, Object userState, CancellationToken cancellationToken)
   at Sdk.WebApi.WebApi.RawHttpClientBase.SendAsync[T](HttpMethod method, IEnumerable`1 additionalHeaders, Uri requestUri, HttpContent content, IEnumerable`1 queryParameters, Boolean readErrorBody, Object userState, CancellationToken cancellationToken)
   at GitHub.Actions.RunService.WebApi.BrokerHttpClient.GetRunnerMessageAsync(Nullable`1 sessionId, String runnerVersion, Nullable`1 status, String os, String architecture, Nullable`1 disableUpdate, CancellationToken cancellationToken)
   at GitHub.Runner.Common.BrokerServer.<>c__DisplayClass7_0.<<GetRunnerMessageAsync>b__0>d.MoveNext()
--- End of stack trace from previous location ---
   at GitHub.Runner.Common.RunnerService.RetryRequest[T](Func`1 func, CancellationToken cancellationToken, Int32 maxAttempts, Func`2 shouldRetry)
[2026-10-04 06:46:44Z ERR  BrokerServer] #####################################################
[2026-10-04 06:46:44Z ERR  BrokerServer] System.Threading.Tasks.TaskCanceledException: The operation was canceled.
 ---> System.IO.IOException: Unable to read data from the transport connection: The I/O operation has been aborted because of either a thread exit or an application request..
 ---> System.Net.Sockets.SocketException (995): The I/O operation has been aborted because of either a thread exit or an application request.
   --- End of inner exception stack trace ---
   at System.Net.Sockets.Socket.AwaitableSocketAsyncEventArgs.ThrowException(SocketError error, CancellationToken cancellationToken)
   at System.Net.Sockets.Socket.AwaitableSocketAsyncEventArgs.System.Threading.Tasks.Sources.IValueTaskSource<System.Int32>.GetResult(Int16 token)
   at System.Net.Security.SslStream.EnsureFullTlsFrameAsync[TIOAdapter](CancellationToken cancellationToken, Int32 estimatedSize)
   at System.Runtime.CompilerServices.PoolingAsyncValueTaskMethodBuilder`1.StateMachineBox`1.System.Threading.Tasks.Sources.IValueTaskSource<TResult>.GetResult(Int16 token)
   at System.Net.Security.SslStream.ReadAsyncInternal[TIOAdapter](Memory`1 buffer, CancellationToken cancellationToken)
   at System.Runtime.CompilerServices.PoolingAsyncValueTaskMethodBuilder`1.StateMachineBox`1.System.Threading.Tasks.Sources.IValueTaskSource<TResult>.GetResult(Int16 token)
   at System.Net.Http.HttpConnection.SendAsync(HttpRequestMessage request, Boolean async, CancellationToken cancellationToken)
   --- End of inner exception stack trace ---
   at System.Net.Http.HttpConnection.SendAsync(HttpRequestMessage request, Boolean async, CancellationToken cancellationToken)
   at System.Net.Http.AuthenticationHelper.SendWithNtAuthAsync(HttpRequestMessage request, Uri authUri, Boolean async, ICredentials credentials, Boolean isProxyAuth, HttpConnection connection, HttpConnectionPool connectionPool, CancellationToken cancellationToken)
   at System.Net.Http.HttpConnectionPool.SendWithVersionDetectionAndRetryAsync(HttpRequestMessage request, Boolean async, Boolean doRequestAuth, CancellationToken cancellationToken)
   at System.Net.Http.AuthenticationHelper.SendWithAuthAsync(HttpRequestMessage request, Uri authUri, Boolean async, ICredentials credentials, Boolean preAuthenticate, Boolean isProxyAuth, Boolean doRequestAuth, HttpConnectionPool pool, CancellationToken cancellationToken)
   at System.Net.Http.RedirectHandler.SendAsync(HttpRequestMessage request, Boolean async, CancellationToken cancellationToken)
   at GitHub.Services.Common.RawHttpMessageHandler.SendAsync(HttpRequestMessage request, CancellationToken cancellationToken)
   at GitHub.Services.Common.VssHttpRetryMessageHandler.SendAsync(HttpRequestMessage request, CancellationToken cancellationToken)
   at System.Net.Http.HttpClient.<SendAsync>g__Core|83_0(HttpRequestMessage request, HttpCompletionOption completionOption, CancellationTokenSource cts, Boolean disposeCts, CancellationTokenSource pendingRequestsCts, CancellationToken originalCancellationToken)
[2026-10-04 06:46:44Z ERR  BrokerServer] #####################################################
[2026-10-04 06:46:44Z ERR  BrokerServer] System.IO.IOException: Unable to read data from the transport connection: The I/O operation has been aborted because of either a thread exit or an application request..
 ---> System.Net.Sockets.SocketException (995): The I/O operation has been aborted because of either a thread exit or an application request.
   --- End of inner exception stack trace ---
   at System.Net.Sockets.Socket.AwaitableSocketAsyncEventArgs.ThrowException(SocketError error, CancellationToken cancellationToken)
   at System.Net.Sockets.Socket.AwaitableSocketAsyncEventArgs.System.Threading.Tasks.Sources.IValueTaskSource<System.Int32>.GetResult(Int16 token)
   at System.Net.Security.SslStream.EnsureFullTlsFrameAsync[TIOAdapter](CancellationToken cancellationToken, Int32 estimatedSize)
   at System.Runtime.CompilerServices.PoolingAsyncValueTaskMethodBuilder`1.StateMachineBox`1.System.Threading.Tasks.Sources.IValueTaskSource<TResult>.GetResult(Int16 token)
   at System.Net.Security.SslStream.ReadAsyncInternal[TIOAdapter](Memory`1 buffer, CancellationToken cancellationToken)
   at System.Runtime.CompilerServices.PoolingAsyncValueTaskMethodBuilder`1.StateMachineBox`1.System.Threading.Tasks.Sources.IValueTaskSource<TResult>.GetResult(Int16 token)
   at System.Net.Http.HttpConnection.SendAsync(HttpRequestMessage request, Boolean async, CancellationToken cancellationToken)
[2026-10-04 06:46:44Z ERR  BrokerServer] #####################################################
[2026-10-04 06:46:44Z ERR  BrokerServer] System.Net.Sockets.SocketException (995): The I/O operation has been aborted because of either a thread exit or an application request.
[2026-10-04 06:46:44Z WARN BrokerServer] Back off 14.542 seconds before next retry. 4 attempt left.
[2026-10-04 06:46:44Z INFO BrokerMessageListener] Get messages has been cancelled using local token source. Continue to get messages with new status.
[2026-10-04 07:18:53Z INFO RSAEncryptedFileKeyManager] Loading RSA key parameters from file C:\Users\chella\Desktop\devopsassignment\devops-assignment\actions-runner\.credentials_rsaparams
[2026-10-04 07:18:54Z INFO GitHubActionsService] AAD Correlation ID for this token request: Unknown
[2026-10-04 11:46:58Z WARN GitHubActionsService] Attempt 1 of GET request to https://broker.actions.githubusercontent.com/message?sessionId=9c7e4a5d-9004-49d6-ba65-3d40ca963388&status=Online&runnerVersion=2.337.0&os=Windows&architecture=X64&disableUpdate=false failed (Socket Error: ConnectionReset). The operation will be retried in 10.868 seconds.
[2026-10-04 11:47:10Z INFO RSAEncryptedFileKeyManager] Loading RSA key parameters from file C:\Users\chella\Desktop\devopsassignment\devops-assignment\actions-runner\.credentials_rsaparams
[2026-10-04 11:47:11Z INFO GitHubActionsService] AAD Correlation ID for this token request: Unknown
[2026-10-04 11:53:56Z INFO BrokerMessageListener] Acknowledging runner request '579bf682-e685-55fb-99f5-27f6c5647bd7'.
[2026-10-04 11:53:56Z INFO ConfigurationStore] HasCredentials()
[2026-10-04 11:53:56Z INFO ConfigurationStore] stored True
[2026-10-04 11:53:56Z INFO CredentialManager] GetCredentialProvider
[2026-10-04 11:53:56Z INFO CredentialManager] Creating type OAuth
[2026-10-04 11:53:56Z INFO CredentialManager] Creating credential type: OAuth
[2026-10-04 11:53:56Z INFO RSAEncryptedFileKeyManager] Loading RSA key parameters from file C:\Users\chella\Desktop\devopsassignment\devops-assignment\actions-runner\.credentials_rsaparams
[2026-10-04 11:53:56Z INFO RSAEncryptedFileKeyManager] Loading RSA key parameters from file C:\Users\chella\Desktop\devopsassignment\devops-assignment\actions-runner\.credentials_rsaparams
[2026-10-04 11:53:56Z INFO RSAEncryptedFileKeyManager] Loading RSA key parameters from file C:\Users\chella\Desktop\devopsassignment\devops-assignment\actions-runner\.credentials_rsaparams
[2026-10-04 11:53:57Z INFO GitHubActionsService] AAD Correlation ID for this token request: Unknown
[2026-10-04 11:53:58Z INFO JobDispatcher] Job request 0 for plan 3afe910a-c9ce-8aef-80d1-e5d7ed930946 job 579bf682-e685-55fb-99f5-27f6c5647bd7 received.
[2026-10-04 11:53:58Z INFO JobDispatcher] Pull OrchestrationId 3afe910a-c9ce-8aef-80d1-e5d7ed930946.trigger-jenkins.__default from JWT claims
[2026-10-04 11:53:58Z INFO BrokerMessageListener] Received job status event. JobState: Busy
[2026-10-04 11:53:58Z INFO BrokerMessageListener] _getMessagesTokenSource is already disposed.
[2026-10-04 11:53:58Z INFO JobDispatcher] Job request efa41628-ba49-5e98-81f2-5238b65a56f3 processed succeed.
[2026-10-04 11:53:58Z INFO Terminal] WRITE LINE: 2026-10-04 11:53:58Z: Running job: Trigger Jenkins Pipeline
[2026-10-04 11:53:58Z INFO JobDispatcher] Start renew job request 0 for job 579bf682-e685-55fb-99f5-27f6c5647bd7.
[2026-10-04 11:53:59Z INFO JobDispatcher] Successfully renew job 579bf682-e685-55fb-99f5-27f6c5647bd7, job is valid till 04-10-2026 12:03:58
[2026-10-04 11:53:59Z INFO HostContext] Well known directory 'Bin': 'C:\Users\chella\Desktop\devopsassignment\devops-assignment\actions-runner\bin'
[2026-10-04 11:53:59Z INFO ProcessInvokerWrapper] Starting process:
[2026-10-04 11:53:59Z INFO ProcessInvokerWrapper]   File name: 'C:\Users\chella\Desktop\devopsassignment\devops-assignment\actions-runner\bin\Runner.Worker.exe'
[2026-10-04 11:53:59Z INFO ProcessInvokerWrapper]   Arguments: 'spawnclient 2984 3064'
[2026-10-04 11:53:59Z INFO ProcessInvokerWrapper]   Working directory: 'C:\Users\chella\Desktop\devopsassignment\devops-assignment\actions-runner\bin'
[2026-10-04 11:53:59Z INFO ProcessInvokerWrapper]   Require exit code zero: 'False'
[2026-10-04 11:53:59Z INFO ProcessInvokerWrapper]   Encoding web name:  ; code page: ''
[2026-10-04 11:53:59Z INFO ProcessInvokerWrapper]   Force kill process on cancellation: 'True'
[2026-10-04 11:53:59Z INFO ProcessInvokerWrapper]   Redirected STDIN: 'False'
[2026-10-04 11:53:59Z INFO ProcessInvokerWrapper]   Persist current code page: 'False'
[2026-10-04 11:53:59Z INFO ProcessInvokerWrapper]   Keep redirected STDIN open: 'False'
[2026-10-04 11:53:59Z INFO ProcessInvokerWrapper]   High priority process: 'True'
[2026-10-04 11:53:59Z INFO ProcessInvokerWrapper] Process started with process id 29144, waiting for process exit.
[2026-10-04 11:53:59Z INFO JobDispatcher] Send job request message to worker for job 579bf682-e685-55fb-99f5-27f6c5647bd7.
[2026-10-04 11:53:59Z INFO ProcessChannel] Sending message of length 24346, with hash '229f550980f5312ec8849c5c4b432b5fb830b1f54624c46e227c12b0cea4337a'
[2026-10-04 11:53:59Z INFO JobNotification] Entering JobStarted Notification
[2026-10-04 11:53:59Z INFO JobNotification] Entering StartMonitor
[2026-10-04 11:54:07Z INFO ProcessInvokerWrapper] STDOUT/STDERR stream read finished.
[2026-10-04 11:54:07Z INFO ProcessInvokerWrapper] STDOUT/STDERR stream read finished.
[2026-10-04 11:54:07Z INFO ProcessInvokerWrapper] Finished process 29144 with exit code 100, and elapsed time 00:00:08.7667538.
[2026-10-04 11:54:07Z INFO JobDispatcher] Worker finished for job 579bf682-e685-55fb-99f5-27f6c5647bd7. Code: 100
[2026-10-04 11:54:07Z INFO JobDispatcher] finish job request for job 579bf682-e685-55fb-99f5-27f6c5647bd7 with result: Succeeded
[2026-10-04 11:54:07Z INFO Terminal] WRITE LINE: 2026-10-04 11:54:07Z: Job Trigger Jenkins Pipeline completed with result: Succeeded
[2026-10-04 11:54:07Z INFO JobDispatcher] Stop renew job request for job 579bf682-e685-55fb-99f5-27f6c5647bd7.
[2026-10-04 11:54:07Z INFO JobDispatcher] job renew has been cancelled, stop renew job 579bf682-e685-55fb-99f5-27f6c5647bd7.
[2026-10-04 11:54:07Z INFO JobNotification] Entering JobCompleted Notification
[2026-10-04 11:54:07Z INFO JobNotification] Entering EndMonitor
[2026-10-04 11:54:07Z INFO BrokerMessageListener] Received job status event. JobState: Online
[2026-10-04 11:54:07Z WARN GitHubActionsService] GET request to https://broker.actions.githubusercontent.com/message?sessionId=9c7e4a5d-9004-49d6-ba65-3d40ca963388&status=Busy&runnerVersion=2.337.0&os=Windows&architecture=X64&disableUpdate=false has been cancelled.
[2026-10-04 11:54:07Z ERR  BrokerServer] Catch exception during request
[2026-10-04 11:54:07Z ERR  BrokerServer] System.Threading.Tasks.TaskCanceledException: The operation was canceled.
 ---> System.Threading.Tasks.TaskCanceledException: The operation was canceled.
 ---> System.IO.IOException: Unable to read data from the transport connection: The I/O operation has been aborted because of either a thread exit or an application request..
 ---> System.Net.Sockets.SocketException (995): The I/O operation has been aborted because of either a thread exit or an application request.
   --- End of inner exception stack trace ---
   at System.Net.Sockets.Socket.AwaitableSocketAsyncEventArgs.ThrowException(SocketError error, CancellationToken cancellationToken)
   at System.Net.Sockets.Socket.AwaitableSocketAsyncEventArgs.System.Threading.Tasks.Sources.IValueTaskSource<System.Int32>.GetResult(Int16 token)
   at System.Net.Security.SslStream.EnsureFullTlsFrameAsync[TIOAdapter](CancellationToken cancellationToken, Int32 estimatedSize)
   at System.Runtime.CompilerServices.PoolingAsyncValueTaskMethodBuilder`1.StateMachineBox`1.System.Threading.Tasks.Sources.IValueTaskSource<TResult>.GetResult(Int16 token)
   at System.Net.Security.SslStream.ReadAsyncInternal[TIOAdapter](Memory`1 buffer, CancellationToken cancellationToken)
   at System.Runtime.CompilerServices.PoolingAsyncValueTaskMethodBuilder`1.StateMachineBox`1.System.Threading.Tasks.Sources.IValueTaskSource<TResult>.GetResult(Int16 token)
   at System.Net.Http.HttpConnection.SendAsync(HttpRequestMessage request, Boolean async, CancellationToken cancellationToken)
   --- End of inner exception stack trace ---
   at System.Net.Http.HttpConnection.SendAsync(HttpRequestMessage request, Boolean async, CancellationToken cancellationToken)
   at System.Net.Http.AuthenticationHelper.SendWithNtAuthAsync(HttpRequestMessage request, Uri authUri, Boolean async, ICredentials credentials, Boolean isProxyAuth, HttpConnection connection, HttpConnectionPool connectionPool, CancellationToken cancellationToken)
   at System.Net.Http.HttpConnectionPool.SendWithVersionDetectionAndRetryAsync(HttpRequestMessage request, Boolean async, Boolean doRequestAuth, CancellationToken cancellationToken)
   at System.Net.Http.AuthenticationHelper.SendWithAuthAsync(HttpRequestMessage request, Uri authUri, Boolean async, ICredentials credentials, Boolean preAuthenticate, Boolean isProxyAuth, Boolean doRequestAuth, HttpConnectionPool pool, CancellationToken cancellationToken)
   at System.Net.Http.RedirectHandler.SendAsync(HttpRequestMessage request, Boolean async, CancellationToken cancellationToken)
   at GitHub.Services.Common.RawHttpMessageHandler.SendAsync(HttpRequestMessage request, CancellationToken cancellationToken)
   at GitHub.Services.Common.VssHttpRetryMessageHandler.SendAsync(HttpRequestMessage request, CancellationToken cancellationToken)
   at System.Net.Http.HttpClient.<SendAsync>g__Core|83_0(HttpRequestMessage request, HttpCompletionOption completionOption, CancellationTokenSource cts, Boolean disposeCts, CancellationTokenSource pendingRequestsCts, CancellationToken originalCancellationToken)
   --- End of inner exception stack trace ---
   at System.Net.Http.HttpClient.HandleFailure(Exception e, Boolean telemetryStarted, HttpResponseMessage response, CancellationTokenSource cts, CancellationToken cancellationToken, CancellationTokenSource pendingRequestsCts)
   at System.Net.Http.HttpClient.<SendAsync>g__Core|83_0(HttpRequestMessage request, HttpCompletionOption completionOption, CancellationTokenSource cts, Boolean disposeCts, CancellationTokenSource pendingRequestsCts, CancellationToken originalCancellationToken)
   at Sdk.WebApi.WebApi.RawHttpClientBase.SendAsync(HttpRequestMessage message, HttpCompletionOption completionOption, Object userState, CancellationToken cancellationToken)
   at Sdk.WebApi.WebApi.RawHttpClientBase.SendAsync[T](HttpRequestMessage message, Boolean readErrorBody, Object userState, CancellationToken cancellationToken)
   at Sdk.WebApi.WebApi.RawHttpClientBase.SendAsync[T](HttpMethod method, IEnumerable`1 additionalHeaders, Uri requestUri, HttpContent content, IEnumerable`1 queryParameters, Boolean readErrorBody, Object userState, CancellationToken cancellationToken)
   at GitHub.Actions.RunService.WebApi.BrokerHttpClient.GetRunnerMessageAsync(Nullable`1 sessionId, String runnerVersion, Nullable`1 status, String os, String architecture, Nullable`1 disableUpdate, CancellationToken cancellationToken)
   at GitHub.Runner.Common.BrokerServer.<>c__DisplayClass7_0.<<GetRunnerMessageAsync>b__0>d.MoveNext()
--- End of stack trace from previous location ---
   at GitHub.Runner.Common.RunnerService.RetryRequest[T](Func`1 func, CancellationToken cancellationToken, Int32 maxAttempts, Func`2 shouldRetry)
[2026-10-04 11:54:07Z ERR  BrokerServer] #####################################################
[2026-10-04 11:54:07Z ERR  BrokerServer] System.Threading.Tasks.TaskCanceledException: The operation was canceled.
 ---> System.IO.IOException: Unable to read data from the transport connection: The I/O operation has been aborted because of either a thread exit or an application request..
 ---> System.Net.Sockets.SocketException (995): The I/O operation has been aborted because of either a thread exit or an application request.
   --- End of inner exception stack trace ---
   at System.Net.Sockets.Socket.AwaitableSocketAsyncEventArgs.ThrowException(SocketError error, CancellationToken cancellationToken)
   at System.Net.Sockets.Socket.AwaitableSocketAsyncEventArgs.System.Threading.Tasks.Sources.IValueTaskSource<System.Int32>.GetResult(Int16 token)
   at System.Net.Security.SslStream.EnsureFullTlsFrameAsync[TIOAdapter](CancellationToken cancellationToken, Int32 estimatedSize)
   at System.Runtime.CompilerServices.PoolingAsyncValueTaskMethodBuilder`1.StateMachineBox`1.System.Threading.Tasks.Sources.IValueTaskSource<TResult>.GetResult(Int16 token)
   at System.Net.Security.SslStream.ReadAsyncInternal[TIOAdapter](Memory`1 buffer, CancellationToken cancellationToken)
   at System.Runtime.CompilerServices.PoolingAsyncValueTaskMethodBuilder`1.StateMachineBox`1.System.Threading.Tasks.Sources.IValueTaskSource<TResult>.GetResult(Int16 token)
   at System.Net.Http.HttpConnection.SendAsync(HttpRequestMessage request, Boolean async, CancellationToken cancellationToken)
   --- End of inner exception stack trace ---
   at System.Net.Http.HttpConnection.SendAsync(HttpRequestMessage request, Boolean async, CancellationToken cancellationToken)
   at System.Net.Http.AuthenticationHelper.SendWithNtAuthAsync(HttpRequestMessage request, Uri authUri, Boolean async, ICredentials credentials, Boolean isProxyAuth, HttpConnection connection, HttpConnectionPool connectionPool, CancellationToken cancellationToken)
   at System.Net.Http.HttpConnectionPool.SendWithVersionDetectionAndRetryAsync(HttpRequestMessage request, Boolean async, Boolean doRequestAuth, CancellationToken cancellationToken)
   at System.Net.Http.AuthenticationHelper.SendWithAuthAsync(HttpRequestMessage request, Uri authUri, Boolean async, ICredentials credentials, Boolean preAuthenticate, Boolean isProxyAuth, Boolean doRequestAuth, HttpConnectionPool pool, CancellationToken cancellationToken)
   at System.Net.Http.RedirectHandler.SendAsync(HttpRequestMessage request, Boolean async, CancellationToken cancellationToken)
   at GitHub.Services.Common.RawHttpMessageHandler.SendAsync(HttpRequestMessage request, CancellationToken cancellationToken)
   at GitHub.Services.Common.VssHttpRetryMessageHandler.SendAsync(HttpRequestMessage request, CancellationToken cancellationToken)
   at System.Net.Http.HttpClient.<SendAsync>g__Core|83_0(HttpRequestMessage request, HttpCompletionOption completionOption, CancellationTokenSource cts, Boolean disposeCts, CancellationTokenSource pendingRequestsCts, CancellationToken originalCancellationToken)
[2026-10-04 11:54:07Z ERR  BrokerServer] #####################################################
[2026-10-04 11:54:07Z ERR  BrokerServer] System.IO.IOException: Unable to read data from the transport connection: The I/O operation has been aborted because of either a thread exit or an application request..
 ---> System.Net.Sockets.SocketException (995): The I/O operation has been aborted because of either a thread exit or an application request.
   --- End of inner exception stack trace ---
   at System.Net.Sockets.Socket.AwaitableSocketAsyncEventArgs.ThrowException(SocketError error, CancellationToken cancellationToken)
   at System.Net.Sockets.Socket.AwaitableSocketAsyncEventArgs.System.Threading.Tasks.Sources.IValueTaskSource<System.Int32>.GetResult(Int16 token)
   at System.Net.Security.SslStream.EnsureFullTlsFrameAsync[TIOAdapter](CancellationToken cancellationToken, Int32 estimatedSize)
   at System.Runtime.CompilerServices.PoolingAsyncValueTaskMethodBuilder`1.StateMachineBox`1.System.Threading.Tasks.Sources.IValueTaskSource<TResult>.GetResult(Int16 token)
   at System.Net.Security.SslStream.ReadAsyncInternal[TIOAdapter](Memory`1 buffer, CancellationToken cancellationToken)
   at System.Runtime.CompilerServices.PoolingAsyncValueTaskMethodBuilder`1.StateMachineBox`1.System.Threading.Tasks.Sources.IValueTaskSource<TResult>.GetResult(Int16 token)
   at System.Net.Http.HttpConnection.SendAsync(HttpRequestMessage request, Boolean async, CancellationToken cancellationToken)
[2026-10-04 11:54:07Z ERR  BrokerServer] #####################################################
[2026-10-04 11:54:07Z ERR  BrokerServer] System.Net.Sockets.SocketException (995): The I/O operation has been aborted because of either a thread exit or an application request.
[2026-10-04 11:54:07Z WARN BrokerServer] Back off 13.501 seconds before next retry. 4 attempt left.
[2026-10-04 11:54:07Z INFO BrokerMessageListener] Get messages has been cancelled using local token source. Continue to get messages with new status.
[2026-10-04 11:54:08Z INFO BrokerMessageListener] Acknowledging runner request '2a2a33f8-f6cd-531e-a4b1-0151a1cf5840'.
[2026-10-04 11:54:08Z INFO ConfigurationStore] HasCredentials()
[2026-10-04 11:54:08Z INFO ConfigurationStore] stored True
[2026-10-04 11:54:08Z INFO CredentialManager] GetCredentialProvider
[2026-10-04 11:54:08Z INFO CredentialManager] Creating type OAuth
[2026-10-04 11:54:08Z INFO CredentialManager] Creating credential type: OAuth
[2026-10-04 11:54:08Z INFO RSAEncryptedFileKeyManager] Loading RSA key parameters from file C:\Users\chella\Desktop\devopsassignment\devops-assignment\actions-runner\.credentials_rsaparams
[2026-10-04 11:54:08Z INFO RSAEncryptedFileKeyManager] Loading RSA key parameters from file C:\Users\chella\Desktop\devopsassignment\devops-assignment\actions-runner\.credentials_rsaparams
[2026-10-04 11:54:08Z INFO RSAEncryptedFileKeyManager] Loading RSA key parameters from file C:\Users\chella\Desktop\devopsassignment\devops-assignment\actions-runner\.credentials_rsaparams
[2026-10-04 11:54:09Z INFO GitHubActionsService] AAD Correlation ID for this token request: Unknown
[2026-10-04 11:54:10Z INFO JobDispatcher] Job request 0 for plan 734fb87f-6463-805b-9515-4d1919c55bc2 job 2a2a33f8-f6cd-531e-a4b1-0151a1cf5840 received.
[2026-10-04 11:54:10Z INFO JobDispatcher] Pull OrchestrationId 734fb87f-6463-805b-9515-4d1919c55bc2.trigger-jenkins.__default from JWT claims
[2026-10-04 11:54:10Z INFO BrokerMessageListener] Received job status event. JobState: Busy
[2026-10-04 11:54:10Z INFO BrokerMessageListener] _getMessagesTokenSource is already disposed.
[2026-10-04 11:54:10Z INFO JobDispatcher] Job request 579bf682-e685-55fb-99f5-27f6c5647bd7 processed succeed.
[2026-10-04 11:54:10Z INFO Terminal] WRITE LINE: 2026-10-04 11:54:10Z: Running job: trigger-jenkins
[2026-10-04 11:54:10Z INFO JobDispatcher] Start renew job request 0 for job 2a2a33f8-f6cd-531e-a4b1-0151a1cf5840.
[2026-10-04 11:54:11Z INFO JobDispatcher] Successfully renew job 2a2a33f8-f6cd-531e-a4b1-0151a1cf5840, job is valid till 04-10-2026 12:04:10
[2026-10-04 11:54:11Z INFO HostContext] Well known directory 'Bin': 'C:\Users\chella\Desktop\devopsassignment\devops-assignment\actions-runner\bin'
[2026-10-04 11:54:11Z INFO ProcessInvokerWrapper] Starting process:
[2026-10-04 11:54:11Z INFO ProcessInvokerWrapper]   File name: 'C:\Users\chella\Desktop\devopsassignment\devops-assignment\actions-runner\bin\Runner.Worker.exe'
[2026-10-04 11:54:11Z INFO ProcessInvokerWrapper]   Arguments: 'spawnclient 3160 3120'
[2026-10-04 11:54:11Z INFO ProcessInvokerWrapper]   Working directory: 'C:\Users\chella\Desktop\devopsassignment\devops-assignment\actions-runner\bin'
[2026-10-04 11:54:11Z INFO ProcessInvokerWrapper]   Require exit code zero: 'False'
[2026-10-04 11:54:11Z INFO ProcessInvokerWrapper]   Encoding web name:  ; code page: ''
[2026-10-04 11:54:11Z INFO ProcessInvokerWrapper]   Force kill process on cancellation: 'True'
[2026-10-04 11:54:11Z INFO ProcessInvokerWrapper]   Redirected STDIN: 'False'
[2026-10-04 11:54:11Z INFO ProcessInvokerWrapper]   Persist current code page: 'False'
[2026-10-04 11:54:11Z INFO ProcessInvokerWrapper]   Keep redirected STDIN open: 'False'
[2026-10-04 11:54:11Z INFO ProcessInvokerWrapper]   High priority process: 'True'
[2026-10-04 11:54:11Z INFO ProcessInvokerWrapper] Process started with process id 19136, waiting for process exit.
[2026-10-04 11:54:11Z INFO JobDispatcher] Send job request message to worker for job 2a2a33f8-f6cd-531e-a4b1-0151a1cf5840.
[2026-10-04 11:54:11Z INFO ProcessChannel] Sending message of length 24380, with hash 'cfc61581ac56f88dc0d7e13ac7b51da0544ff4caff3e7af2f4de9ef7cf543a93'
[2026-10-04 11:54:11Z INFO JobNotification] Entering JobStarted Notification
[2026-10-04 11:54:11Z INFO JobNotification] Entering StartMonitor
[2026-10-04 11:54:20Z INFO ProcessInvokerWrapper] STDOUT/STDERR stream read finished.
[2026-10-04 11:54:20Z INFO ProcessInvokerWrapper] STDOUT/STDERR stream read finished.
[2026-10-04 11:54:20Z INFO ProcessInvokerWrapper] Finished process 19136 with exit code 100, and elapsed time 00:00:09.5520065.
[2026-10-04 11:54:20Z INFO JobDispatcher] Worker finished for job 2a2a33f8-f6cd-531e-a4b1-0151a1cf5840. Code: 100
[2026-10-04 11:54:20Z INFO JobDispatcher] finish job request for job 2a2a33f8-f6cd-531e-a4b1-0151a1cf5840 with result: Succeeded
[2026-10-04 11:54:20Z INFO Terminal] WRITE LINE: 2026-10-04 11:54:20Z: Job trigger-jenkins completed with result: Succeeded
[2026-10-04 11:54:20Z INFO JobDispatcher] Stop renew job request for job 2a2a33f8-f6cd-531e-a4b1-0151a1cf5840.
[2026-10-04 11:54:20Z INFO JobDispatcher] job renew has been cancelled, stop renew job 2a2a33f8-f6cd-531e-a4b1-0151a1cf5840.
[2026-10-04 11:54:20Z INFO JobNotification] Entering JobCompleted Notification
[2026-10-04 11:54:20Z INFO JobNotification] Entering EndMonitor
[2026-10-04 11:54:20Z INFO BrokerMessageListener] Received job status event. JobState: Online
[2026-10-04 11:54:20Z WARN GitHubActionsService] GET request to https://broker.actions.githubusercontent.com/message?sessionId=9c7e4a5d-9004-49d6-ba65-3d40ca963388&status=Busy&runnerVersion=2.337.0&os=Windows&architecture=X64&disableUpdate=false has been cancelled.
[2026-10-04 11:54:20Z ERR  BrokerServer] Catch exception during request
[2026-10-04 11:54:20Z ERR  BrokerServer] System.Threading.Tasks.TaskCanceledException: The operation was canceled.
 ---> System.Threading.Tasks.TaskCanceledException: The operation was canceled.
 ---> System.IO.IOException: Unable to read data from the transport connection: The I/O operation has been aborted because of either a thread exit or an application request..
 ---> System.Net.Sockets.SocketException (995): The I/O operation has been aborted because of either a thread exit or an application request.
   --- End of inner exception stack trace ---
   at System.Net.Sockets.Socket.AwaitableSocketAsyncEventArgs.ThrowException(SocketError error, CancellationToken cancellationToken)
   at System.Net.Sockets.Socket.AwaitableSocketAsyncEventArgs.System.Threading.Tasks.Sources.IValueTaskSource<System.Int32>.GetResult(Int16 token)
   at System.Net.Security.SslStream.EnsureFullTlsFrameAsync[TIOAdapter](CancellationToken cancellationToken, Int32 estimatedSize)
   at System.Runtime.CompilerServices.PoolingAsyncValueTaskMethodBuilder`1.StateMachineBox`1.System.Threading.Tasks.Sources.IValueTaskSource<TResult>.GetResult(Int16 token)
   at System.Net.Security.SslStream.ReadAsyncInternal[TIOAdapter](Memory`1 buffer, CancellationToken cancellationToken)
   at System.Runtime.CompilerServices.PoolingAsyncValueTaskMethodBuilder`1.StateMachineBox`1.System.Threading.Tasks.Sources.IValueTaskSource<TResult>.GetResult(Int16 token)
   at System.Net.Http.HttpConnection.<EnsureReadAheadTaskHasStarted>g__ReadAheadWithZeroByteReadAsync|40_0()
   at System.Net.Http.HttpConnection.SendAsync(HttpRequestMessage request, Boolean async, CancellationToken cancellationToken)
   --- End of inner exception stack trace ---
   at System.Net.Http.HttpConnection.SendAsync(HttpRequestMessage request, Boolean async, CancellationToken cancellationToken)
   at System.Net.Http.AuthenticationHelper.SendWithNtAuthAsync(HttpRequestMessage request, Uri authUri, Boolean async, ICredentials credentials, Boolean isProxyAuth, HttpConnection connection, HttpConnectionPool connectionPool, CancellationToken cancellationToken)
   at System.Net.Http.HttpConnectionPool.SendWithVersionDetectionAndRetryAsync(HttpRequestMessage request, Boolean async, Boolean doRequestAuth, CancellationToken cancellationToken)
   at System.Net.Http.AuthenticationHelper.SendWithAuthAsync(HttpRequestMessage request, Uri authUri, Boolean async, ICredentials credentials, Boolean preAuthenticate, Boolean isProxyAuth, Boolean doRequestAuth, HttpConnectionPool pool, CancellationToken cancellationToken)
   at System.Net.Http.RedirectHandler.SendAsync(HttpRequestMessage request, Boolean async, CancellationToken cancellationToken)
   at GitHub.Services.Common.RawHttpMessageHandler.SendAsync(HttpRequestMessage request, CancellationToken cancellationToken)
   at GitHub.Services.Common.VssHttpRetryMessageHandler.SendAsync(HttpRequestMessage request, CancellationToken cancellationToken)
   at System.Net.Http.HttpClient.<SendAsync>g__Core|83_0(HttpRequestMessage request, HttpCompletionOption completionOption, CancellationTokenSource cts, Boolean disposeCts, CancellationTokenSource pendingRequestsCts, CancellationToken originalCancellationToken)
   --- End of inner exception stack trace ---
   at System.Net.Http.HttpClient.HandleFailure(Exception e, Boolean telemetryStarted, HttpResponseMessage response, CancellationTokenSource cts, CancellationToken cancellationToken, CancellationTokenSource pendingRequestsCts)
   at System.Net.Http.HttpClient.<SendAsync>g__Core|83_0(HttpRequestMessage request, HttpCompletionOption completionOption, CancellationTokenSource cts, Boolean disposeCts, CancellationTokenSource pendingRequestsCts, CancellationToken originalCancellationToken)
   at Sdk.WebApi.WebApi.RawHttpClientBase.SendAsync(HttpRequestMessage message, HttpCompletionOption completionOption, Object userState, CancellationToken cancellationToken)
   at Sdk.WebApi.WebApi.RawHttpClientBase.SendAsync[T](HttpRequestMessage message, Boolean readErrorBody, Object userState, CancellationToken cancellationToken)
   at Sdk.WebApi.WebApi.RawHttpClientBase.SendAsync[T](HttpMethod method, IEnumerable`1 additionalHeaders, Uri requestUri, HttpContent content, IEnumerable`1 queryParameters, Boolean readErrorBody, Object userState, CancellationToken cancellationToken)
   at GitHub.Actions.RunService.WebApi.BrokerHttpClient.GetRunnerMessageAsync(Nullable`1 sessionId, String runnerVersion, Nullable`1 status, String os, String architecture, Nullable`1 disableUpdate, CancellationToken cancellationToken)
   at GitHub.Runner.Common.BrokerServer.<>c__DisplayClass7_0.<<GetRunnerMessageAsync>b__0>d.MoveNext()
--- End of stack trace from previous location ---
   at GitHub.Runner.Common.RunnerService.RetryRequest[T](Func`1 func, CancellationToken cancellationToken, Int32 maxAttempts, Func`2 shouldRetry)
[2026-10-04 11:54:20Z ERR  BrokerServer] #####################################################
[2026-10-04 11:54:20Z ERR  BrokerServer] System.Threading.Tasks.TaskCanceledException: The operation was canceled.
 ---> System.IO.IOException: Unable to read data from the transport connection: The I/O operation has been aborted because of either a thread exit or an application request..
 ---> System.Net.Sockets.SocketException (995): The I/O operation has been aborted because of either a thread exit or an application request.
   --- End of inner exception stack trace ---
   at System.Net.Sockets.Socket.AwaitableSocketAsyncEventArgs.ThrowException(SocketError error, CancellationToken cancellationToken)
   at System.Net.Sockets.Socket.AwaitableSocketAsyncEventArgs.System.Threading.Tasks.Sources.IValueTaskSource<System.Int32>.GetResult(Int16 token)
   at System.Net.Security.SslStream.EnsureFullTlsFrameAsync[TIOAdapter](CancellationToken cancellationToken, Int32 estimatedSize)
   at System.Runtime.CompilerServices.PoolingAsyncValueTaskMethodBuilder`1.StateMachineBox`1.System.Threading.Tasks.Sources.IValueTaskSource<TResult>.GetResult(Int16 token)
   at System.Net.Security.SslStream.ReadAsyncInternal[TIOAdapter](Memory`1 buffer, CancellationToken cancellationToken)
   at System.Runtime.CompilerServices.PoolingAsyncValueTaskMethodBuilder`1.StateMachineBox`1.System.Threading.Tasks.Sources.IValueTaskSource<TResult>.GetResult(Int16 token)
   at System.Net.Http.HttpConnection.<EnsureReadAheadTaskHasStarted>g__ReadAheadWithZeroByteReadAsync|40_0()
   at System.Net.Http.HttpConnection.SendAsync(HttpRequestMessage request, Boolean async, CancellationToken cancellationToken)
   --- End of inner exception stack trace ---
   at System.Net.Http.HttpConnection.SendAsync(HttpRequestMessage request, Boolean async, CancellationToken cancellationToken)
   at System.Net.Http.AuthenticationHelper.SendWithNtAuthAsync(HttpRequestMessage request, Uri authUri, Boolean async, ICredentials credentials, Boolean isProxyAuth, HttpConnection connection, HttpConnectionPool connectionPool, CancellationToken cancellationToken)
   at System.Net.Http.HttpConnectionPool.SendWithVersionDetectionAndRetryAsync(HttpRequestMessage request, Boolean async, Boolean doRequestAuth, CancellationToken cancellationToken)
   at System.Net.Http.AuthenticationHelper.SendWithAuthAsync(HttpRequestMessage request, Uri authUri, Boolean async, ICredentials credentials, Boolean preAuthenticate, Boolean isProxyAuth, Boolean doRequestAuth, HttpConnectionPool pool, CancellationToken cancellationToken)
   at System.Net.Http.RedirectHandler.SendAsync(HttpRequestMessage request, Boolean async, CancellationToken cancellationToken)
   at GitHub.Services.Common.RawHttpMessageHandler.SendAsync(HttpRequestMessage request, CancellationToken cancellationToken)
   at GitHub.Services.Common.VssHttpRetryMessageHandler.SendAsync(HttpRequestMessage request, CancellationToken cancellationToken)
   at System.Net.Http.HttpClient.<SendAsync>g__Core|83_0(HttpRequestMessage request, HttpCompletionOption completionOption, CancellationTokenSource cts, Boolean disposeCts, CancellationTokenSource pendingRequestsCts, CancellationToken originalCancellationToken)
[2026-10-04 11:54:20Z ERR  BrokerServer] #####################################################
[2026-10-04 11:54:20Z ERR  BrokerServer] System.IO.IOException: Unable to read data from the transport connection: The I/O operation has been aborted because of either a thread exit or an application request..
 ---> System.Net.Sockets.SocketException (995): The I/O operation has been aborted because of either a thread exit or an application request.
   --- End of inner exception stack trace ---
   at System.Net.Sockets.Socket.AwaitableSocketAsyncEventArgs.ThrowException(SocketError error, CancellationToken cancellationToken)
   at System.Net.Sockets.Socket.AwaitableSocketAsyncEventArgs.System.Threading.Tasks.Sources.IValueTaskSource<System.Int32>.GetResult(Int16 token)
   at System.Net.Security.SslStream.EnsureFullTlsFrameAsync[TIOAdapter](CancellationToken cancellationToken, Int32 estimatedSize)
   at System.Runtime.CompilerServices.PoolingAsyncValueTaskMethodBuilder`1.StateMachineBox`1.System.Threading.Tasks.Sources.IValueTaskSource<TResult>.GetResult(Int16 token)
   at System.Net.Security.SslStream.ReadAsyncInternal[TIOAdapter](Memory`1 buffer, CancellationToken cancellationToken)
   at System.Runtime.CompilerServices.PoolingAsyncValueTaskMethodBuilder`1.StateMachineBox`1.System.Threading.Tasks.Sources.IValueTaskSource<TResult>.GetResult(Int16 token)
   at System.Net.Http.HttpConnection.<EnsureReadAheadTaskHasStarted>g__ReadAheadWithZeroByteReadAsync|40_0()
   at System.Net.Http.HttpConnection.SendAsync(HttpRequestMessage request, Boolean async, CancellationToken cancellationToken)
[2026-10-04 11:54:20Z ERR  BrokerServer] #####################################################
[2026-10-04 11:54:20Z ERR  BrokerServer] System.Net.Sockets.SocketException (995): The I/O operation has been aborted because of either a thread exit or an application request.
[2026-10-04 11:54:20Z WARN BrokerServer] Back off 13.958 seconds before next retry. 4 attempt left.
[2026-10-04 11:54:20Z INFO BrokerMessageListener] Get messages has been cancelled using local token source. Continue to get messages with new status.
[2026-10-04 12:23:37Z INFO BrokerMessageListener] Acknowledging runner request 'de9f81fe-353c-50b3-8f78-e7daac621aaf'.
[2026-10-04 12:23:38Z INFO ConfigurationStore] HasCredentials()
[2026-10-04 12:23:38Z INFO ConfigurationStore] stored True
[2026-10-04 12:23:38Z INFO CredentialManager] GetCredentialProvider
[2026-10-04 12:23:38Z INFO CredentialManager] Creating type OAuth
[2026-10-04 12:23:38Z INFO CredentialManager] Creating credential type: OAuth
[2026-10-04 12:23:38Z INFO RSAEncryptedFileKeyManager] Loading RSA key parameters from file C:\Users\chella\Desktop\devopsassignment\devops-assignment\actions-runner\.credentials_rsaparams
[2026-10-04 12:23:38Z INFO RSAEncryptedFileKeyManager] Loading RSA key parameters from file C:\Users\chella\Desktop\devopsassignment\devops-assignment\actions-runner\.credentials_rsaparams
[2026-10-04 12:23:38Z INFO RSAEncryptedFileKeyManager] Loading RSA key parameters from file C:\Users\chella\Desktop\devopsassignment\devops-assignment\actions-runner\.credentials_rsaparams
[2026-10-04 12:23:39Z INFO GitHubActionsService] AAD Correlation ID for this token request: Unknown
[2026-10-04 12:23:40Z INFO JobDispatcher] Job request 0 for plan dff6c04d-cf27-8f49-ae63-164208d7da4d job de9f81fe-353c-50b3-8f78-e7daac621aaf received.
[2026-10-04 12:23:40Z INFO JobDispatcher] Pull OrchestrationId dff6c04d-cf27-8f49-ae63-164208d7da4d.trigger-jenkins.__default from JWT claims
[2026-10-04 12:23:40Z INFO BrokerMessageListener] Received job status event. JobState: Busy
[2026-10-04 12:23:40Z INFO BrokerMessageListener] _getMessagesTokenSource is already disposed.
[2026-10-04 12:23:40Z INFO JobDispatcher] Job request 2a2a33f8-f6cd-531e-a4b1-0151a1cf5840 processed succeed.
[2026-10-04 12:23:40Z INFO Terminal] WRITE LINE: 2026-10-04 12:23:40Z: Running job: trigger-jenkins
[2026-10-04 12:23:40Z INFO JobDispatcher] Start renew job request 0 for job de9f81fe-353c-50b3-8f78-e7daac621aaf.
[2026-10-04 12:23:40Z INFO JobDispatcher] Successfully renew job de9f81fe-353c-50b3-8f78-e7daac621aaf, job is valid till 04-10-2026 12:33:40
[2026-10-04 12:23:40Z INFO HostContext] Well known directory 'Bin': 'C:\Users\chella\Desktop\devopsassignment\devops-assignment\actions-runner\bin'
[2026-10-04 12:23:40Z INFO ProcessInvokerWrapper] Starting process:
[2026-10-04 12:23:40Z INFO ProcessInvokerWrapper]   File name: 'C:\Users\chella\Desktop\devopsassignment\devops-assignment\actions-runner\bin\Runner.Worker.exe'
[2026-10-04 12:23:40Z INFO ProcessInvokerWrapper]   Arguments: 'spawnclient 3356 3400'
[2026-10-04 12:23:40Z INFO ProcessInvokerWrapper]   Working directory: 'C:\Users\chella\Desktop\devopsassignment\devops-assignment\actions-runner\bin'
[2026-10-04 12:23:40Z INFO ProcessInvokerWrapper]   Require exit code zero: 'False'
[2026-10-04 12:23:40Z INFO ProcessInvokerWrapper]   Encoding web name:  ; code page: ''
[2026-10-04 12:23:40Z INFO ProcessInvokerWrapper]   Force kill process on cancellation: 'True'
[2026-10-04 12:23:40Z INFO ProcessInvokerWrapper]   Redirected STDIN: 'False'
[2026-10-04 12:23:40Z INFO ProcessInvokerWrapper]   Persist current code page: 'False'
[2026-10-04 12:23:40Z INFO ProcessInvokerWrapper]   Keep redirected STDIN open: 'False'
[2026-10-04 12:23:40Z INFO ProcessInvokerWrapper]   High priority process: 'True'
[2026-10-04 12:23:40Z INFO ProcessInvokerWrapper] Process started with process id 30676, waiting for process exit.
[2026-10-04 12:23:40Z INFO JobDispatcher] Send job request message to worker for job de9f81fe-353c-50b3-8f78-e7daac621aaf.
[2026-10-04 12:23:40Z INFO ProcessChannel] Sending message of length 24452, with hash 'f0db5e89b5d96b1abc847ceb4e6146551485ff300b7cc3858baa9bc1b1df397e'
[2026-10-04 12:23:41Z INFO JobNotification] Entering JobStarted Notification
[2026-10-04 12:23:41Z INFO JobNotification] Entering StartMonitor
[2026-10-04 12:23:49Z INFO ProcessInvokerWrapper] STDOUT/STDERR stream read finished.
[2026-10-04 12:23:49Z INFO ProcessInvokerWrapper] STDOUT/STDERR stream read finished.
[2026-10-04 12:23:49Z INFO ProcessInvokerWrapper] Finished process 30676 with exit code 100, and elapsed time 00:00:08.1806233.
[2026-10-04 12:23:49Z INFO JobDispatcher] Worker finished for job de9f81fe-353c-50b3-8f78-e7daac621aaf. Code: 100
[2026-10-04 12:23:49Z INFO JobDispatcher] finish job request for job de9f81fe-353c-50b3-8f78-e7daac621aaf with result: Succeeded
[2026-10-04 12:23:49Z INFO Terminal] WRITE LINE: 2026-10-04 12:23:49Z: Job trigger-jenkins completed with result: Succeeded
[2026-10-04 12:23:49Z INFO JobDispatcher] Stop renew job request for job de9f81fe-353c-50b3-8f78-e7daac621aaf.
[2026-10-04 12:23:49Z INFO JobDispatcher] job renew has been cancelled, stop renew job de9f81fe-353c-50b3-8f78-e7daac621aaf.
[2026-10-04 12:23:49Z INFO JobNotification] Entering JobCompleted Notification
[2026-10-04 12:23:49Z INFO JobNotification] Entering EndMonitor
[2026-10-04 12:23:49Z INFO BrokerMessageListener] Received job status event. JobState: Online
[2026-10-04 12:23:49Z WARN GitHubActionsService] GET request to https://broker.actions.githubusercontent.com/message?sessionId=9c7e4a5d-9004-49d6-ba65-3d40ca963388&status=Busy&runnerVersion=2.337.0&os=Windows&architecture=X64&disableUpdate=false has been cancelled.
[2026-10-04 12:23:49Z ERR  BrokerServer] Catch exception during request
[2026-10-04 12:23:49Z ERR  BrokerServer] System.Threading.Tasks.TaskCanceledException: The operation was canceled.
 ---> System.Threading.Tasks.TaskCanceledException: The operation was canceled.
 ---> System.IO.IOException: Unable to read data from the transport connection: The I/O operation has been aborted because of either a thread exit or an application request..
 ---> System.Net.Sockets.SocketException (995): The I/O operation has been aborted because of either a thread exit or an application request.
   --- End of inner exception stack trace ---
   at System.Net.Sockets.Socket.AwaitableSocketAsyncEventArgs.ThrowException(SocketError error, CancellationToken cancellationToken)
   at System.Net.Sockets.Socket.AwaitableSocketAsyncEventArgs.System.Threading.Tasks.Sources.IValueTaskSource<System.Int32>.GetResult(Int16 token)
   at System.Net.Security.SslStream.EnsureFullTlsFrameAsync[TIOAdapter](CancellationToken cancellationToken, Int32 estimatedSize)
   at System.Runtime.CompilerServices.PoolingAsyncValueTaskMethodBuilder`1.StateMachineBox`1.System.Threading.Tasks.Sources.IValueTaskSource<TResult>.GetResult(Int16 token)
   at System.Net.Security.SslStream.ReadAsyncInternal[TIOAdapter](Memory`1 buffer, CancellationToken cancellationToken)
   at System.Runtime.CompilerServices.PoolingAsyncValueTaskMethodBuilder`1.StateMachineBox`1.System.Threading.Tasks.Sources.IValueTaskSource<TResult>.GetResult(Int16 token)
   at System.Net.Http.HttpConnection.SendAsync(HttpRequestMessage request, Boolean async, CancellationToken cancellationToken)
   --- End of inner exception stack trace ---
   at System.Net.Http.HttpConnection.SendAsync(HttpRequestMessage request, Boolean async, CancellationToken cancellationToken)
   at System.Net.Http.AuthenticationHelper.SendWithNtAuthAsync(HttpRequestMessage request, Uri authUri, Boolean async, ICredentials credentials, Boolean isProxyAuth, HttpConnection connection, HttpConnectionPool connectionPool, CancellationToken cancellationToken)
   at System.Net.Http.HttpConnectionPool.SendWithVersionDetectionAndRetryAsync(HttpRequestMessage request, Boolean async, Boolean doRequestAuth, CancellationToken cancellationToken)
   at System.Net.Http.AuthenticationHelper.SendWithAuthAsync(HttpRequestMessage request, Uri authUri, Boolean async, ICredentials credentials, Boolean preAuthenticate, Boolean isProxyAuth, Boolean doRequestAuth, HttpConnectionPool pool, CancellationToken cancellationToken)
   at System.Net.Http.RedirectHandler.SendAsync(HttpRequestMessage request, Boolean async, CancellationToken cancellationToken)
   at GitHub.Services.Common.RawHttpMessageHandler.SendAsync(HttpRequestMessage request, CancellationToken cancellationToken)
   at GitHub.Services.Common.VssHttpRetryMessageHandler.SendAsync(HttpRequestMessage request, CancellationToken cancellationToken)
   at System.Net.Http.HttpClient.<SendAsync>g__Core|83_0(HttpRequestMessage request, HttpCompletionOption completionOption, CancellationTokenSource cts, Boolean disposeCts, CancellationTokenSource pendingRequestsCts, CancellationToken originalCancellationToken)
   --- End of inner exception stack trace ---
   at System.Net.Http.HttpClient.HandleFailure(Exception e, Boolean telemetryStarted, HttpResponseMessage response, CancellationTokenSource cts, CancellationToken cancellationToken, CancellationTokenSource pendingRequestsCts)
   at System.Net.Http.HttpClient.<SendAsync>g__Core|83_0(HttpRequestMessage request, HttpCompletionOption completionOption, CancellationTokenSource cts, Boolean disposeCts, CancellationTokenSource pendingRequestsCts, CancellationToken originalCancellationToken)
   at Sdk.WebApi.WebApi.RawHttpClientBase.SendAsync(HttpRequestMessage message, HttpCompletionOption completionOption, Object userState, CancellationToken cancellationToken)
   at Sdk.WebApi.WebApi.RawHttpClientBase.SendAsync[T](HttpRequestMessage message, Boolean readErrorBody, Object userState, CancellationToken cancellationToken)
   at Sdk.WebApi.WebApi.RawHttpClientBase.SendAsync[T](HttpMethod method, IEnumerable`1 additionalHeaders, Uri requestUri, HttpContent content, IEnumerable`1 queryParameters, Boolean readErrorBody, Object userState, CancellationToken cancellationToken)
   at GitHub.Actions.RunService.WebApi.BrokerHttpClient.GetRunnerMessageAsync(Nullable`1 sessionId, String runnerVersion, Nullable`1 status, String os, String architecture, Nullable`1 disableUpdate, CancellationToken cancellationToken)
   at GitHub.Runner.Common.BrokerServer.<>c__DisplayClass7_0.<<GetRunnerMessageAsync>b__0>d.MoveNext()
--- End of stack trace from previous location ---
   at GitHub.Runner.Common.RunnerService.RetryRequest[T](Func`1 func, CancellationToken cancellationToken, Int32 maxAttempts, Func`2 shouldRetry)
[2026-10-04 12:23:49Z ERR  BrokerServer] #####################################################
[2026-10-04 12:23:49Z ERR  BrokerServer] System.Threading.Tasks.TaskCanceledException: The operation was canceled.
 ---> System.IO.IOException: Unable to read data from the transport connection: The I/O operation has been aborted because of either a thread exit or an application request..
 ---> System.Net.Sockets.SocketException (995): The I/O operation has been aborted because of either a thread exit or an application request.
   --- End of inner exception stack trace ---
   at System.Net.Sockets.Socket.AwaitableSocketAsyncEventArgs.ThrowException(SocketError error, CancellationToken cancellationToken)
   at System.Net.Sockets.Socket.AwaitableSocketAsyncEventArgs.System.Threading.Tasks.Sources.IValueTaskSource<System.Int32>.GetResult(Int16 token)
   at System.Net.Security.SslStream.EnsureFullTlsFrameAsync[TIOAdapter](CancellationToken cancellationToken, Int32 estimatedSize)
   at System.Runtime.CompilerServices.PoolingAsyncValueTaskMethodBuilder`1.StateMachineBox`1.System.Threading.Tasks.Sources.IValueTaskSource<TResult>.GetResult(Int16 token)
   at System.Net.Security.SslStream.ReadAsyncInternal[TIOAdapter](Memory`1 buffer, CancellationToken cancellationToken)
   at System.Runtime.CompilerServices.PoolingAsyncValueTaskMethodBuilder`1.StateMachineBox`1.System.Threading.Tasks.Sources.IValueTaskSource<TResult>.GetResult(Int16 token)
   at System.Net.Http.HttpConnection.SendAsync(HttpRequestMessage request, Boolean async, CancellationToken cancellationToken)
   --- End of inner exception stack trace ---
   at System.Net.Http.HttpConnection.SendAsync(HttpRequestMessage request, Boolean async, CancellationToken cancellationToken)
   at System.Net.Http.AuthenticationHelper.SendWithNtAuthAsync(HttpRequestMessage request, Uri authUri, Boolean async, ICredentials credentials, Boolean isProxyAuth, HttpConnection connection, HttpConnectionPool connectionPool, CancellationToken cancellationToken)
   at System.Net.Http.HttpConnectionPool.SendWithVersionDetectionAndRetryAsync(HttpRequestMessage request, Boolean async, Boolean doRequestAuth, CancellationToken cancellationToken)
   at System.Net.Http.AuthenticationHelper.SendWithAuthAsync(HttpRequestMessage request, Uri authUri, Boolean async, ICredentials credentials, Boolean preAuthenticate, Boolean isProxyAuth, Boolean doRequestAuth, HttpConnectionPool pool, CancellationToken cancellationToken)
   at System.Net.Http.RedirectHandler.SendAsync(HttpRequestMessage request, Boolean async, CancellationToken cancellationToken)
   at GitHub.Services.Common.RawHttpMessageHandler.SendAsync(HttpRequestMessage request, CancellationToken cancellationToken)
   at GitHub.Services.Common.VssHttpRetryMessageHandler.SendAsync(HttpRequestMessage request, CancellationToken cancellationToken)
   at System.Net.Http.HttpClient.<SendAsync>g__Core|83_0(HttpRequestMessage request, HttpCompletionOption completionOption, CancellationTokenSource cts, Boolean disposeCts, CancellationTokenSource pendingRequestsCts, CancellationToken originalCancellationToken)
[2026-10-04 12:23:49Z ERR  BrokerServer] #####################################################
[2026-10-04 12:23:49Z ERR  BrokerServer] System.IO.IOException: Unable to read data from the transport connection: The I/O operation has been aborted because of either a thread exit or an application request..
 ---> System.Net.Sockets.SocketException (995): The I/O operation has been aborted because of either a thread exit or an application request.
   --- End of inner exception stack trace ---
   at System.Net.Sockets.Socket.AwaitableSocketAsyncEventArgs.ThrowException(SocketError error, CancellationToken cancellationToken)
   at System.Net.Sockets.Socket.AwaitableSocketAsyncEventArgs.System.Threading.Tasks.Sources.IValueTaskSource<System.Int32>.GetResult(Int16 token)
   at System.Net.Security.SslStream.EnsureFullTlsFrameAsync[TIOAdapter](CancellationToken cancellationToken, Int32 estimatedSize)
   at System.Runtime.CompilerServices.PoolingAsyncValueTaskMethodBuilder`1.StateMachineBox`1.System.Threading.Tasks.Sources.IValueTaskSource<TResult>.GetResult(Int16 token)
   at System.Net.Security.SslStream.ReadAsyncInternal[TIOAdapter](Memory`1 buffer, CancellationToken cancellationToken)
   at System.Runtime.CompilerServices.PoolingAsyncValueTaskMethodBuilder`1.StateMachineBox`1.System.Threading.Tasks.Sources.IValueTaskSource<TResult>.GetResult(Int16 token)
   at System.Net.Http.HttpConnection.SendAsync(HttpRequestMessage request, Boolean async, CancellationToken cancellationToken)
[2026-10-04 12:23:49Z ERR  BrokerServer] #####################################################
[2026-10-04 12:23:49Z ERR  BrokerServer] System.Net.Sockets.SocketException (995): The I/O operation has been aborted because of either a thread exit or an application request.
[2026-10-04 12:23:49Z WARN BrokerServer] Back off 7.372 seconds before next retry. 4 attempt left.
[2026-10-04 12:23:49Z INFO BrokerMessageListener] Get messages has been cancelled using local token source. Continue to get messages with new status.
[2026-10-04 12:23:49Z INFO BrokerMessageListener] Acknowledging runner request '9942a8dc-dcb9-5a32-88ad-c1fac4d3bcd9'.
[2026-10-04 12:23:49Z INFO ConfigurationStore] HasCredentials()
[2026-10-04 12:23:49Z INFO ConfigurationStore] stored True
[2026-10-04 12:23:49Z INFO CredentialManager] GetCredentialProvider
[2026-10-04 12:23:49Z INFO CredentialManager] Creating type OAuth
[2026-10-04 12:23:49Z INFO CredentialManager] Creating credential type: OAuth
[2026-10-04 12:23:49Z INFO RSAEncryptedFileKeyManager] Loading RSA key parameters from file C:\Users\chella\Desktop\devopsassignment\devops-assignment\actions-runner\.credentials_rsaparams
[2026-10-04 12:23:49Z INFO RSAEncryptedFileKeyManager] Loading RSA key parameters from file C:\Users\chella\Desktop\devopsassignment\devops-assignment\actions-runner\.credentials_rsaparams
[2026-10-04 12:23:49Z INFO RSAEncryptedFileKeyManager] Loading RSA key parameters from file C:\Users\chella\Desktop\devopsassignment\devops-assignment\actions-runner\.credentials_rsaparams
[2026-10-04 12:23:50Z INFO GitHubActionsService] AAD Correlation ID for this token request: Unknown
[2026-10-04 12:23:51Z INFO JobDispatcher] Job request 0 for plan eec8ddfa-8e10-8937-8a1f-637fc82abccc job 9942a8dc-dcb9-5a32-88ad-c1fac4d3bcd9 received.
[2026-10-04 12:23:51Z INFO JobDispatcher] Pull OrchestrationId eec8ddfa-8e10-8937-8a1f-637fc82abccc.trigger-jenkins.__default from JWT claims
[2026-10-04 12:23:51Z INFO BrokerMessageListener] Received job status event. JobState: Busy
[2026-10-04 12:23:51Z INFO BrokerMessageListener] _getMessagesTokenSource is already disposed.
[2026-10-04 12:23:51Z INFO JobDispatcher] Job request de9f81fe-353c-50b3-8f78-e7daac621aaf processed succeed.
[2026-10-04 12:23:51Z INFO Terminal] WRITE LINE: 2026-10-04 12:23:51Z: Running job: Trigger Jenkins Pipeline
[2026-10-04 12:23:51Z INFO JobDispatcher] Start renew job request 0 for job 9942a8dc-dcb9-5a32-88ad-c1fac4d3bcd9.
[2026-10-04 12:23:52Z INFO JobDispatcher] Successfully renew job 9942a8dc-dcb9-5a32-88ad-c1fac4d3bcd9, job is valid till 04-10-2026 12:33:52
[2026-10-04 12:23:52Z INFO HostContext] Well known directory 'Bin': 'C:\Users\chella\Desktop\devopsassignment\devops-assignment\actions-runner\bin'
[2026-10-04 12:23:52Z INFO ProcessInvokerWrapper] Starting process:
[2026-10-04 12:23:52Z INFO ProcessInvokerWrapper]   File name: 'C:\Users\chella\Desktop\devopsassignment\devops-assignment\actions-runner\bin\Runner.Worker.exe'
[2026-10-04 12:23:52Z INFO ProcessInvokerWrapper]   Arguments: 'spawnclient 3484 3508'
[2026-10-04 12:23:52Z INFO ProcessInvokerWrapper]   Working directory: 'C:\Users\chella\Desktop\devopsassignment\devops-assignment\actions-runner\bin'
[2026-10-04 12:23:52Z INFO ProcessInvokerWrapper]   Require exit code zero: 'False'
[2026-10-04 12:23:52Z INFO ProcessInvokerWrapper]   Encoding web name:  ; code page: ''
[2026-10-04 12:23:52Z INFO ProcessInvokerWrapper]   Force kill process on cancellation: 'True'
[2026-10-04 12:23:52Z INFO ProcessInvokerWrapper]   Redirected STDIN: 'False'
[2026-10-04 12:23:52Z INFO ProcessInvokerWrapper]   Persist current code page: 'False'
[2026-10-04 12:23:52Z INFO ProcessInvokerWrapper]   Keep redirected STDIN open: 'False'
[2026-10-04 12:23:52Z INFO ProcessInvokerWrapper]   High priority process: 'True'
[2026-10-04 12:23:52Z INFO ProcessInvokerWrapper] Process started with process id 28852, waiting for process exit.
[2026-10-04 12:23:52Z INFO JobDispatcher] Send job request message to worker for job 9942a8dc-dcb9-5a32-88ad-c1fac4d3bcd9.
[2026-10-04 12:23:52Z INFO ProcessChannel] Sending message of length 24599, with hash '3aa3f40fa0dfff1428cf129e856d7c25ff88350ef4eb69762fe864d04b0a1ed7'
[2026-10-04 12:23:52Z INFO JobNotification] Entering JobStarted Notification
[2026-10-04 12:23:52Z INFO JobNotification] Entering StartMonitor
[2026-10-04 12:24:00Z INFO ProcessInvokerWrapper] STDOUT/STDERR stream read finished.
[2026-10-04 12:24:00Z INFO ProcessInvokerWrapper] STDOUT/STDERR stream read finished.
[2026-10-04 12:24:00Z INFO ProcessInvokerWrapper] Finished process 28852 with exit code 100, and elapsed time 00:00:08.2664247.
[2026-10-04 12:24:00Z INFO JobDispatcher] Worker finished for job 9942a8dc-dcb9-5a32-88ad-c1fac4d3bcd9. Code: 100
[2026-10-04 12:24:00Z INFO JobDispatcher] finish job request for job 9942a8dc-dcb9-5a32-88ad-c1fac4d3bcd9 with result: Succeeded
[2026-10-04 12:24:00Z INFO Terminal] WRITE LINE: 2026-10-04 12:24:00Z: Job Trigger Jenkins Pipeline completed with result: Succeeded
[2026-10-04 12:24:00Z INFO JobDispatcher] Stop renew job request for job 9942a8dc-dcb9-5a32-88ad-c1fac4d3bcd9.
[2026-10-04 12:24:00Z INFO JobDispatcher] job renew has been cancelled, stop renew job 9942a8dc-dcb9-5a32-88ad-c1fac4d3bcd9.
[2026-10-04 12:24:00Z INFO JobNotification] Entering JobCompleted Notification
[2026-10-04 12:24:00Z INFO JobNotification] Entering EndMonitor
[2026-10-04 12:24:00Z INFO BrokerMessageListener] Received job status event. JobState: Online
[2026-10-04 12:24:00Z WARN GitHubActionsService] GET request to https://broker.actions.githubusercontent.com/message?sessionId=9c7e4a5d-9004-49d6-ba65-3d40ca963388&status=Busy&runnerVersion=2.337.0&os=Windows&architecture=X64&disableUpdate=false has been cancelled.
[2026-10-04 12:24:00Z ERR  BrokerServer] Catch exception during request
[2026-10-04 12:24:00Z ERR  BrokerServer] System.Threading.Tasks.TaskCanceledException: The operation was canceled.
 ---> System.Threading.Tasks.TaskCanceledException: The operation was canceled.
 ---> System.IO.IOException: Unable to read data from the transport connection: The I/O operation has been aborted because of either a thread exit or an application request..
 ---> System.Net.Sockets.SocketException (995): The I/O operation has been aborted because of either a thread exit or an application request.
   --- End of inner exception stack trace ---
   at System.Net.Sockets.Socket.AwaitableSocketAsyncEventArgs.ThrowException(SocketError error, CancellationToken cancellationToken)
   at System.Net.Sockets.Socket.AwaitableSocketAsyncEventArgs.System.Threading.Tasks.Sources.IValueTaskSource<System.Int32>.GetResult(Int16 token)
   at System.Net.Security.SslStream.EnsureFullTlsFrameAsync[TIOAdapter](CancellationToken cancellationToken, Int32 estimatedSize)
   at System.Runtime.CompilerServices.PoolingAsyncValueTaskMethodBuilder`1.StateMachineBox`1.System.Threading.Tasks.Sources.IValueTaskSource<TResult>.GetResult(Int16 token)
   at System.Net.Security.SslStream.ReadAsyncInternal[TIOAdapter](Memory`1 buffer, CancellationToken cancellationToken)
   at System.Runtime.CompilerServices.PoolingAsyncValueTaskMethodBuilder`1.StateMachineBox`1.System.Threading.Tasks.Sources.IValueTaskSource<TResult>.GetResult(Int16 token)
   at System.Net.Http.HttpConnection.SendAsync(HttpRequestMessage request, Boolean async, CancellationToken cancellationToken)
   --- End of inner exception stack trace ---
   at System.Net.Http.HttpConnection.SendAsync(HttpRequestMessage request, Boolean async, CancellationToken cancellationToken)
   at System.Net.Http.AuthenticationHelper.SendWithNtAuthAsync(HttpRequestMessage request, Uri authUri, Boolean async, ICredentials credentials, Boolean isProxyAuth, HttpConnection connection, HttpConnectionPool connectionPool, CancellationToken cancellationToken)
   at System.Net.Http.HttpConnectionPool.SendWithVersionDetectionAndRetryAsync(HttpRequestMessage request, Boolean async, Boolean doRequestAuth, CancellationToken cancellationToken)
   at System.Net.Http.AuthenticationHelper.SendWithAuthAsync(HttpRequestMessage request, Uri authUri, Boolean async, ICredentials credentials, Boolean preAuthenticate, Boolean isProxyAuth, Boolean doRequestAuth, HttpConnectionPool pool, CancellationToken cancellationToken)
   at System.Net.Http.RedirectHandler.SendAsync(HttpRequestMessage request, Boolean async, CancellationToken cancellationToken)
   at GitHub.Services.Common.RawHttpMessageHandler.SendAsync(HttpRequestMessage request, CancellationToken cancellationToken)
   at GitHub.Services.Common.VssHttpRetryMessageHandler.SendAsync(HttpRequestMessage request, CancellationToken cancellationToken)
   at System.Net.Http.HttpClient.<SendAsync>g__Core|83_0(HttpRequestMessage request, HttpCompletionOption completionOption, CancellationTokenSource cts, Boolean disposeCts, CancellationTokenSource pendingRequestsCts, CancellationToken originalCancellationToken)
   --- End of inner exception stack trace ---
   at System.Net.Http.HttpClient.HandleFailure(Exception e, Boolean telemetryStarted, HttpResponseMessage response, CancellationTokenSource cts, CancellationToken cancellationToken, CancellationTokenSource pendingRequestsCts)
   at System.Net.Http.HttpClient.<SendAsync>g__Core|83_0(HttpRequestMessage request, HttpCompletionOption completionOption, CancellationTokenSource cts, Boolean disposeCts, CancellationTokenSource pendingRequestsCts, CancellationToken originalCancellationToken)
   at Sdk.WebApi.WebApi.RawHttpClientBase.SendAsync(HttpRequestMessage message, HttpCompletionOption completionOption, Object userState, CancellationToken cancellationToken)
   at Sdk.WebApi.WebApi.RawHttpClientBase.SendAsync[T](HttpRequestMessage message, Boolean readErrorBody, Object userState, CancellationToken cancellationToken)
   at Sdk.WebApi.WebApi.RawHttpClientBase.SendAsync[T](HttpMethod method, IEnumerable`1 additionalHeaders, Uri requestUri, HttpContent content, IEnumerable`1 queryParameters, Boolean readErrorBody, Object userState, CancellationToken cancellationToken)
   at GitHub.Actions.RunService.WebApi.BrokerHttpClient.GetRunnerMessageAsync(Nullable`1 sessionId, String runnerVersion, Nullable`1 status, String os, String architecture, Nullable`1 disableUpdate, CancellationToken cancellationToken)
   at GitHub.Runner.Common.BrokerServer.<>c__DisplayClass7_0.<<GetRunnerMessageAsync>b__0>d.MoveNext()
--- End of stack trace from previous location ---
   at GitHub.Runner.Common.RunnerService.RetryRequest[T](Func`1 func, CancellationToken cancellationToken, Int32 maxAttempts, Func`2 shouldRetry)
[2026-10-04 12:24:00Z ERR  BrokerServer] #####################################################
[2026-10-04 12:24:00Z ERR  BrokerServer] System.Threading.Tasks.TaskCanceledException: The operation was canceled.
 ---> System.IO.IOException: Unable to read data from the transport connection: The I/O operation has been aborted because of either a thread exit or an application request..
 ---> System.Net.Sockets.SocketException (995): The I/O operation has been aborted because of either a thread exit or an application request.
   --- End of inner exception stack trace ---
   at System.Net.Sockets.Socket.AwaitableSocketAsyncEventArgs.ThrowException(SocketError error, CancellationToken cancellationToken)
   at System.Net.Sockets.Socket.AwaitableSocketAsyncEventArgs.System.Threading.Tasks.Sources.IValueTaskSource<System.Int32>.GetResult(Int16 token)
   at System.Net.Security.SslStream.EnsureFullTlsFrameAsync[TIOAdapter](CancellationToken cancellationToken, Int32 estimatedSize)
   at System.Runtime.CompilerServices.PoolingAsyncValueTaskMethodBuilder`1.StateMachineBox`1.System.Threading.Tasks.Sources.IValueTaskSource<TResult>.GetResult(Int16 token)
   at System.Net.Security.SslStream.ReadAsyncInternal[TIOAdapter](Memory`1 buffer, CancellationToken cancellationToken)
   at System.Runtime.CompilerServices.PoolingAsyncValueTaskMethodBuilder`1.StateMachineBox`1.System.Threading.Tasks.Sources.IValueTaskSource<TResult>.GetResult(Int16 token)
   at System.Net.Http.HttpConnection.SendAsync(HttpRequestMessage request, Boolean async, CancellationToken cancellationToken)
   --- End of inner exception stack trace ---
   at System.Net.Http.HttpConnection.SendAsync(HttpRequestMessage request, Boolean async, CancellationToken cancellationToken)
   at System.Net.Http.AuthenticationHelper.SendWithNtAuthAsync(HttpRequestMessage request, Uri authUri, Boolean async, ICredentials credentials, Boolean isProxyAuth, HttpConnection connection, HttpConnectionPool connectionPool, CancellationToken cancellationToken)
   at System.Net.Http.HttpConnectionPool.SendWithVersionDetectionAndRetryAsync(HttpRequestMessage request, Boolean async, Boolean doRequestAuth, CancellationToken cancellationToken)
   at System.Net.Http.AuthenticationHelper.SendWithAuthAsync(HttpRequestMessage request, Uri authUri, Boolean async, ICredentials credentials, Boolean preAuthenticate, Boolean isProxyAuth, Boolean doRequestAuth, HttpConnectionPool pool, CancellationToken cancellationToken)
   at System.Net.Http.RedirectHandler.SendAsync(HttpRequestMessage request, Boolean async, CancellationToken cancellationToken)
   at GitHub.Services.Common.RawHttpMessageHandler.SendAsync(HttpRequestMessage request, CancellationToken cancellationToken)
   at GitHub.Services.Common.VssHttpRetryMessageHandler.SendAsync(HttpRequestMessage request, CancellationToken cancellationToken)
   at System.Net.Http.HttpClient.<SendAsync>g__Core|83_0(HttpRequestMessage request, HttpCompletionOption completionOption, CancellationTokenSource cts, Boolean disposeCts, CancellationTokenSource pendingRequestsCts, CancellationToken originalCancellationToken)
[2026-10-04 12:24:00Z ERR  BrokerServer] #####################################################
[2026-10-04 12:24:00Z ERR  BrokerServer] System.IO.IOException: Unable to read data from the transport connection: The I/O operation has been aborted because of either a thread exit or an application request..
 ---> System.Net.Sockets.SocketException (995): The I/O operation has been aborted because of either a thread exit or an application request.
   --- End of inner exception stack trace ---
   at System.Net.Sockets.Socket.AwaitableSocketAsyncEventArgs.ThrowException(SocketError error, CancellationToken cancellationToken)
   at System.Net.Sockets.Socket.AwaitableSocketAsyncEventArgs.System.Threading.Tasks.Sources.IValueTaskSource<System.Int32>.GetResult(Int16 token)
   at System.Net.Security.SslStream.EnsureFullTlsFrameAsync[TIOAdapter](CancellationToken cancellationToken, Int32 estimatedSize)
   at System.Runtime.CompilerServices.PoolingAsyncValueTaskMethodBuilder`1.StateMachineBox`1.System.Threading.Tasks.Sources.IValueTaskSource<TResult>.GetResult(Int16 token)
   at System.Net.Security.SslStream.ReadAsyncInternal[TIOAdapter](Memory`1 buffer, CancellationToken cancellationToken)
   at System.Runtime.CompilerServices.PoolingAsyncValueTaskMethodBuilder`1.StateMachineBox`1.System.Threading.Tasks.Sources.IValueTaskSource<TResult>.GetResult(Int16 token)
   at System.Net.Http.HttpConnection.SendAsync(HttpRequestMessage request, Boolean async, CancellationToken cancellationToken)
[2026-10-04 12:24:00Z ERR  BrokerServer] #####################################################
[2026-10-04 12:24:00Z ERR  BrokerServer] System.Net.Sockets.SocketException (995): The I/O operation has been aborted because of either a thread exit or an application request.
[2026-10-04 12:24:00Z WARN BrokerServer] Back off 10.801 seconds before next retry. 4 attempt left.
[2026-10-04 12:24:00Z INFO BrokerMessageListener] Get messages has been cancelled using local token source. Continue to get messages with new status.
[2026-10-04 12:27:43Z INFO BrokerMessageListener] Acknowledging runner request 'e7fb130d-d696-52f9-9b65-c110717d9d87'.
[2026-10-04 12:27:43Z INFO ConfigurationStore] HasCredentials()
[2026-10-04 12:27:43Z INFO ConfigurationStore] stored True
[2026-10-04 12:27:43Z INFO CredentialManager] GetCredentialProvider
[2026-10-04 12:27:43Z INFO CredentialManager] Creating type OAuth
[2026-10-04 12:27:43Z INFO CredentialManager] Creating credential type: OAuth
[2026-10-04 12:27:43Z INFO RSAEncryptedFileKeyManager] Loading RSA key parameters from file C:\Users\chella\Desktop\devopsassignment\devops-assignment\actions-runner\.credentials_rsaparams
[2026-10-04 12:27:43Z INFO RSAEncryptedFileKeyManager] Loading RSA key parameters from file C:\Users\chella\Desktop\devopsassignment\devops-assignment\actions-runner\.credentials_rsaparams
[2026-10-04 12:27:43Z INFO RSAEncryptedFileKeyManager] Loading RSA key parameters from file C:\Users\chella\Desktop\devopsassignment\devops-assignment\actions-runner\.credentials_rsaparams
[2026-10-04 12:27:44Z INFO GitHubActionsService] AAD Correlation ID for this token request: Unknown
[2026-10-04 12:27:45Z INFO JobDispatcher] Job request 0 for plan 68f1bd98-d350-8d89-8cf0-7a704409186f job e7fb130d-d696-52f9-9b65-c110717d9d87 received.
[2026-10-04 12:27:45Z INFO JobDispatcher] Pull OrchestrationId 68f1bd98-d350-8d89-8cf0-7a704409186f.trigger-jenkins.__default from JWT claims
[2026-10-04 12:27:45Z INFO BrokerMessageListener] Received job status event. JobState: Busy
[2026-10-04 12:27:45Z INFO BrokerMessageListener] _getMessagesTokenSource is already disposed.
[2026-10-04 12:27:45Z INFO JobDispatcher] Job request 9942a8dc-dcb9-5a32-88ad-c1fac4d3bcd9 processed succeed.
[2026-10-04 12:27:45Z INFO Terminal] WRITE LINE: 2026-10-04 12:27:45Z: Running job: Trigger Jenkins Pipeline
[2026-10-04 12:27:45Z INFO JobDispatcher] Start renew job request 0 for job e7fb130d-d696-52f9-9b65-c110717d9d87.
[2026-10-04 12:27:46Z INFO JobDispatcher] Successfully renew job e7fb130d-d696-52f9-9b65-c110717d9d87, job is valid till 04-10-2026 12:37:46
[2026-10-04 12:27:46Z INFO HostContext] Well known directory 'Bin': 'C:\Users\chella\Desktop\devopsassignment\devops-assignment\actions-runner\bin'
[2026-10-04 12:27:46Z INFO ProcessInvokerWrapper] Starting process:
[2026-10-04 12:27:46Z INFO ProcessInvokerWrapper]   File name: 'C:\Users\chella\Desktop\devopsassignment\devops-assignment\actions-runner\bin\Runner.Worker.exe'
[2026-10-04 12:27:46Z INFO ProcessInvokerWrapper]   Arguments: 'spawnclient 3316 2764'
[2026-10-04 12:27:46Z INFO ProcessInvokerWrapper]   Working directory: 'C:\Users\chella\Desktop\devopsassignment\devops-assignment\actions-runner\bin'
[2026-10-04 12:27:46Z INFO ProcessInvokerWrapper]   Require exit code zero: 'False'
[2026-10-04 12:27:46Z INFO ProcessInvokerWrapper]   Encoding web name:  ; code page: ''
[2026-10-04 12:27:46Z INFO ProcessInvokerWrapper]   Force kill process on cancellation: 'True'
[2026-10-04 12:27:46Z INFO ProcessInvokerWrapper]   Redirected STDIN: 'False'
[2026-10-04 12:27:46Z INFO ProcessInvokerWrapper]   Persist current code page: 'False'
[2026-10-04 12:27:46Z INFO ProcessInvokerWrapper]   Keep redirected STDIN open: 'False'
[2026-10-04 12:27:46Z INFO ProcessInvokerWrapper]   High priority process: 'True'
[2026-10-04 12:27:46Z INFO ProcessInvokerWrapper] Process started with process id 20256, waiting for process exit.
[2026-10-04 12:27:46Z INFO JobDispatcher] Send job request message to worker for job e7fb130d-d696-52f9-9b65-c110717d9d87.
[2026-10-04 12:27:46Z INFO ProcessChannel] Sending message of length 24352, with hash '826eef4ae751a2e38fdb5c436b949ae88a37529200d4a5272058311ba69cf7c1'
[2026-10-04 12:27:46Z INFO JobNotification] Entering JobStarted Notification
[2026-10-04 12:27:46Z INFO JobNotification] Entering StartMonitor
[2026-10-04 12:27:55Z INFO ProcessInvokerWrapper] STDOUT/STDERR stream read finished.
[2026-10-04 12:27:55Z INFO ProcessInvokerWrapper] STDOUT/STDERR stream read finished.
[2026-10-04 12:27:55Z INFO ProcessInvokerWrapper] Finished process 20256 with exit code 100, and elapsed time 00:00:08.9288831.
[2026-10-04 12:27:55Z INFO JobDispatcher] Worker finished for job e7fb130d-d696-52f9-9b65-c110717d9d87. Code: 100
[2026-10-04 12:27:55Z INFO JobDispatcher] finish job request for job e7fb130d-d696-52f9-9b65-c110717d9d87 with result: Succeeded
[2026-10-04 12:27:55Z INFO Terminal] WRITE LINE: 2026-10-04 12:27:55Z: Job Trigger Jenkins Pipeline completed with result: Succeeded
[2026-10-04 12:27:55Z INFO JobDispatcher] Stop renew job request for job e7fb130d-d696-52f9-9b65-c110717d9d87.
[2026-10-04 12:27:55Z INFO JobDispatcher] job renew has been cancelled, stop renew job e7fb130d-d696-52f9-9b65-c110717d9d87.
[2026-10-04 12:27:55Z INFO JobNotification] Entering JobCompleted Notification
[2026-10-04 12:27:55Z INFO JobNotification] Entering EndMonitor
[2026-10-04 12:27:55Z INFO BrokerMessageListener] Received job status event. JobState: Online
[2026-10-04 12:27:55Z WARN GitHubActionsService] GET request to https://broker.actions.githubusercontent.com/message?sessionId=9c7e4a5d-9004-49d6-ba65-3d40ca963388&status=Busy&runnerVersion=2.337.0&os=Windows&architecture=X64&disableUpdate=false has been cancelled.
[2026-10-04 12:27:55Z ERR  BrokerServer] Catch exception during request
[2026-10-04 12:27:55Z ERR  BrokerServer] System.Threading.Tasks.TaskCanceledException: The operation was canceled.
 ---> System.Threading.Tasks.TaskCanceledException: The operation was canceled.
 ---> System.IO.IOException: Unable to read data from the transport connection: The I/O operation has been aborted because of either a thread exit or an application request..
 ---> System.Net.Sockets.SocketException (995): The I/O operation has been aborted because of either a thread exit or an application request.
   --- End of inner exception stack trace ---
   at System.Net.Sockets.Socket.AwaitableSocketAsyncEventArgs.ThrowException(SocketError error, CancellationToken cancellationToken)
   at System.Net.Sockets.Socket.AwaitableSocketAsyncEventArgs.System.Threading.Tasks.Sources.IValueTaskSource<System.Int32>.GetResult(Int16 token)
   at System.Net.Security.SslStream.EnsureFullTlsFrameAsync[TIOAdapter](CancellationToken cancellationToken, Int32 estimatedSize)
   at System.Runtime.CompilerServices.PoolingAsyncValueTaskMethodBuilder`1.StateMachineBox`1.System.Threading.Tasks.Sources.IValueTaskSource<TResult>.GetResult(Int16 token)
   at System.Net.Security.SslStream.ReadAsyncInternal[TIOAdapter](Memory`1 buffer, CancellationToken cancellationToken)
   at System.Runtime.CompilerServices.PoolingAsyncValueTaskMethodBuilder`1.StateMachineBox`1.System.Threading.Tasks.Sources.IValueTaskSource<TResult>.GetResult(Int16 token)
   at System.Net.Http.HttpConnection.SendAsync(HttpRequestMessage request, Boolean async, CancellationToken cancellationToken)
   --- End of inner exception stack trace ---
   at System.Net.Http.HttpConnection.SendAsync(HttpRequestMessage request, Boolean async, CancellationToken cancellationToken)
   at System.Net.Http.AuthenticationHelper.SendWithNtAuthAsync(HttpRequestMessage request, Uri authUri, Boolean async, ICredentials credentials, Boolean isProxyAuth, HttpConnection connection, HttpConnectionPool connectionPool, CancellationToken cancellationToken)
   at System.Net.Http.HttpConnectionPool.SendWithVersionDetectionAndRetryAsync(HttpRequestMessage request, Boolean async, Boolean doRequestAuth, CancellationToken cancellationToken)
   at System.Net.Http.AuthenticationHelper.SendWithAuthAsync(HttpRequestMessage request, Uri authUri, Boolean async, ICredentials credentials, Boolean preAuthenticate, Boolean isProxyAuth, Boolean doRequestAuth, HttpConnectionPool pool, CancellationToken cancellationToken)
   at System.Net.Http.RedirectHandler.SendAsync(HttpRequestMessage request, Boolean async, CancellationToken cancellationToken)
   at GitHub.Services.Common.RawHttpMessageHandler.SendAsync(HttpRequestMessage request, CancellationToken cancellationToken)
   at GitHub.Services.Common.VssHttpRetryMessageHandler.SendAsync(HttpRequestMessage request, CancellationToken cancellationToken)
   at System.Net.Http.HttpClient.<SendAsync>g__Core|83_0(HttpRequestMessage request, HttpCompletionOption completionOption, CancellationTokenSource cts, Boolean disposeCts, CancellationTokenSource pendingRequestsCts, CancellationToken originalCancellationToken)
   --- End of inner exception stack trace ---
   at System.Net.Http.HttpClient.HandleFailure(Exception e, Boolean telemetryStarted, HttpResponseMessage response, CancellationTokenSource cts, CancellationToken cancellationToken, CancellationTokenSource pendingRequestsCts)
   at System.Net.Http.HttpClient.<SendAsync>g__Core|83_0(HttpRequestMessage request, HttpCompletionOption completionOption, CancellationTokenSource cts, Boolean disposeCts, CancellationTokenSource pendingRequestsCts, CancellationToken originalCancellationToken)
   at Sdk.WebApi.WebApi.RawHttpClientBase.SendAsync(HttpRequestMessage message, HttpCompletionOption completionOption, Object userState, CancellationToken cancellationToken)
   at Sdk.WebApi.WebApi.RawHttpClientBase.SendAsync[T](HttpRequestMessage message, Boolean readErrorBody, Object userState, CancellationToken cancellationToken)
   at Sdk.WebApi.WebApi.RawHttpClientBase.SendAsync[T](HttpMethod method, IEnumerable`1 additionalHeaders, Uri requestUri, HttpContent content, IEnumerable`1 queryParameters, Boolean readErrorBody, Object userState, CancellationToken cancellationToken)
   at GitHub.Actions.RunService.WebApi.BrokerHttpClient.GetRunnerMessageAsync(Nullable`1 sessionId, String runnerVersion, Nullable`1 status, String os, String architecture, Nullable`1 disableUpdate, CancellationToken cancellationToken)
   at GitHub.Runner.Common.BrokerServer.<>c__DisplayClass7_0.<<GetRunnerMessageAsync>b__0>d.MoveNext()
--- End of stack trace from previous location ---
   at GitHub.Runner.Common.RunnerService.RetryRequest[T](Func`1 func, CancellationToken cancellationToken, Int32 maxAttempts, Func`2 shouldRetry)
[2026-10-04 12:27:55Z ERR  BrokerServer] #####################################################
[2026-10-04 12:27:55Z ERR  BrokerServer] System.Threading.Tasks.TaskCanceledException: The operation was canceled.
 ---> System.IO.IOException: Unable to read data from the transport connection: The I/O operation has been aborted because of either a thread exit or an application request..
 ---> System.Net.Sockets.SocketException (995): The I/O operation has been aborted because of either a thread exit or an application request.
   --- End of inner exception stack trace ---
   at System.Net.Sockets.Socket.AwaitableSocketAsyncEventArgs.ThrowException(SocketError error, CancellationToken cancellationToken)
   at System.Net.Sockets.Socket.AwaitableSocketAsyncEventArgs.System.Threading.Tasks.Sources.IValueTaskSource<System.Int32>.GetResult(Int16 token)
   at System.Net.Security.SslStream.EnsureFullTlsFrameAsync[TIOAdapter](CancellationToken cancellationToken, Int32 estimatedSize)
   at System.Runtime.CompilerServices.PoolingAsyncValueTaskMethodBuilder`1.StateMachineBox`1.System.Threading.Tasks.Sources.IValueTaskSource<TResult>.GetResult(Int16 token)
   at System.Net.Security.SslStream.ReadAsyncInternal[TIOAdapter](Memory`1 buffer, CancellationToken cancellationToken)
   at System.Runtime.CompilerServices.PoolingAsyncValueTaskMethodBuilder`1.StateMachineBox`1.System.Threading.Tasks.Sources.IValueTaskSource<TResult>.GetResult(Int16 token)
   at System.Net.Http.HttpConnection.SendAsync(HttpRequestMessage request, Boolean async, CancellationToken cancellationToken)
   --- End of inner exception stack trace ---
   at System.Net.Http.HttpConnection.SendAsync(HttpRequestMessage request, Boolean async, CancellationToken cancellationToken)
   at System.Net.Http.AuthenticationHelper.SendWithNtAuthAsync(HttpRequestMessage request, Uri authUri, Boolean async, ICredentials credentials, Boolean isProxyAuth, HttpConnection connection, HttpConnectionPool connectionPool, CancellationToken cancellationToken)
   at System.Net.Http.HttpConnectionPool.SendWithVersionDetectionAndRetryAsync(HttpRequestMessage request, Boolean async, Boolean doRequestAuth, CancellationToken cancellationToken)
   at System.Net.Http.AuthenticationHelper.SendWithAuthAsync(HttpRequestMessage request, Uri authUri, Boolean async, ICredentials credentials, Boolean preAuthenticate, Boolean isProxyAuth, Boolean doRequestAuth, HttpConnectionPool pool, CancellationToken cancellationToken)
   at System.Net.Http.RedirectHandler.SendAsync(HttpRequestMessage request, Boolean async, CancellationToken cancellationToken)
   at GitHub.Services.Common.RawHttpMessageHandler.SendAsync(HttpRequestMessage request, CancellationToken cancellationToken)
   at GitHub.Services.Common.VssHttpRetryMessageHandler.SendAsync(HttpRequestMessage request, CancellationToken cancellationToken)
   at System.Net.Http.HttpClient.<SendAsync>g__Core|83_0(HttpRequestMessage request, HttpCompletionOption completionOption, CancellationTokenSource cts, Boolean disposeCts, CancellationTokenSource pendingRequestsCts, CancellationToken originalCancellationToken)
[2026-10-04 12:27:55Z ERR  BrokerServer] #####################################################
[2026-10-04 12:27:55Z ERR  BrokerServer] System.IO.IOException: Unable to read data from the transport connection: The I/O operation has been aborted because of either a thread exit or an application request..
 ---> System.Net.Sockets.SocketException (995): The I/O operation has been aborted because of either a thread exit or an application request.
   --- End of inner exception stack trace ---
   at System.Net.Sockets.Socket.AwaitableSocketAsyncEventArgs.ThrowException(SocketError error, CancellationToken cancellationToken)
   at System.Net.Sockets.Socket.AwaitableSocketAsyncEventArgs.System.Threading.Tasks.Sources.IValueTaskSource<System.Int32>.GetResult(Int16 token)
   at System.Net.Security.SslStream.EnsureFullTlsFrameAsync[TIOAdapter](CancellationToken cancellationToken, Int32 estimatedSize)
   at System.Runtime.CompilerServices.PoolingAsyncValueTaskMethodBuilder`1.StateMachineBox`1.System.Threading.Tasks.Sources.IValueTaskSource<TResult>.GetResult(Int16 token)
   at System.Net.Security.SslStream.ReadAsyncInternal[TIOAdapter](Memory`1 buffer, CancellationToken cancellationToken)
   at System.Runtime.CompilerServices.PoolingAsyncValueTaskMethodBuilder`1.StateMachineBox`1.System.Threading.Tasks.Sources.IValueTaskSource<TResult>.GetResult(Int16 token)
   at System.Net.Http.HttpConnection.SendAsync(HttpRequestMessage request, Boolean async, CancellationToken cancellationToken)
[2026-10-04 12:27:55Z ERR  BrokerServer] #####################################################
[2026-10-04 12:27:55Z ERR  BrokerServer] System.Net.Sockets.SocketException (995): The I/O operation has been aborted because of either a thread exit or an application request.
[2026-10-04 12:27:55Z WARN BrokerServer] Back off 9.102 seconds before next retry. 4 attempt left.
[2026-10-04 12:27:55Z INFO BrokerMessageListener] Get messages has been cancelled using local token source. Continue to get messages with new status.
[2026-10-04 12:27:56Z INFO BrokerMessageListener] Acknowledging runner request '46a6c968-def4-5fbd-a825-888d7c3e9449'.
[2026-10-04 12:27:56Z INFO ConfigurationStore] HasCredentials()
[2026-10-04 12:27:56Z INFO ConfigurationStore] stored True
[2026-10-04 12:27:56Z INFO CredentialManager] GetCredentialProvider
[2026-10-04 12:27:56Z INFO CredentialManager] Creating type OAuth
[2026-10-04 12:27:56Z INFO CredentialManager] Creating credential type: OAuth
[2026-10-04 12:27:56Z INFO RSAEncryptedFileKeyManager] Loading RSA key parameters from file C:\Users\chella\Desktop\devopsassignment\devops-assignment\actions-runner\.credentials_rsaparams
[2026-10-04 12:27:56Z INFO RSAEncryptedFileKeyManager] Loading RSA key parameters from file C:\Users\chella\Desktop\devopsassignment\devops-assignment\actions-runner\.credentials_rsaparams
[2026-10-04 12:27:56Z INFO RSAEncryptedFileKeyManager] Loading RSA key parameters from file C:\Users\chella\Desktop\devopsassignment\devops-assignment\actions-runner\.credentials_rsaparams
[2026-10-04 12:27:57Z INFO GitHubActionsService] AAD Correlation ID for this token request: Unknown
[2026-10-04 12:27:58Z INFO JobDispatcher] Job request 0 for plan 61250cac-338c-801d-a547-292a6ddf5262 job 46a6c968-def4-5fbd-a825-888d7c3e9449 received.
[2026-10-04 12:27:58Z INFO JobDispatcher] Pull OrchestrationId 61250cac-338c-801d-a547-292a6ddf5262.trigger-jenkins.__default from JWT claims
[2026-10-04 12:27:58Z INFO BrokerMessageListener] Received job status event. JobState: Busy
[2026-10-04 12:27:58Z INFO BrokerMessageListener] _getMessagesTokenSource is already disposed.
[2026-10-04 12:27:58Z INFO JobDispatcher] Job request e7fb130d-d696-52f9-9b65-c110717d9d87 processed succeed.
[2026-10-04 12:27:58Z INFO Terminal] WRITE LINE: 2026-10-04 12:27:58Z: Running job: trigger-jenkins
[2026-10-04 12:27:58Z INFO JobDispatcher] Start renew job request 0 for job 46a6c968-def4-5fbd-a825-888d7c3e9449.
[2026-10-04 12:27:59Z INFO JobDispatcher] Successfully renew job 46a6c968-def4-5fbd-a825-888d7c3e9449, job is valid till 04-10-2026 12:37:58
[2026-10-04 12:27:59Z INFO HostContext] Well known directory 'Bin': 'C:\Users\chella\Desktop\devopsassignment\devops-assignment\actions-runner\bin'
[2026-10-04 12:27:59Z INFO ProcessInvokerWrapper] Starting process:
[2026-10-04 12:27:59Z INFO ProcessInvokerWrapper]   File name: 'C:\Users\chella\Desktop\devopsassignment\devops-assignment\actions-runner\bin\Runner.Worker.exe'
[2026-10-04 12:27:59Z INFO ProcessInvokerWrapper]   Arguments: 'spawnclient 3612 3640'
[2026-10-04 12:27:59Z INFO ProcessInvokerWrapper]   Working directory: 'C:\Users\chella\Desktop\devopsassignment\devops-assignment\actions-runner\bin'
[2026-10-04 12:27:59Z INFO ProcessInvokerWrapper]   Require exit code zero: 'False'
[2026-10-04 12:27:59Z INFO ProcessInvokerWrapper]   Encoding web name:  ; code page: ''
[2026-10-04 12:27:59Z INFO ProcessInvokerWrapper]   Force kill process on cancellation: 'True'
[2026-10-04 12:27:59Z INFO ProcessInvokerWrapper]   Redirected STDIN: 'False'
[2026-10-04 12:27:59Z INFO ProcessInvokerWrapper]   Persist current code page: 'False'
[2026-10-04 12:27:59Z INFO ProcessInvokerWrapper]   Keep redirected STDIN open: 'False'
[2026-10-04 12:27:59Z INFO ProcessInvokerWrapper]   High priority process: 'True'
[2026-10-04 12:27:59Z INFO ProcessInvokerWrapper] Process started with process id 30740, waiting for process exit.
[2026-10-04 12:27:59Z INFO JobDispatcher] Send job request message to worker for job 46a6c968-def4-5fbd-a825-888d7c3e9449.
[2026-10-04 12:27:59Z INFO ProcessChannel] Sending message of length 24387, with hash 'f65b653965603f0d76d118e8005b80589f36d0ff52791b4595744bf5a4a9b050'
[2026-10-04 12:27:59Z INFO JobNotification] Entering JobStarted Notification
[2026-10-04 12:27:59Z INFO JobNotification] Entering StartMonitor
[2026-10-04 12:28:07Z INFO ProcessInvokerWrapper] STDOUT/STDERR stream read finished.
[2026-10-04 12:28:07Z INFO ProcessInvokerWrapper] STDOUT/STDERR stream read finished.
[2026-10-04 12:28:07Z INFO ProcessInvokerWrapper] Finished process 30740 with exit code 100, and elapsed time 00:00:08.3114749.
[2026-10-04 12:28:07Z INFO JobDispatcher] Worker finished for job 46a6c968-def4-5fbd-a825-888d7c3e9449. Code: 100
[2026-10-04 12:28:07Z INFO JobDispatcher] finish job request for job 46a6c968-def4-5fbd-a825-888d7c3e9449 with result: Succeeded
[2026-10-04 12:28:07Z INFO Terminal] WRITE LINE: 2026-10-04 12:28:07Z: Job trigger-jenkins completed with result: Succeeded
[2026-10-04 12:28:07Z INFO JobDispatcher] Stop renew job request for job 46a6c968-def4-5fbd-a825-888d7c3e9449.
[2026-10-04 12:28:07Z INFO JobDispatcher] job renew has been cancelled, stop renew job 46a6c968-def4-5fbd-a825-888d7c3e9449.
[2026-10-04 12:28:07Z INFO JobNotification] Entering JobCompleted Notification
[2026-10-04 12:28:07Z INFO JobNotification] Entering EndMonitor
[2026-10-04 12:28:07Z INFO BrokerMessageListener] Received job status event. JobState: Online
[2026-10-04 12:28:07Z WARN GitHubActionsService] GET request to https://broker.actions.githubusercontent.com/message?sessionId=9c7e4a5d-9004-49d6-ba65-3d40ca963388&status=Busy&runnerVersion=2.337.0&os=Windows&architecture=X64&disableUpdate=false has been cancelled.
[2026-10-04 12:28:07Z ERR  BrokerServer] Catch exception during request
[2026-10-04 12:28:07Z ERR  BrokerServer] System.Threading.Tasks.TaskCanceledException: The operation was canceled.
 ---> System.Threading.Tasks.TaskCanceledException: The operation was canceled.
 ---> System.IO.IOException: Unable to read data from the transport connection: The I/O operation has been aborted because of either a thread exit or an application request..
 ---> System.Net.Sockets.SocketException (995): The I/O operation has been aborted because of either a thread exit or an application request.
   --- End of inner exception stack trace ---
   at System.Net.Sockets.Socket.AwaitableSocketAsyncEventArgs.ThrowException(SocketError error, CancellationToken cancellationToken)
   at System.Net.Sockets.Socket.AwaitableSocketAsyncEventArgs.System.Threading.Tasks.Sources.IValueTaskSource<System.Int32>.GetResult(Int16 token)
   at System.Net.Security.SslStream.EnsureFullTlsFrameAsync[TIOAdapter](CancellationToken cancellationToken, Int32 estimatedSize)
   at System.Runtime.CompilerServices.PoolingAsyncValueTaskMethodBuilder`1.StateMachineBox`1.System.Threading.Tasks.Sources.IValueTaskSource<TResult>.GetResult(Int16 token)
   at System.Net.Security.SslStream.ReadAsyncInternal[TIOAdapter](Memory`1 buffer, CancellationToken cancellationToken)
   at System.Runtime.CompilerServices.PoolingAsyncValueTaskMethodBuilder`1.StateMachineBox`1.System.Threading.Tasks.Sources.IValueTaskSource<TResult>.GetResult(Int16 token)
   at System.Net.Http.HttpConnection.SendAsync(HttpRequestMessage request, Boolean async, CancellationToken cancellationToken)
   --- End of inner exception stack trace ---
   at System.Net.Http.HttpConnection.SendAsync(HttpRequestMessage request, Boolean async, CancellationToken cancellationToken)
   at System.Net.Http.AuthenticationHelper.SendWithNtAuthAsync(HttpRequestMessage request, Uri authUri, Boolean async, ICredentials credentials, Boolean isProxyAuth, HttpConnection connection, HttpConnectionPool connectionPool, CancellationToken cancellationToken)
   at System.Net.Http.HttpConnectionPool.SendWithVersionDetectionAndRetryAsync(HttpRequestMessage request, Boolean async, Boolean doRequestAuth, CancellationToken cancellationToken)
   at System.Net.Http.AuthenticationHelper.SendWithAuthAsync(HttpRequestMessage request, Uri authUri, Boolean async, ICredentials credentials, Boolean preAuthenticate, Boolean isProxyAuth, Boolean doRequestAuth, HttpConnectionPool pool, CancellationToken cancellationToken)
   at System.Net.Http.RedirectHandler.SendAsync(HttpRequestMessage request, Boolean async, CancellationToken cancellationToken)
   at GitHub.Services.Common.RawHttpMessageHandler.SendAsync(HttpRequestMessage request, CancellationToken cancellationToken)
   at GitHub.Services.Common.VssHttpRetryMessageHandler.SendAsync(HttpRequestMessage request, CancellationToken cancellationToken)
   at System.Net.Http.HttpClient.<SendAsync>g__Core|83_0(HttpRequestMessage request, HttpCompletionOption completionOption, CancellationTokenSource cts, Boolean disposeCts, CancellationTokenSource pendingRequestsCts, CancellationToken originalCancellationToken)
   --- End of inner exception stack trace ---
   at System.Net.Http.HttpClient.HandleFailure(Exception e, Boolean telemetryStarted, HttpResponseMessage response, CancellationTokenSource cts, CancellationToken cancellationToken, CancellationTokenSource pendingRequestsCts)
   at System.Net.Http.HttpClient.<SendAsync>g__Core|83_0(HttpRequestMessage request, HttpCompletionOption completionOption, CancellationTokenSource cts, Boolean disposeCts, CancellationTokenSource pendingRequestsCts, CancellationToken originalCancellationToken)
   at Sdk.WebApi.WebApi.RawHttpClientBase.SendAsync(HttpRequestMessage message, HttpCompletionOption completionOption, Object userState, CancellationToken cancellationToken)
   at Sdk.WebApi.WebApi.RawHttpClientBase.SendAsync[T](HttpRequestMessage message, Boolean readErrorBody, Object userState, CancellationToken cancellationToken)
   at Sdk.WebApi.WebApi.RawHttpClientBase.SendAsync[T](HttpMethod method, IEnumerable`1 additionalHeaders, Uri requestUri, HttpContent content, IEnumerable`1 queryParameters, Boolean readErrorBody, Object userState, CancellationToken cancellationToken)
   at GitHub.Actions.RunService.WebApi.BrokerHttpClient.GetRunnerMessageAsync(Nullable`1 sessionId, String runnerVersion, Nullable`1 status, String os, String architecture, Nullable`1 disableUpdate, CancellationToken cancellationToken)
   at GitHub.Runner.Common.BrokerServer.<>c__DisplayClass7_0.<<GetRunnerMessageAsync>b__0>d.MoveNext()
--- End of stack trace from previous location ---
   at GitHub.Runner.Common.RunnerService.RetryRequest[T](Func`1 func, CancellationToken cancellationToken, Int32 maxAttempts, Func`2 shouldRetry)
[2026-10-04 12:28:07Z ERR  BrokerServer] #####################################################
[2026-10-04 12:28:07Z ERR  BrokerServer] System.Threading.Tasks.TaskCanceledException: The operation was canceled.
 ---> System.IO.IOException: Unable to read data from the transport connection: The I/O operation has been aborted because of either a thread exit or an application request..
 ---> System.Net.Sockets.SocketException (995): The I/O operation has been aborted because of either a thread exit or an application request.
   --- End of inner exception stack trace ---
   at System.Net.Sockets.Socket.AwaitableSocketAsyncEventArgs.ThrowException(SocketError error, CancellationToken cancellationToken)
   at System.Net.Sockets.Socket.AwaitableSocketAsyncEventArgs.System.Threading.Tasks.Sources.IValueTaskSource<System.Int32>.GetResult(Int16 token)
   at System.Net.Security.SslStream.EnsureFullTlsFrameAsync[TIOAdapter](CancellationToken cancellationToken, Int32 estimatedSize)
   at System.Runtime.CompilerServices.PoolingAsyncValueTaskMethodBuilder`1.StateMachineBox`1.System.Threading.Tasks.Sources.IValueTaskSource<TResult>.GetResult(Int16 token)
   at System.Net.Security.SslStream.ReadAsyncInternal[TIOAdapter](Memory`1 buffer, CancellationToken cancellationToken)
   at System.Runtime.CompilerServices.PoolingAsyncValueTaskMethodBuilder`1.StateMachineBox`1.System.Threading.Tasks.Sources.IValueTaskSource<TResult>.GetResult(Int16 token)
   at System.Net.Http.HttpConnection.SendAsync(HttpRequestMessage request, Boolean async, CancellationToken cancellationToken)
   --- End of inner exception stack trace ---
   at System.Net.Http.HttpConnection.SendAsync(HttpRequestMessage request, Boolean async, CancellationToken cancellationToken)
   at System.Net.Http.AuthenticationHelper.SendWithNtAuthAsync(HttpRequestMessage request, Uri authUri, Boolean async, ICredentials credentials, Boolean isProxyAuth, HttpConnection connection, HttpConnectionPool connectionPool, CancellationToken cancellationToken)
   at System.Net.Http.HttpConnectionPool.SendWithVersionDetectionAndRetryAsync(HttpRequestMessage request, Boolean async, Boolean doRequestAuth, CancellationToken cancellationToken)
   at System.Net.Http.AuthenticationHelper.SendWithAuthAsync(HttpRequestMessage request, Uri authUri, Boolean async, ICredentials credentials, Boolean preAuthenticate, Boolean isProxyAuth, Boolean doRequestAuth, HttpConnectionPool pool, CancellationToken cancellationToken)
   at System.Net.Http.RedirectHandler.SendAsync(HttpRequestMessage request, Boolean async, CancellationToken cancellationToken)
   at GitHub.Services.Common.RawHttpMessageHandler.SendAsync(HttpRequestMessage request, CancellationToken cancellationToken)
   at GitHub.Services.Common.VssHttpRetryMessageHandler.SendAsync(HttpRequestMessage request, CancellationToken cancellationToken)
   at System.Net.Http.HttpClient.<SendAsync>g__Core|83_0(HttpRequestMessage request, HttpCompletionOption completionOption, CancellationTokenSource cts, Boolean disposeCts, CancellationTokenSource pendingRequestsCts, CancellationToken originalCancellationToken)
[2026-10-04 12:28:07Z ERR  BrokerServer] #####################################################
[2026-10-04 12:28:07Z ERR  BrokerServer] System.IO.IOException: Unable to read data from the transport connection: The I/O operation has been aborted because of either a thread exit or an application request..
 ---> System.Net.Sockets.SocketException (995): The I/O operation has been aborted because of either a thread exit or an application request.
   --- End of inner exception stack trace ---
   at System.Net.Sockets.Socket.AwaitableSocketAsyncEventArgs.ThrowException(SocketError error, CancellationToken cancellationToken)
   at System.Net.Sockets.Socket.AwaitableSocketAsyncEventArgs.System.Threading.Tasks.Sources.IValueTaskSource<System.Int32>.GetResult(Int16 token)
   at System.Net.Security.SslStream.EnsureFullTlsFrameAsync[TIOAdapter](CancellationToken cancellationToken, Int32 estimatedSize)
   at System.Runtime.CompilerServices.PoolingAsyncValueTaskMethodBuilder`1.StateMachineBox`1.System.Threading.Tasks.Sources.IValueTaskSource<TResult>.GetResult(Int16 token)
   at System.Net.Security.SslStream.ReadAsyncInternal[TIOAdapter](Memory`1 buffer, CancellationToken cancellationToken)
   at System.Runtime.CompilerServices.PoolingAsyncValueTaskMethodBuilder`1.StateMachineBox`1.System.Threading.Tasks.Sources.IValueTaskSource<TResult>.GetResult(Int16 token)
   at System.Net.Http.HttpConnection.SendAsync(HttpRequestMessage request, Boolean async, CancellationToken cancellationToken)
[2026-10-04 12:28:07Z ERR  BrokerServer] #####################################################
[2026-10-04 12:28:07Z ERR  BrokerServer] System.Net.Sockets.SocketException (995): The I/O operation has been aborted because of either a thread exit or an application request.
[2026-10-04 12:28:07Z WARN BrokerServer] Back off 14.546 seconds before next retry. 4 attempt left.
[2026-10-04 12:28:07Z INFO BrokerMessageListener] Get messages has been cancelled using local token source. Continue to get messages with new status.
[2026-10-04 12:32:03Z INFO BrokerMessageListener] Acknowledging runner request '35f98f1a-40e5-5c58-83c3-d03d72d12a13'.
[2026-10-04 12:32:03Z INFO ConfigurationStore] HasCredentials()
[2026-10-04 12:32:03Z INFO ConfigurationStore] stored True
[2026-10-04 12:32:03Z INFO CredentialManager] GetCredentialProvider
[2026-10-04 12:32:03Z INFO CredentialManager] Creating type OAuth
[2026-10-04 12:32:03Z INFO CredentialManager] Creating credential type: OAuth
[2026-10-04 12:32:03Z INFO RSAEncryptedFileKeyManager] Loading RSA key parameters from file C:\Users\chella\Desktop\devopsassignment\devops-assignment\actions-runner\.credentials_rsaparams
[2026-10-04 12:32:03Z INFO RSAEncryptedFileKeyManager] Loading RSA key parameters from file C:\Users\chella\Desktop\devopsassignment\devops-assignment\actions-runner\.credentials_rsaparams
[2026-10-04 12:32:03Z INFO RSAEncryptedFileKeyManager] Loading RSA key parameters from file C:\Users\chella\Desktop\devopsassignment\devops-assignment\actions-runner\.credentials_rsaparams
[2026-10-04 12:32:04Z INFO GitHubActionsService] AAD Correlation ID for this token request: Unknown
[2026-10-04 12:32:05Z INFO JobDispatcher] Job request 0 for plan 63bef21c-5839-88dd-8a71-2c477305e1bf job 35f98f1a-40e5-5c58-83c3-d03d72d12a13 received.
[2026-10-04 12:32:05Z INFO JobDispatcher] Pull OrchestrationId 63bef21c-5839-88dd-8a71-2c477305e1bf.trigger-jenkins.__default from JWT claims
[2026-10-04 12:32:05Z INFO BrokerMessageListener] Received job status event. JobState: Busy
[2026-10-04 12:32:05Z INFO BrokerMessageListener] _getMessagesTokenSource is already disposed.
[2026-10-04 12:32:05Z INFO JobDispatcher] Job request 46a6c968-def4-5fbd-a825-888d7c3e9449 processed succeed.
[2026-10-04 12:32:05Z INFO Terminal] WRITE LINE: 2026-10-04 12:32:05Z: Running job: Trigger Jenkins Pipeline
[2026-10-04 12:32:05Z INFO JobDispatcher] Start renew job request 0 for job 35f98f1a-40e5-5c58-83c3-d03d72d12a13.
[2026-10-04 12:32:06Z INFO JobDispatcher] Successfully renew job 35f98f1a-40e5-5c58-83c3-d03d72d12a13, job is valid till 04-10-2026 12:42:05
[2026-10-04 12:32:06Z INFO HostContext] Well known directory 'Bin': 'C:\Users\chella\Desktop\devopsassignment\devops-assignment\actions-runner\bin'
[2026-10-04 12:32:06Z INFO ProcessInvokerWrapper] Starting process:
[2026-10-04 12:32:06Z INFO ProcessInvokerWrapper]   File name: 'C:\Users\chella\Desktop\devopsassignment\devops-assignment\actions-runner\bin\Runner.Worker.exe'
[2026-10-04 12:32:06Z INFO ProcessInvokerWrapper]   Arguments: 'spawnclient 3476 3480'
[2026-10-04 12:32:06Z INFO ProcessInvokerWrapper]   Working directory: 'C:\Users\chella\Desktop\devopsassignment\devops-assignment\actions-runner\bin'
[2026-10-04 12:32:06Z INFO ProcessInvokerWrapper]   Require exit code zero: 'False'
[2026-10-04 12:32:06Z INFO ProcessInvokerWrapper]   Encoding web name:  ; code page: ''
[2026-10-04 12:32:06Z INFO ProcessInvokerWrapper]   Force kill process on cancellation: 'True'
[2026-10-04 12:32:06Z INFO ProcessInvokerWrapper]   Redirected STDIN: 'False'
[2026-10-04 12:32:06Z INFO ProcessInvokerWrapper]   Persist current code page: 'False'
[2026-10-04 12:32:06Z INFO ProcessInvokerWrapper]   Keep redirected STDIN open: 'False'
[2026-10-04 12:32:06Z INFO ProcessInvokerWrapper]   High priority process: 'True'
[2026-10-04 12:32:06Z INFO ProcessInvokerWrapper] Process started with process id 1832, waiting for process exit.
[2026-10-04 12:32:06Z INFO JobDispatcher] Send job request message to worker for job 35f98f1a-40e5-5c58-83c3-d03d72d12a13.
[2026-10-04 12:32:06Z INFO ProcessChannel] Sending message of length 24397, with hash 'a10367b1f9c3b8973896349d848027620feede2adb0f76b3b32f31c97a13e300'
[2026-10-04 12:32:06Z INFO JobNotification] Entering JobStarted Notification
[2026-10-04 12:32:06Z INFO JobNotification] Entering StartMonitor
[2026-10-04 12:32:14Z INFO ProcessInvokerWrapper] STDOUT/STDERR stream read finished.
[2026-10-04 12:32:14Z INFO ProcessInvokerWrapper] STDOUT/STDERR stream read finished.
[2026-10-04 12:32:14Z INFO ProcessInvokerWrapper] Finished process 1832 with exit code 100, and elapsed time 00:00:08.0111109.
[2026-10-04 12:32:14Z INFO JobDispatcher] Worker finished for job 35f98f1a-40e5-5c58-83c3-d03d72d12a13. Code: 100
[2026-10-04 12:32:14Z INFO JobDispatcher] finish job request for job 35f98f1a-40e5-5c58-83c3-d03d72d12a13 with result: Succeeded
[2026-10-04 12:32:14Z INFO Terminal] WRITE LINE: 2026-10-04 12:32:14Z: Job Trigger Jenkins Pipeline completed with result: Succeeded
[2026-10-04 12:32:14Z INFO JobDispatcher] Stop renew job request for job 35f98f1a-40e5-5c58-83c3-d03d72d12a13.
[2026-10-04 12:32:14Z INFO JobDispatcher] job renew has been cancelled, stop renew job 35f98f1a-40e5-5c58-83c3-d03d72d12a13.
[2026-10-04 12:32:14Z INFO JobNotification] Entering JobCompleted Notification
[2026-10-04 12:32:14Z INFO JobNotification] Entering EndMonitor
[2026-10-04 12:32:14Z INFO BrokerMessageListener] Received job status event. JobState: Online
[2026-10-04 12:32:14Z WARN GitHubActionsService] GET request to https://broker.actions.githubusercontent.com/message?sessionId=9c7e4a5d-9004-49d6-ba65-3d40ca963388&status=Busy&runnerVersion=2.337.0&os=Windows&architecture=X64&disableUpdate=false has been cancelled.
[2026-10-04 12:32:14Z ERR  BrokerServer] Catch exception during request
[2026-10-04 12:32:14Z ERR  BrokerServer] System.Threading.Tasks.TaskCanceledException: The operation was canceled.
 ---> System.Threading.Tasks.TaskCanceledException: The operation was canceled.
 ---> System.IO.IOException: Unable to read data from the transport connection: The I/O operation has been aborted because of either a thread exit or an application request..
 ---> System.Net.Sockets.SocketException (995): The I/O operation has been aborted because of either a thread exit or an application request.
   --- End of inner exception stack trace ---
   at System.Net.Sockets.Socket.AwaitableSocketAsyncEventArgs.ThrowException(SocketError error, CancellationToken cancellationToken)
   at System.Net.Sockets.Socket.AwaitableSocketAsyncEventArgs.System.Threading.Tasks.Sources.IValueTaskSource<System.Int32>.GetResult(Int16 token)
   at System.Net.Security.SslStream.EnsureFullTlsFrameAsync[TIOAdapter](CancellationToken cancellationToken, Int32 estimatedSize)
   at System.Runtime.CompilerServices.PoolingAsyncValueTaskMethodBuilder`1.StateMachineBox`1.System.Threading.Tasks.Sources.IValueTaskSource<TResult>.GetResult(Int16 token)
   at System.Net.Security.SslStream.ReadAsyncInternal[TIOAdapter](Memory`1 buffer, CancellationToken cancellationToken)
   at System.Runtime.CompilerServices.PoolingAsyncValueTaskMethodBuilder`1.StateMachineBox`1.System.Threading.Tasks.Sources.IValueTaskSource<TResult>.GetResult(Int16 token)
   at System.Net.Http.HttpConnection.SendAsync(HttpRequestMessage request, Boolean async, CancellationToken cancellationToken)
   --- End of inner exception stack trace ---
   at System.Net.Http.HttpConnection.SendAsync(HttpRequestMessage request, Boolean async, CancellationToken cancellationToken)
   at System.Net.Http.AuthenticationHelper.SendWithNtAuthAsync(HttpRequestMessage request, Uri authUri, Boolean async, ICredentials credentials, Boolean isProxyAuth, HttpConnection connection, HttpConnectionPool connectionPool, CancellationToken cancellationToken)
   at System.Net.Http.HttpConnectionPool.SendWithVersionDetectionAndRetryAsync(HttpRequestMessage request, Boolean async, Boolean doRequestAuth, CancellationToken cancellationToken)
   at System.Net.Http.AuthenticationHelper.SendWithAuthAsync(HttpRequestMessage request, Uri authUri, Boolean async, ICredentials credentials, Boolean preAuthenticate, Boolean isProxyAuth, Boolean doRequestAuth, HttpConnectionPool pool, CancellationToken cancellationToken)
   at System.Net.Http.RedirectHandler.SendAsync(HttpRequestMessage request, Boolean async, CancellationToken cancellationToken)
   at GitHub.Services.Common.RawHttpMessageHandler.SendAsync(HttpRequestMessage request, CancellationToken cancellationToken)
   at GitHub.Services.Common.VssHttpRetryMessageHandler.SendAsync(HttpRequestMessage request, CancellationToken cancellationToken)
   at System.Net.Http.HttpClient.<SendAsync>g__Core|83_0(HttpRequestMessage request, HttpCompletionOption completionOption, CancellationTokenSource cts, Boolean disposeCts, CancellationTokenSource pendingRequestsCts, CancellationToken originalCancellationToken)
   --- End of inner exception stack trace ---
   at System.Net.Http.HttpClient.HandleFailure(Exception e, Boolean telemetryStarted, HttpResponseMessage response, CancellationTokenSource cts, CancellationToken cancellationToken, CancellationTokenSource pendingRequestsCts)
   at System.Net.Http.HttpClient.<SendAsync>g__Core|83_0(HttpRequestMessage request, HttpCompletionOption completionOption, CancellationTokenSource cts, Boolean disposeCts, CancellationTokenSource pendingRequestsCts, CancellationToken originalCancellationToken)
   at Sdk.WebApi.WebApi.RawHttpClientBase.SendAsync(HttpRequestMessage message, HttpCompletionOption completionOption, Object userState, CancellationToken cancellationToken)
   at Sdk.WebApi.WebApi.RawHttpClientBase.SendAsync[T](HttpRequestMessage message, Boolean readErrorBody, Object userState, CancellationToken cancellationToken)
   at Sdk.WebApi.WebApi.RawHttpClientBase.SendAsync[T](HttpMethod method, IEnumerable`1 additionalHeaders, Uri requestUri, HttpContent content, IEnumerable`1 queryParameters, Boolean readErrorBody, Object userState, CancellationToken cancellationToken)
   at GitHub.Actions.RunService.WebApi.BrokerHttpClient.GetRunnerMessageAsync(Nullable`1 sessionId, String runnerVersion, Nullable`1 status, String os, String architecture, Nullable`1 disableUpdate, CancellationToken cancellationToken)
   at GitHub.Runner.Common.BrokerServer.<>c__DisplayClass7_0.<<GetRunnerMessageAsync>b__0>d.MoveNext()
--- End of stack trace from previous location ---
   at GitHub.Runner.Common.RunnerService.RetryRequest[T](Func`1 func, CancellationToken cancellationToken, Int32 maxAttempts, Func`2 shouldRetry)
[2026-10-04 12:32:14Z ERR  BrokerServer] #####################################################
[2026-10-04 12:32:14Z ERR  BrokerServer] System.Threading.Tasks.TaskCanceledException: The operation was canceled.
 ---> System.IO.IOException: Unable to read data from the transport connection: The I/O operation has been aborted because of either a thread exit or an application request..
 ---> System.Net.Sockets.SocketException (995): The I/O operation has been aborted because of either a thread exit or an application request.
   --- End of inner exception stack trace ---
   at System.Net.Sockets.Socket.AwaitableSocketAsyncEventArgs.ThrowException(SocketError error, CancellationToken cancellationToken)
   at System.Net.Sockets.Socket.AwaitableSocketAsyncEventArgs.System.Threading.Tasks.Sources.IValueTaskSource<System.Int32>.GetResult(Int16 token)
   at System.Net.Security.SslStream.EnsureFullTlsFrameAsync[TIOAdapter](CancellationToken cancellationToken, Int32 estimatedSize)
   at System.Runtime.CompilerServices.PoolingAsyncValueTaskMethodBuilder`1.StateMachineBox`1.System.Threading.Tasks.Sources.IValueTaskSource<TResult>.GetResult(Int16 token)
   at System.Net.Security.SslStream.ReadAsyncInternal[TIOAdapter](Memory`1 buffer, CancellationToken cancellationToken)
   at System.Runtime.CompilerServices.PoolingAsyncValueTaskMethodBuilder`1.StateMachineBox`1.System.Threading.Tasks.Sources.IValueTaskSource<TResult>.GetResult(Int16 token)
   at System.Net.Http.HttpConnection.SendAsync(HttpRequestMessage request, Boolean async, CancellationToken cancellationToken)
   --- End of inner exception stack trace ---
   at System.Net.Http.HttpConnection.SendAsync(HttpRequestMessage request, Boolean async, CancellationToken cancellationToken)
   at System.Net.Http.AuthenticationHelper.SendWithNtAuthAsync(HttpRequestMessage request, Uri authUri, Boolean async, ICredentials credentials, Boolean isProxyAuth, HttpConnection connection, HttpConnectionPool connectionPool, CancellationToken cancellationToken)
   at System.Net.Http.HttpConnectionPool.SendWithVersionDetectionAndRetryAsync(HttpRequestMessage request, Boolean async, Boolean doRequestAuth, CancellationToken cancellationToken)
   at System.Net.Http.AuthenticationHelper.SendWithAuthAsync(HttpRequestMessage request, Uri authUri, Boolean async, ICredentials credentials, Boolean preAuthenticate, Boolean isProxyAuth, Boolean doRequestAuth, HttpConnectionPool pool, CancellationToken cancellationToken)
   at System.Net.Http.RedirectHandler.SendAsync(HttpRequestMessage request, Boolean async, CancellationToken cancellationToken)
   at GitHub.Services.Common.RawHttpMessageHandler.SendAsync(HttpRequestMessage request, CancellationToken cancellationToken)
   at GitHub.Services.Common.VssHttpRetryMessageHandler.SendAsync(HttpRequestMessage request, CancellationToken cancellationToken)
   at System.Net.Http.HttpClient.<SendAsync>g__Core|83_0(HttpRequestMessage request, HttpCompletionOption completionOption, CancellationTokenSource cts, Boolean disposeCts, CancellationTokenSource pendingRequestsCts, CancellationToken originalCancellationToken)
[2026-10-04 12:32:14Z ERR  BrokerServer] #####################################################
[2026-10-04 12:32:14Z ERR  BrokerServer] System.IO.IOException: Unable to read data from the transport connection: The I/O operation has been aborted because of either a thread exit or an application request..
 ---> System.Net.Sockets.SocketException (995): The I/O operation has been aborted because of either a thread exit or an application request.
   --- End of inner exception stack trace ---
   at System.Net.Sockets.Socket.AwaitableSocketAsyncEventArgs.ThrowException(SocketError error, CancellationToken cancellationToken)
   at System.Net.Sockets.Socket.AwaitableSocketAsyncEventArgs.System.Threading.Tasks.Sources.IValueTaskSource<System.Int32>.GetResult(Int16 token)
   at System.Net.Security.SslStream.EnsureFullTlsFrameAsync[TIOAdapter](CancellationToken cancellationToken, Int32 estimatedSize)
   at System.Runtime.CompilerServices.PoolingAsyncValueTaskMethodBuilder`1.StateMachineBox`1.System.Threading.Tasks.Sources.IValueTaskSource<TResult>.GetResult(Int16 token)
   at System.Net.Security.SslStream.ReadAsyncInternal[TIOAdapter](Memory`1 buffer, CancellationToken cancellationToken)
   at System.Runtime.CompilerServices.PoolingAsyncValueTaskMethodBuilder`1.StateMachineBox`1.System.Threading.Tasks.Sources.IValueTaskSource<TResult>.GetResult(Int16 token)
   at System.Net.Http.HttpConnection.SendAsync(HttpRequestMessage request, Boolean async, CancellationToken cancellationToken)
[2026-10-04 12:32:14Z ERR  BrokerServer] #####################################################
[2026-10-04 12:32:14Z ERR  BrokerServer] System.Net.Sockets.SocketException (995): The I/O operation has been aborted because of either a thread exit or an application request.
[2026-10-04 12:32:14Z WARN BrokerServer] Back off 10.128 seconds before next retry. 4 attempt left.
[2026-10-04 12:32:14Z INFO BrokerMessageListener] Get messages has been cancelled using local token source. Continue to get messages with new status.
[2026-10-04 12:32:14Z INFO BrokerMessageListener] Acknowledging runner request '03594d0e-7483-513f-8662-704c18bc46fd'.
[2026-10-04 12:32:15Z INFO ConfigurationStore] HasCredentials()
[2026-10-04 12:32:15Z INFO ConfigurationStore] stored True
[2026-10-04 12:32:15Z INFO CredentialManager] GetCredentialProvider
[2026-10-04 12:32:15Z INFO CredentialManager] Creating type OAuth
[2026-10-04 12:32:15Z INFO CredentialManager] Creating credential type: OAuth
[2026-10-04 12:32:15Z INFO RSAEncryptedFileKeyManager] Loading RSA key parameters from file C:\Users\chella\Desktop\devopsassignment\devops-assignment\actions-runner\.credentials_rsaparams
[2026-10-04 12:32:15Z INFO RSAEncryptedFileKeyManager] Loading RSA key parameters from file C:\Users\chella\Desktop\devopsassignment\devops-assignment\actions-runner\.credentials_rsaparams
[2026-10-04 12:32:15Z INFO RSAEncryptedFileKeyManager] Loading RSA key parameters from file C:\Users\chella\Desktop\devopsassignment\devops-assignment\actions-runner\.credentials_rsaparams
[2026-10-04 12:32:15Z INFO GitHubActionsService] AAD Correlation ID for this token request: Unknown
[2026-10-04 12:32:16Z INFO JobDispatcher] Job request 0 for plan 96c5f81e-b40e-89e7-bb40-7e299bc8bea4 job 03594d0e-7483-513f-8662-704c18bc46fd received.
[2026-10-04 12:32:16Z INFO JobDispatcher] Pull OrchestrationId 96c5f81e-b40e-89e7-bb40-7e299bc8bea4.trigger-jenkins.__default from JWT claims
[2026-10-04 12:32:16Z INFO BrokerMessageListener] Received job status event. JobState: Busy
[2026-10-04 12:32:16Z INFO BrokerMessageListener] _getMessagesTokenSource is already disposed.
[2026-10-04 12:32:16Z INFO JobDispatcher] Job request 35f98f1a-40e5-5c58-83c3-d03d72d12a13 processed succeed.
[2026-10-04 12:32:16Z INFO Terminal] WRITE LINE: 2026-10-04 12:32:16Z: Running job: trigger-jenkins
[2026-10-04 12:32:16Z INFO JobDispatcher] Start renew job request 0 for job 03594d0e-7483-513f-8662-704c18bc46fd.
[2026-10-04 12:32:17Z INFO JobDispatcher] Successfully renew job 03594d0e-7483-513f-8662-704c18bc46fd, job is valid till 04-10-2026 12:42:17
[2026-10-04 12:32:17Z INFO HostContext] Well known directory 'Bin': 'C:\Users\chella\Desktop\devopsassignment\devops-assignment\actions-runner\bin'
[2026-10-04 12:32:17Z INFO ProcessInvokerWrapper] Starting process:
[2026-10-04 12:32:17Z INFO ProcessInvokerWrapper]   File name: 'C:\Users\chella\Desktop\devopsassignment\devops-assignment\actions-runner\bin\Runner.Worker.exe'
[2026-10-04 12:32:17Z INFO ProcessInvokerWrapper]   Arguments: 'spawnclient 1540 3428'
[2026-10-04 12:32:17Z INFO ProcessInvokerWrapper]   Working directory: 'C:\Users\chella\Desktop\devopsassignment\devops-assignment\actions-runner\bin'
[2026-10-04 12:32:17Z INFO ProcessInvokerWrapper]   Require exit code zero: 'False'
[2026-10-04 12:32:17Z INFO ProcessInvokerWrapper]   Encoding web name:  ; code page: ''
[2026-10-04 12:32:17Z INFO ProcessInvokerWrapper]   Force kill process on cancellation: 'True'
[2026-10-04 12:32:17Z INFO ProcessInvokerWrapper]   Redirected STDIN: 'False'
[2026-10-04 12:32:17Z INFO ProcessInvokerWrapper]   Persist current code page: 'False'
[2026-10-04 12:32:17Z INFO ProcessInvokerWrapper]   Keep redirected STDIN open: 'False'
[2026-10-04 12:32:17Z INFO ProcessInvokerWrapper]   High priority process: 'True'
[2026-10-04 12:32:17Z INFO ProcessInvokerWrapper] Process started with process id 30028, waiting for process exit.
[2026-10-04 12:32:17Z INFO JobDispatcher] Send job request message to worker for job 03594d0e-7483-513f-8662-704c18bc46fd.
[2026-10-04 12:32:17Z INFO ProcessChannel] Sending message of length 24434, with hash 'f81031ec165cbe8e514ab13d9d4913ada982ab73b1165c1e6148b17c84011b81'
[2026-10-04 12:32:17Z INFO JobNotification] Entering JobStarted Notification
[2026-10-04 12:32:17Z INFO JobNotification] Entering StartMonitor
[2026-10-04 12:32:25Z INFO ProcessInvokerWrapper] STDOUT/STDERR stream read finished.
[2026-10-04 12:32:25Z INFO ProcessInvokerWrapper] STDOUT/STDERR stream read finished.
[2026-10-04 12:32:25Z INFO ProcessInvokerWrapper] Finished process 30028 with exit code 100, and elapsed time 00:00:07.9228102.
[2026-10-04 12:32:25Z INFO JobDispatcher] Worker finished for job 03594d0e-7483-513f-8662-704c18bc46fd. Code: 100
[2026-10-04 12:32:25Z INFO JobDispatcher] finish job request for job 03594d0e-7483-513f-8662-704c18bc46fd with result: Succeeded
[2026-10-04 12:32:25Z INFO Terminal] WRITE LINE: 2026-10-04 12:32:25Z: Job trigger-jenkins completed with result: Succeeded
[2026-10-04 12:32:25Z INFO JobDispatcher] Stop renew job request for job 03594d0e-7483-513f-8662-704c18bc46fd.
[2026-10-04 12:32:25Z INFO JobDispatcher] job renew has been cancelled, stop renew job 03594d0e-7483-513f-8662-704c18bc46fd.
[2026-10-04 12:32:25Z INFO JobNotification] Entering JobCompleted Notification
[2026-10-04 12:32:25Z INFO JobNotification] Entering EndMonitor
[2026-10-04 12:32:25Z INFO BrokerMessageListener] Received job status event. JobState: Online
[2026-10-04 12:32:25Z WARN GitHubActionsService] GET request to https://broker.actions.githubusercontent.com/message?sessionId=9c7e4a5d-9004-49d6-ba65-3d40ca963388&status=Busy&runnerVersion=2.337.0&os=Windows&architecture=X64&disableUpdate=false has been cancelled.
[2026-10-04 12:32:25Z ERR  BrokerServer] Catch exception during request
[2026-10-04 12:32:25Z ERR  BrokerServer] System.Threading.Tasks.TaskCanceledException: The operation was canceled.
 ---> System.Threading.Tasks.TaskCanceledException: The operation was canceled.
 ---> System.IO.IOException: Unable to read data from the transport connection: The I/O operation has been aborted because of either a thread exit or an application request..
 ---> System.Net.Sockets.SocketException (995): The I/O operation has been aborted because of either a thread exit or an application request.
   --- End of inner exception stack trace ---
   at System.Net.Sockets.Socket.AwaitableSocketAsyncEventArgs.ThrowException(SocketError error, CancellationToken cancellationToken)
   at System.Net.Sockets.Socket.AwaitableSocketAsyncEventArgs.System.Threading.Tasks.Sources.IValueTaskSource<System.Int32>.GetResult(Int16 token)
   at System.Net.Security.SslStream.EnsureFullTlsFrameAsync[TIOAdapter](CancellationToken cancellationToken, Int32 estimatedSize)
   at System.Runtime.CompilerServices.PoolingAsyncValueTaskMethodBuilder`1.StateMachineBox`1.System.Threading.Tasks.Sources.IValueTaskSource<TResult>.GetResult(Int16 token)
   at System.Net.Security.SslStream.ReadAsyncInternal[TIOAdapter](Memory`1 buffer, CancellationToken cancellationToken)
   at System.Runtime.CompilerServices.PoolingAsyncValueTaskMethodBuilder`1.StateMachineBox`1.System.Threading.Tasks.Sources.IValueTaskSource<TResult>.GetResult(Int16 token)
   at System.Net.Http.HttpConnection.SendAsync(HttpRequestMessage request, Boolean async, CancellationToken cancellationToken)
   --- End of inner exception stack trace ---
   at System.Net.Http.HttpConnection.SendAsync(HttpRequestMessage request, Boolean async, CancellationToken cancellationToken)
   at System.Net.Http.AuthenticationHelper.SendWithNtAuthAsync(HttpRequestMessage request, Uri authUri, Boolean async, ICredentials credentials, Boolean isProxyAuth, HttpConnection connection, HttpConnectionPool connectionPool, CancellationToken cancellationToken)
   at System.Net.Http.HttpConnectionPool.SendWithVersionDetectionAndRetryAsync(HttpRequestMessage request, Boolean async, Boolean doRequestAuth, CancellationToken cancellationToken)
   at System.Net.Http.AuthenticationHelper.SendWithAuthAsync(HttpRequestMessage request, Uri authUri, Boolean async, ICredentials credentials, Boolean preAuthenticate, Boolean isProxyAuth, Boolean doRequestAuth, HttpConnectionPool pool, CancellationToken cancellationToken)
   at System.Net.Http.RedirectHandler.SendAsync(HttpRequestMessage request, Boolean async, CancellationToken cancellationToken)
   at GitHub.Services.Common.RawHttpMessageHandler.SendAsync(HttpRequestMessage request, CancellationToken cancellationToken)
   at GitHub.Services.Common.VssHttpRetryMessageHandler.SendAsync(HttpRequestMessage request, CancellationToken cancellationToken)
   at System.Net.Http.HttpClient.<SendAsync>g__Core|83_0(HttpRequestMessage request, HttpCompletionOption completionOption, CancellationTokenSource cts, Boolean disposeCts, CancellationTokenSource pendingRequestsCts, CancellationToken originalCancellationToken)
   --- End of inner exception stack trace ---
   at System.Net.Http.HttpClient.HandleFailure(Exception e, Boolean telemetryStarted, HttpResponseMessage response, CancellationTokenSource cts, CancellationToken cancellationToken, CancellationTokenSource pendingRequestsCts)
   at System.Net.Http.HttpClient.<SendAsync>g__Core|83_0(HttpRequestMessage request, HttpCompletionOption completionOption, CancellationTokenSource cts, Boolean disposeCts, CancellationTokenSource pendingRequestsCts, CancellationToken originalCancellationToken)
   at Sdk.WebApi.WebApi.RawHttpClientBase.SendAsync(HttpRequestMessage message, HttpCompletionOption completionOption, Object userState, CancellationToken cancellationToken)
   at Sdk.WebApi.WebApi.RawHttpClientBase.SendAsync[T](HttpRequestMessage message, Boolean readErrorBody, Object userState, CancellationToken cancellationToken)
   at Sdk.WebApi.WebApi.RawHttpClientBase.SendAsync[T](HttpMethod method, IEnumerable`1 additionalHeaders, Uri requestUri, HttpContent content, IEnumerable`1 queryParameters, Boolean readErrorBody, Object userState, CancellationToken cancellationToken)
   at GitHub.Actions.RunService.WebApi.BrokerHttpClient.GetRunnerMessageAsync(Nullable`1 sessionId, String runnerVersion, Nullable`1 status, String os, String architecture, Nullable`1 disableUpdate, CancellationToken cancellationToken)
   at GitHub.Runner.Common.BrokerServer.<>c__DisplayClass7_0.<<GetRunnerMessageAsync>b__0>d.MoveNext()
--- End of stack trace from previous location ---
   at GitHub.Runner.Common.RunnerService.RetryRequest[T](Func`1 func, CancellationToken cancellationToken, Int32 maxAttempts, Func`2 shouldRetry)
[2026-10-04 12:32:25Z ERR  BrokerServer] #####################################################
[2026-10-04 12:32:25Z ERR  BrokerServer] System.Threading.Tasks.TaskCanceledException: The operation was canceled.
 ---> System.IO.IOException: Unable to read data from the transport connection: The I/O operation has been aborted because of either a thread exit or an application request..
 ---> System.Net.Sockets.SocketException (995): The I/O operation has been aborted because of either a thread exit or an application request.
   --- End of inner exception stack trace ---
   at System.Net.Sockets.Socket.AwaitableSocketAsyncEventArgs.ThrowException(SocketError error, CancellationToken cancellationToken)
   at System.Net.Sockets.Socket.AwaitableSocketAsyncEventArgs.System.Threading.Tasks.Sources.IValueTaskSource<System.Int32>.GetResult(Int16 token)
   at System.Net.Security.SslStream.EnsureFullTlsFrameAsync[TIOAdapter](CancellationToken cancellationToken, Int32 estimatedSize)
   at System.Runtime.CompilerServices.PoolingAsyncValueTaskMethodBuilder`1.StateMachineBox`1.System.Threading.Tasks.Sources.IValueTaskSource<TResult>.GetResult(Int16 token)
   at System.Net.Security.SslStream.ReadAsyncInternal[TIOAdapter](Memory`1 buffer, CancellationToken cancellationToken)
   at System.Runtime.CompilerServices.PoolingAsyncValueTaskMethodBuilder`1.StateMachineBox`1.System.Threading.Tasks.Sources.IValueTaskSource<TResult>.GetResult(Int16 token)
   at System.Net.Http.HttpConnection.SendAsync(HttpRequestMessage request, Boolean async, CancellationToken cancellationToken)
   --- End of inner exception stack trace ---
   at System.Net.Http.HttpConnection.SendAsync(HttpRequestMessage request, Boolean async, CancellationToken cancellationToken)
   at System.Net.Http.AuthenticationHelper.SendWithNtAuthAsync(HttpRequestMessage request, Uri authUri, Boolean async, ICredentials credentials, Boolean isProxyAuth, HttpConnection connection, HttpConnectionPool connectionPool, CancellationToken cancellationToken)
   at System.Net.Http.HttpConnectionPool.SendWithVersionDetectionAndRetryAsync(HttpRequestMessage request, Boolean async, Boolean doRequestAuth, CancellationToken cancellationToken)
   at System.Net.Http.AuthenticationHelper.SendWithAuthAsync(HttpRequestMessage request, Uri authUri, Boolean async, ICredentials credentials, Boolean preAuthenticate, Boolean isProxyAuth, Boolean doRequestAuth, HttpConnectionPool pool, CancellationToken cancellationToken)
   at System.Net.Http.RedirectHandler.SendAsync(HttpRequestMessage request, Boolean async, CancellationToken cancellationToken)
   at GitHub.Services.Common.RawHttpMessageHandler.SendAsync(HttpRequestMessage request, CancellationToken cancellationToken)
   at GitHub.Services.Common.VssHttpRetryMessageHandler.SendAsync(HttpRequestMessage request, CancellationToken cancellationToken)
   at System.Net.Http.HttpClient.<SendAsync>g__Core|83_0(HttpRequestMessage request, HttpCompletionOption completionOption, CancellationTokenSource cts, Boolean disposeCts, CancellationTokenSource pendingRequestsCts, CancellationToken originalCancellationToken)
[2026-10-04 12:32:25Z ERR  BrokerServer] #####################################################
[2026-10-04 12:32:25Z ERR  BrokerServer] System.IO.IOException: Unable to read data from the transport connection: The I/O operation has been aborted because of either a thread exit or an application request..
 ---> System.Net.Sockets.SocketException (995): The I/O operation has been aborted because of either a thread exit or an application request.
   --- End of inner exception stack trace ---
   at System.Net.Sockets.Socket.AwaitableSocketAsyncEventArgs.ThrowException(SocketError error, CancellationToken cancellationToken)
   at System.Net.Sockets.Socket.AwaitableSocketAsyncEventArgs.System.Threading.Tasks.Sources.IValueTaskSource<System.Int32>.GetResult(Int16 token)
   at System.Net.Security.SslStream.EnsureFullTlsFrameAsync[TIOAdapter](CancellationToken cancellationToken, Int32 estimatedSize)
   at System.Runtime.CompilerServices.PoolingAsyncValueTaskMethodBuilder`1.StateMachineBox`1.System.Threading.Tasks.Sources.IValueTaskSource<TResult>.GetResult(Int16 token)
   at System.Net.Security.SslStream.ReadAsyncInternal[TIOAdapter](Memory`1 buffer, CancellationToken cancellationToken)
   at System.Runtime.CompilerServices.PoolingAsyncValueTaskMethodBuilder`1.StateMachineBox`1.System.Threading.Tasks.Sources.IValueTaskSource<TResult>.GetResult(Int16 token)
   at System.Net.Http.HttpConnection.SendAsync(HttpRequestMessage request, Boolean async, CancellationToken cancellationToken)
[2026-10-04 12:32:25Z ERR  BrokerServer] #####################################################
[2026-10-04 12:32:25Z ERR  BrokerServer] System.Net.Sockets.SocketException (995): The I/O operation has been aborted because of either a thread exit or an application request.
[2026-10-04 12:32:25Z WARN BrokerServer] Back off 9.258 seconds before next retry. 4 attempt left.
[2026-10-04 12:32:25Z INFO BrokerMessageListener] Get messages has been cancelled using local token source. Continue to get messages with new status.
[2026-10-04 12:34:29Z INFO BrokerMessageListener] Acknowledging runner request '257cb3cd-2a97-5e9a-a3fc-f2257b7eeb00'.
[2026-10-04 12:34:29Z INFO ConfigurationStore] HasCredentials()
[2026-10-04 12:34:29Z INFO ConfigurationStore] stored True
[2026-10-04 12:34:29Z INFO CredentialManager] GetCredentialProvider
[2026-10-04 12:34:29Z INFO CredentialManager] Creating type OAuth
[2026-10-04 12:34:29Z INFO CredentialManager] Creating credential type: OAuth
[2026-10-04 12:34:29Z INFO RSAEncryptedFileKeyManager] Loading RSA key parameters from file C:\Users\chella\Desktop\devopsassignment\devops-assignment\actions-runner\.credentials_rsaparams
[2026-10-04 12:34:29Z INFO RSAEncryptedFileKeyManager] Loading RSA key parameters from file C:\Users\chella\Desktop\devopsassignment\devops-assignment\actions-runner\.credentials_rsaparams
[2026-10-04 12:34:29Z INFO RSAEncryptedFileKeyManager] Loading RSA key parameters from file C:\Users\chella\Desktop\devopsassignment\devops-assignment\actions-runner\.credentials_rsaparams
[2026-10-04 12:34:30Z INFO GitHubActionsService] AAD Correlation ID for this token request: Unknown
[2026-10-04 12:34:31Z INFO JobDispatcher] Job request 0 for plan 46eacc74-92d1-8d02-a424-ed85c6ecb254 job 257cb3cd-2a97-5e9a-a3fc-f2257b7eeb00 received.
[2026-10-04 12:34:31Z INFO JobDispatcher] Pull OrchestrationId 46eacc74-92d1-8d02-a424-ed85c6ecb254.trigger-jenkins.__default from JWT claims
[2026-10-04 12:34:31Z INFO BrokerMessageListener] Received job status event. JobState: Busy
[2026-10-04 12:34:31Z INFO BrokerMessageListener] _getMessagesTokenSource is already disposed.
[2026-10-04 12:34:31Z INFO JobDispatcher] Job request 03594d0e-7483-513f-8662-704c18bc46fd processed succeed.
[2026-10-04 12:34:31Z INFO Terminal] WRITE LINE: 2026-10-04 12:34:31Z: Running job: trigger-jenkins
[2026-10-04 12:34:31Z INFO JobDispatcher] Start renew job request 0 for job 257cb3cd-2a97-5e9a-a3fc-f2257b7eeb00.
[2026-10-04 12:34:32Z INFO JobDispatcher] Successfully renew job 257cb3cd-2a97-5e9a-a3fc-f2257b7eeb00, job is valid till 04-10-2026 12:44:31
[2026-10-04 12:34:32Z INFO HostContext] Well known directory 'Bin': 'C:\Users\chella\Desktop\devopsassignment\devops-assignment\actions-runner\bin'
[2026-10-04 12:34:32Z INFO ProcessInvokerWrapper] Starting process:
[2026-10-04 12:34:32Z INFO ProcessInvokerWrapper]   File name: 'C:\Users\chella\Desktop\devopsassignment\devops-assignment\actions-runner\bin\Runner.Worker.exe'
[2026-10-04 12:34:32Z INFO ProcessInvokerWrapper]   Arguments: 'spawnclient 3036 3668'
[2026-10-04 12:34:32Z INFO ProcessInvokerWrapper]   Working directory: 'C:\Users\chella\Desktop\devopsassignment\devops-assignment\actions-runner\bin'
[2026-10-04 12:34:32Z INFO ProcessInvokerWrapper]   Require exit code zero: 'False'
[2026-10-04 12:34:32Z INFO ProcessInvokerWrapper]   Encoding web name:  ; code page: ''
[2026-10-04 12:34:32Z INFO ProcessInvokerWrapper]   Force kill process on cancellation: 'True'
[2026-10-04 12:34:32Z INFO ProcessInvokerWrapper]   Redirected STDIN: 'False'
[2026-10-04 12:34:32Z INFO ProcessInvokerWrapper]   Persist current code page: 'False'
[2026-10-04 12:34:32Z INFO ProcessInvokerWrapper]   Keep redirected STDIN open: 'False'
[2026-10-04 12:34:32Z INFO ProcessInvokerWrapper]   High priority process: 'True'
[2026-10-04 12:34:32Z INFO ProcessInvokerWrapper] Process started with process id 22424, waiting for process exit.
[2026-10-04 12:34:32Z INFO JobDispatcher] Send job request message to worker for job 257cb3cd-2a97-5e9a-a3fc-f2257b7eeb00.
[2026-10-04 12:34:32Z INFO ProcessChannel] Sending message of length 24526, with hash '52d442c1215900aa00a08e763b4aa714e00665128010a827e0de8e9cd6fb4a93'
[2026-10-04 12:34:32Z INFO JobNotification] Entering JobStarted Notification
[2026-10-04 12:34:32Z INFO JobNotification] Entering StartMonitor
[2026-10-04 12:34:40Z INFO ProcessInvokerWrapper] STDOUT/STDERR stream read finished.
[2026-10-04 12:34:40Z INFO ProcessInvokerWrapper] STDOUT/STDERR stream read finished.
[2026-10-04 12:34:40Z INFO ProcessInvokerWrapper] Finished process 22424 with exit code 100, and elapsed time 00:00:07.9138394.
[2026-10-04 12:34:40Z INFO JobDispatcher] Worker finished for job 257cb3cd-2a97-5e9a-a3fc-f2257b7eeb00. Code: 100
[2026-10-04 12:34:40Z INFO JobDispatcher] finish job request for job 257cb3cd-2a97-5e9a-a3fc-f2257b7eeb00 with result: Succeeded
[2026-10-04 12:34:40Z INFO Terminal] WRITE LINE: 2026-10-04 12:34:40Z: Job trigger-jenkins completed with result: Succeeded
[2026-10-04 12:34:40Z INFO JobDispatcher] Stop renew job request for job 257cb3cd-2a97-5e9a-a3fc-f2257b7eeb00.
[2026-10-04 12:34:40Z INFO JobDispatcher] job renew has been cancelled, stop renew job 257cb3cd-2a97-5e9a-a3fc-f2257b7eeb00.
[2026-10-04 12:34:40Z INFO JobNotification] Entering JobCompleted Notification
[2026-10-04 12:34:40Z INFO JobNotification] Entering EndMonitor
[2026-10-04 12:34:40Z INFO BrokerMessageListener] Received job status event. JobState: Online
[2026-10-04 12:34:40Z WARN GitHubActionsService] GET request to https://broker.actions.githubusercontent.com/message?sessionId=9c7e4a5d-9004-49d6-ba65-3d40ca963388&status=Busy&runnerVersion=2.337.0&os=Windows&architecture=X64&disableUpdate=false has been cancelled.
[2026-10-04 12:34:40Z ERR  BrokerServer] Catch exception during request
[2026-10-04 12:34:40Z ERR  BrokerServer] System.Threading.Tasks.TaskCanceledException: The operation was canceled.
 ---> System.Threading.Tasks.TaskCanceledException: The operation was canceled.
 ---> System.IO.IOException: Unable to read data from the transport connection: The I/O operation has been aborted because of either a thread exit or an application request..
 ---> System.Net.Sockets.SocketException (995): The I/O operation has been aborted because of either a thread exit or an application request.
   --- End of inner exception stack trace ---
   at System.Net.Sockets.Socket.AwaitableSocketAsyncEventArgs.ThrowException(SocketError error, CancellationToken cancellationToken)
   at System.Net.Sockets.Socket.AwaitableSocketAsyncEventArgs.System.Threading.Tasks.Sources.IValueTaskSource<System.Int32>.GetResult(Int16 token)
   at System.Net.Security.SslStream.EnsureFullTlsFrameAsync[TIOAdapter](CancellationToken cancellationToken, Int32 estimatedSize)
   at System.Runtime.CompilerServices.PoolingAsyncValueTaskMethodBuilder`1.StateMachineBox`1.System.Threading.Tasks.Sources.IValueTaskSource<TResult>.GetResult(Int16 token)
   at System.Net.Security.SslStream.ReadAsyncInternal[TIOAdapter](Memory`1 buffer, CancellationToken cancellationToken)
   at System.Runtime.CompilerServices.PoolingAsyncValueTaskMethodBuilder`1.StateMachineBox`1.System.Threading.Tasks.Sources.IValueTaskSource<TResult>.GetResult(Int16 token)
   at System.Net.Http.HttpConnection.SendAsync(HttpRequestMessage request, Boolean async, CancellationToken cancellationToken)
   --- End of inner exception stack trace ---
   at System.Net.Http.HttpConnection.SendAsync(HttpRequestMessage request, Boolean async, CancellationToken cancellationToken)
   at System.Net.Http.AuthenticationHelper.SendWithNtAuthAsync(HttpRequestMessage request, Uri authUri, Boolean async, ICredentials credentials, Boolean isProxyAuth, HttpConnection connection, HttpConnectionPool connectionPool, CancellationToken cancellationToken)
   at System.Net.Http.HttpConnectionPool.SendWithVersionDetectionAndRetryAsync(HttpRequestMessage request, Boolean async, Boolean doRequestAuth, CancellationToken cancellationToken)
   at System.Net.Http.AuthenticationHelper.SendWithAuthAsync(HttpRequestMessage request, Uri authUri, Boolean async, ICredentials credentials, Boolean preAuthenticate, Boolean isProxyAuth, Boolean doRequestAuth, HttpConnectionPool pool, CancellationToken cancellationToken)
   at System.Net.Http.RedirectHandler.SendAsync(HttpRequestMessage request, Boolean async, CancellationToken cancellationToken)
   at GitHub.Services.Common.RawHttpMessageHandler.SendAsync(HttpRequestMessage request, CancellationToken cancellationToken)
   at GitHub.Services.Common.VssHttpRetryMessageHandler.SendAsync(HttpRequestMessage request, CancellationToken cancellationToken)
   at System.Net.Http.HttpClient.<SendAsync>g__Core|83_0(HttpRequestMessage request, HttpCompletionOption completionOption, CancellationTokenSource cts, Boolean disposeCts, CancellationTokenSource pendingRequestsCts, CancellationToken originalCancellationToken)
   --- End of inner exception stack trace ---
   at System.Net.Http.HttpClient.HandleFailure(Exception e, Boolean telemetryStarted, HttpResponseMessage response, CancellationTokenSource cts, CancellationToken cancellationToken, CancellationTokenSource pendingRequestsCts)
   at System.Net.Http.HttpClient.<SendAsync>g__Core|83_0(HttpRequestMessage request, HttpCompletionOption completionOption, CancellationTokenSource cts, Boolean disposeCts, CancellationTokenSource pendingRequestsCts, CancellationToken originalCancellationToken)
   at Sdk.WebApi.WebApi.RawHttpClientBase.SendAsync(HttpRequestMessage message, HttpCompletionOption completionOption, Object userState, CancellationToken cancellationToken)
   at Sdk.WebApi.WebApi.RawHttpClientBase.SendAsync[T](HttpRequestMessage message, Boolean readErrorBody, Object userState, CancellationToken cancellationToken)
   at Sdk.WebApi.WebApi.RawHttpClientBase.SendAsync[T](HttpMethod method, IEnumerable`1 additionalHeaders, Uri requestUri, HttpContent content, IEnumerable`1 queryParameters, Boolean readErrorBody, Object userState, CancellationToken cancellationToken)
   at GitHub.Actions.RunService.WebApi.BrokerHttpClient.GetRunnerMessageAsync(Nullable`1 sessionId, String runnerVersion, Nullable`1 status, String os, String architecture, Nullable`1 disableUpdate, CancellationToken cancellationToken)
   at GitHub.Runner.Common.BrokerServer.<>c__DisplayClass7_0.<<GetRunnerMessageAsync>b__0>d.MoveNext()
--- End of stack trace from previous location ---
   at GitHub.Runner.Common.RunnerService.RetryRequest[T](Func`1 func, CancellationToken cancellationToken, Int32 maxAttempts, Func`2 shouldRetry)
[2026-10-04 12:34:40Z ERR  BrokerServer] #####################################################
[2026-10-04 12:34:40Z ERR  BrokerServer] System.Threading.Tasks.TaskCanceledException: The operation was canceled.
 ---> System.IO.IOException: Unable to read data from the transport connection: The I/O operation has been aborted because of either a thread exit or an application request..
 ---> System.Net.Sockets.SocketException (995): The I/O operation has been aborted because of either a thread exit or an application request.
   --- End of inner exception stack trace ---
   at System.Net.Sockets.Socket.AwaitableSocketAsyncEventArgs.ThrowException(SocketError error, CancellationToken cancellationToken)
   at System.Net.Sockets.Socket.AwaitableSocketAsyncEventArgs.System.Threading.Tasks.Sources.IValueTaskSource<System.Int32>.GetResult(Int16 token)
   at System.Net.Security.SslStream.EnsureFullTlsFrameAsync[TIOAdapter](CancellationToken cancellationToken, Int32 estimatedSize)
   at System.Runtime.CompilerServices.PoolingAsyncValueTaskMethodBuilder`1.StateMachineBox`1.System.Threading.Tasks.Sources.IValueTaskSource<TResult>.GetResult(Int16 token)
   at System.Net.Security.SslStream.ReadAsyncInternal[TIOAdapter](Memory`1 buffer, CancellationToken cancellationToken)
   at System.Runtime.CompilerServices.PoolingAsyncValueTaskMethodBuilder`1.StateMachineBox`1.System.Threading.Tasks.Sources.IValueTaskSource<TResult>.GetResult(Int16 token)
   at System.Net.Http.HttpConnection.SendAsync(HttpRequestMessage request, Boolean async, CancellationToken cancellationToken)
   --- End of inner exception stack trace ---
   at System.Net.Http.HttpConnection.SendAsync(HttpRequestMessage request, Boolean async, CancellationToken cancellationToken)
   at System.Net.Http.AuthenticationHelper.SendWithNtAuthAsync(HttpRequestMessage request, Uri authUri, Boolean async, ICredentials credentials, Boolean isProxyAuth, HttpConnection connection, HttpConnectionPool connectionPool, CancellationToken cancellationToken)
   at System.Net.Http.HttpConnectionPool.SendWithVersionDetectionAndRetryAsync(HttpRequestMessage request, Boolean async, Boolean doRequestAuth, CancellationToken cancellationToken)
   at System.Net.Http.AuthenticationHelper.SendWithAuthAsync(HttpRequestMessage request, Uri authUri, Boolean async, ICredentials credentials, Boolean preAuthenticate, Boolean isProxyAuth, Boolean doRequestAuth, HttpConnectionPool pool, CancellationToken cancellationToken)
   at System.Net.Http.RedirectHandler.SendAsync(HttpRequestMessage request, Boolean async, CancellationToken cancellationToken)
   at GitHub.Services.Common.RawHttpMessageHandler.SendAsync(HttpRequestMessage request, CancellationToken cancellationToken)
   at GitHub.Services.Common.VssHttpRetryMessageHandler.SendAsync(HttpRequestMessage request, CancellationToken cancellationToken)
   at System.Net.Http.HttpClient.<SendAsync>g__Core|83_0(HttpRequestMessage request, HttpCompletionOption completionOption, CancellationTokenSource cts, Boolean disposeCts, CancellationTokenSource pendingRequestsCts, CancellationToken originalCancellationToken)
[2026-10-04 12:34:40Z ERR  BrokerServer] #####################################################
[2026-10-04 12:34:40Z ERR  BrokerServer] System.IO.IOException: Unable to read data from the transport connection: The I/O operation has been aborted because of either a thread exit or an application request..
 ---> System.Net.Sockets.SocketException (995): The I/O operation has been aborted because of either a thread exit or an application request.
   --- End of inner exception stack trace ---
   at System.Net.Sockets.Socket.AwaitableSocketAsyncEventArgs.ThrowException(SocketError error, CancellationToken cancellationToken)
   at System.Net.Sockets.Socket.AwaitableSocketAsyncEventArgs.System.Threading.Tasks.Sources.IValueTaskSource<System.Int32>.GetResult(Int16 token)
   at System.Net.Security.SslStream.EnsureFullTlsFrameAsync[TIOAdapter](CancellationToken cancellationToken, Int32 estimatedSize)
   at System.Runtime.CompilerServices.PoolingAsyncValueTaskMethodBuilder`1.StateMachineBox`1.System.Threading.Tasks.Sources.IValueTaskSource<TResult>.GetResult(Int16 token)
   at System.Net.Security.SslStream.ReadAsyncInternal[TIOAdapter](Memory`1 buffer, CancellationToken cancellationToken)
   at System.Runtime.CompilerServices.PoolingAsyncValueTaskMethodBuilder`1.StateMachineBox`1.System.Threading.Tasks.Sources.IValueTaskSource<TResult>.GetResult(Int16 token)
   at System.Net.Http.HttpConnection.SendAsync(HttpRequestMessage request, Boolean async, CancellationToken cancellationToken)
[2026-10-04 12:34:40Z ERR  BrokerServer] #####################################################
[2026-10-04 12:34:40Z ERR  BrokerServer] System.Net.Sockets.SocketException (995): The I/O operation has been aborted because of either a thread exit or an application request.
[2026-10-04 12:34:40Z WARN BrokerServer] Back off 11.821 seconds before next retry. 4 attempt left.
[2026-10-04 12:34:40Z INFO BrokerMessageListener] Get messages has been cancelled using local token source. Continue to get messages with new status.
[2026-10-04 12:34:40Z INFO BrokerMessageListener] Acknowledging runner request 'f3f1527a-06ec-5862-a78a-896bd9483bb4'.
[2026-10-04 12:34:41Z INFO ConfigurationStore] HasCredentials()
[2026-10-04 12:34:41Z INFO ConfigurationStore] stored True
[2026-10-04 12:34:41Z INFO CredentialManager] GetCredentialProvider
[2026-10-04 12:34:41Z INFO CredentialManager] Creating type OAuth
[2026-10-04 12:34:41Z INFO CredentialManager] Creating credential type: OAuth
[2026-10-04 12:34:41Z INFO RSAEncryptedFileKeyManager] Loading RSA key parameters from file C:\Users\chella\Desktop\devopsassignment\devops-assignment\actions-runner\.credentials_rsaparams
[2026-10-04 12:34:41Z INFO RSAEncryptedFileKeyManager] Loading RSA key parameters from file C:\Users\chella\Desktop\devopsassignment\devops-assignment\actions-runner\.credentials_rsaparams
[2026-10-04 12:34:41Z INFO RSAEncryptedFileKeyManager] Loading RSA key parameters from file C:\Users\chella\Desktop\devopsassignment\devops-assignment\actions-runner\.credentials_rsaparams
[2026-10-04 12:34:41Z INFO GitHubActionsService] AAD Correlation ID for this token request: Unknown
[2026-10-04 12:34:43Z INFO JobDispatcher] Job request 0 for plan ac6e07ea-945f-805f-8ed8-94639094ffb4 job f3f1527a-06ec-5862-a78a-896bd9483bb4 received.
[2026-10-04 12:34:43Z INFO JobDispatcher] Pull OrchestrationId ac6e07ea-945f-805f-8ed8-94639094ffb4.trigger-jenkins.__default from JWT claims
[2026-10-04 12:34:43Z INFO BrokerMessageListener] Received job status event. JobState: Busy
[2026-10-04 12:34:43Z INFO BrokerMessageListener] _getMessagesTokenSource is already disposed.
[2026-10-04 12:34:43Z INFO JobDispatcher] Job request 257cb3cd-2a97-5e9a-a3fc-f2257b7eeb00 processed succeed.
[2026-10-04 12:34:43Z INFO Terminal] WRITE LINE: 2026-10-04 12:34:43Z: Running job: Trigger Jenkins Pipeline
[2026-10-04 12:34:43Z INFO JobDispatcher] Start renew job request 0 for job f3f1527a-06ec-5862-a78a-896bd9483bb4.
[2026-10-04 12:34:43Z INFO JobDispatcher] Successfully renew job f3f1527a-06ec-5862-a78a-896bd9483bb4, job is valid till 04-10-2026 12:44:43
[2026-10-04 12:34:43Z INFO HostContext] Well known directory 'Bin': 'C:\Users\chella\Desktop\devopsassignment\devops-assignment\actions-runner\bin'
[2026-10-04 12:34:43Z INFO ProcessInvokerWrapper] Starting process:
[2026-10-04 12:34:43Z INFO ProcessInvokerWrapper]   File name: 'C:\Users\chella\Desktop\devopsassignment\devops-assignment\actions-runner\bin\Runner.Worker.exe'
[2026-10-04 12:34:43Z INFO ProcessInvokerWrapper]   Arguments: 'spawnclient 3608 3324'
[2026-10-04 12:34:43Z INFO ProcessInvokerWrapper]   Working directory: 'C:\Users\chella\Desktop\devopsassignment\devops-assignment\actions-runner\bin'
[2026-10-04 12:34:43Z INFO ProcessInvokerWrapper]   Require exit code zero: 'False'
[2026-10-04 12:34:43Z INFO ProcessInvokerWrapper]   Encoding web name:  ; code page: ''
[2026-10-04 12:34:43Z INFO ProcessInvokerWrapper]   Force kill process on cancellation: 'True'
[2026-10-04 12:34:43Z INFO ProcessInvokerWrapper]   Redirected STDIN: 'False'
[2026-10-04 12:34:43Z INFO ProcessInvokerWrapper]   Persist current code page: 'False'
[2026-10-04 12:34:43Z INFO ProcessInvokerWrapper]   Keep redirected STDIN open: 'False'
[2026-10-04 12:34:43Z INFO ProcessInvokerWrapper]   High priority process: 'True'
[2026-10-04 12:34:43Z INFO ProcessInvokerWrapper] Process started with process id 23044, waiting for process exit.
[2026-10-04 12:34:43Z INFO JobDispatcher] Send job request message to worker for job f3f1527a-06ec-5862-a78a-896bd9483bb4.
[2026-10-04 12:34:43Z INFO ProcessChannel] Sending message of length 24672, with hash '80f72cffb0852142193cb0f3927df86d6a8e95039beb10d7ec2d0fc39413f19c'
[2026-10-04 12:34:43Z INFO JobNotification] Entering JobStarted Notification
[2026-10-04 12:34:43Z INFO JobNotification] Entering StartMonitor
[2026-10-04 12:34:51Z INFO ProcessInvokerWrapper] STDOUT/STDERR stream read finished.
[2026-10-04 12:34:51Z INFO ProcessInvokerWrapper] STDOUT/STDERR stream read finished.
[2026-10-04 12:34:51Z INFO ProcessInvokerWrapper] Finished process 23044 with exit code 100, and elapsed time 00:00:08.0983676.
[2026-10-04 12:34:51Z INFO JobDispatcher] Worker finished for job f3f1527a-06ec-5862-a78a-896bd9483bb4. Code: 100
[2026-10-04 12:34:51Z INFO JobDispatcher] finish job request for job f3f1527a-06ec-5862-a78a-896bd9483bb4 with result: Succeeded
[2026-10-04 12:34:51Z INFO Terminal] WRITE LINE: 2026-10-04 12:34:51Z: Job Trigger Jenkins Pipeline completed with result: Succeeded
[2026-10-04 12:34:51Z INFO JobDispatcher] Stop renew job request for job f3f1527a-06ec-5862-a78a-896bd9483bb4.
[2026-10-04 12:34:51Z INFO JobDispatcher] job renew has been cancelled, stop renew job f3f1527a-06ec-5862-a78a-896bd9483bb4.
[2026-10-04 12:34:51Z INFO JobNotification] Entering JobCompleted Notification
[2026-10-04 12:34:51Z INFO JobNotification] Entering EndMonitor
[2026-10-04 12:34:51Z INFO BrokerMessageListener] Received job status event. JobState: Online
[2026-10-04 12:34:51Z WARN GitHubActionsService] GET request to https://broker.actions.githubusercontent.com/message?sessionId=9c7e4a5d-9004-49d6-ba65-3d40ca963388&status=Busy&runnerVersion=2.337.0&os=Windows&architecture=X64&disableUpdate=false has been cancelled.
[2026-10-04 12:34:51Z ERR  BrokerServer] Catch exception during request
[2026-10-04 12:34:51Z ERR  BrokerServer] System.Threading.Tasks.TaskCanceledException: The operation was canceled.
 ---> System.Threading.Tasks.TaskCanceledException: The operation was canceled.
 ---> System.IO.IOException: Unable to read data from the transport connection: The I/O operation has been aborted because of either a thread exit or an application request..
 ---> System.Net.Sockets.SocketException (995): The I/O operation has been aborted because of either a thread exit or an application request.
   --- End of inner exception stack trace ---
   at System.Net.Sockets.Socket.AwaitableSocketAsyncEventArgs.ThrowException(SocketError error, CancellationToken cancellationToken)
   at System.Net.Sockets.Socket.AwaitableSocketAsyncEventArgs.System.Threading.Tasks.Sources.IValueTaskSource<System.Int32>.GetResult(Int16 token)
   at System.Net.Security.SslStream.EnsureFullTlsFrameAsync[TIOAdapter](CancellationToken cancellationToken, Int32 estimatedSize)
   at System.Runtime.CompilerServices.PoolingAsyncValueTaskMethodBuilder`1.StateMachineBox`1.System.Threading.Tasks.Sources.IValueTaskSource<TResult>.GetResult(Int16 token)
   at System.Net.Security.SslStream.ReadAsyncInternal[TIOAdapter](Memory`1 buffer, CancellationToken cancellationToken)
   at System.Runtime.CompilerServices.PoolingAsyncValueTaskMethodBuilder`1.StateMachineBox`1.System.Threading.Tasks.Sources.IValueTaskSource<TResult>.GetResult(Int16 token)
   at System.Net.Http.HttpConnection.SendAsync(HttpRequestMessage request, Boolean async, CancellationToken cancellationToken)
   --- End of inner exception stack trace ---
   at System.Net.Http.HttpConnection.SendAsync(HttpRequestMessage request, Boolean async, CancellationToken cancellationToken)
   at System.Net.Http.AuthenticationHelper.SendWithNtAuthAsync(HttpRequestMessage request, Uri authUri, Boolean async, ICredentials credentials, Boolean isProxyAuth, HttpConnection connection, HttpConnectionPool connectionPool, CancellationToken cancellationToken)
   at System.Net.Http.HttpConnectionPool.SendWithVersionDetectionAndRetryAsync(HttpRequestMessage request, Boolean async, Boolean doRequestAuth, CancellationToken cancellationToken)
   at System.Net.Http.AuthenticationHelper.SendWithAuthAsync(HttpRequestMessage request, Uri authUri, Boolean async, ICredentials credentials, Boolean preAuthenticate, Boolean isProxyAuth, Boolean doRequestAuth, HttpConnectionPool pool, CancellationToken cancellationToken)
   at System.Net.Http.RedirectHandler.SendAsync(HttpRequestMessage request, Boolean async, CancellationToken cancellationToken)
   at GitHub.Services.Common.RawHttpMessageHandler.SendAsync(HttpRequestMessage request, CancellationToken cancellationToken)
   at GitHub.Services.Common.VssHttpRetryMessageHandler.SendAsync(HttpRequestMessage request, CancellationToken cancellationToken)
   at System.Net.Http.HttpClient.<SendAsync>g__Core|83_0(HttpRequestMessage request, HttpCompletionOption completionOption, CancellationTokenSource cts, Boolean disposeCts, CancellationTokenSource pendingRequestsCts, CancellationToken originalCancellationToken)
   --- End of inner exception stack trace ---
   at System.Net.Http.HttpClient.HandleFailure(Exception e, Boolean telemetryStarted, HttpResponseMessage response, CancellationTokenSource cts, CancellationToken cancellationToken, CancellationTokenSource pendingRequestsCts)
   at System.Net.Http.HttpClient.<SendAsync>g__Core|83_0(HttpRequestMessage request, HttpCompletionOption completionOption, CancellationTokenSource cts, Boolean disposeCts, CancellationTokenSource pendingRequestsCts, CancellationToken originalCancellationToken)
   at Sdk.WebApi.WebApi.RawHttpClientBase.SendAsync(HttpRequestMessage message, HttpCompletionOption completionOption, Object userState, CancellationToken cancellationToken)
   at Sdk.WebApi.WebApi.RawHttpClientBase.SendAsync[T](HttpRequestMessage message, Boolean readErrorBody, Object userState, CancellationToken cancellationToken)
   at Sdk.WebApi.WebApi.RawHttpClientBase.SendAsync[T](HttpMethod method, IEnumerable`1 additionalHeaders, Uri requestUri, HttpContent content, IEnumerable`1 queryParameters, Boolean readErrorBody, Object userState, CancellationToken cancellationToken)
   at GitHub.Actions.RunService.WebApi.BrokerHttpClient.GetRunnerMessageAsync(Nullable`1 sessionId, String runnerVersion, Nullable`1 status, String os, String architecture, Nullable`1 disableUpdate, CancellationToken cancellationToken)
   at GitHub.Runner.Common.BrokerServer.<>c__DisplayClass7_0.<<GetRunnerMessageAsync>b__0>d.MoveNext()
--- End of stack trace from previous location ---
   at GitHub.Runner.Common.RunnerService.RetryRequest[T](Func`1 func, CancellationToken cancellationToken, Int32 maxAttempts, Func`2 shouldRetry)
[2026-10-04 12:34:51Z ERR  BrokerServer] #####################################################
[2026-10-04 12:34:51Z ERR  BrokerServer] System.Threading.Tasks.TaskCanceledException: The operation was canceled.
 ---> System.IO.IOException: Unable to read data from the transport connection: The I/O operation has been aborted because of either a thread exit or an application request..
 ---> System.Net.Sockets.SocketException (995): The I/O operation has been aborted because of either a thread exit or an application request.
   --- End of inner exception stack trace ---
   at System.Net.Sockets.Socket.AwaitableSocketAsyncEventArgs.ThrowException(SocketError error, CancellationToken cancellationToken)
   at System.Net.Sockets.Socket.AwaitableSocketAsyncEventArgs.System.Threading.Tasks.Sources.IValueTaskSource<System.Int32>.GetResult(Int16 token)
   at System.Net.Security.SslStream.EnsureFullTlsFrameAsync[TIOAdapter](CancellationToken cancellationToken, Int32 estimatedSize)
   at System.Runtime.CompilerServices.PoolingAsyncValueTaskMethodBuilder`1.StateMachineBox`1.System.Threading.Tasks.Sources.IValueTaskSource<TResult>.GetResult(Int16 token)
   at System.Net.Security.SslStream.ReadAsyncInternal[TIOAdapter](Memory`1 buffer, CancellationToken cancellationToken)
   at System.Runtime.CompilerServices.PoolingAsyncValueTaskMethodBuilder`1.StateMachineBox`1.System.Threading.Tasks.Sources.IValueTaskSource<TResult>.GetResult(Int16 token)
   at System.Net.Http.HttpConnection.SendAsync(HttpRequestMessage request, Boolean async, CancellationToken cancellationToken)
   --- End of inner exception stack trace ---
   at System.Net.Http.HttpConnection.SendAsync(HttpRequestMessage request, Boolean async, CancellationToken cancellationToken)
   at System.Net.Http.AuthenticationHelper.SendWithNtAuthAsync(HttpRequestMessage request, Uri authUri, Boolean async, ICredentials credentials, Boolean isProxyAuth, HttpConnection connection, HttpConnectionPool connectionPool, CancellationToken cancellationToken)
   at System.Net.Http.HttpConnectionPool.SendWithVersionDetectionAndRetryAsync(HttpRequestMessage request, Boolean async, Boolean doRequestAuth, CancellationToken cancellationToken)
   at System.Net.Http.AuthenticationHelper.SendWithAuthAsync(HttpRequestMessage request, Uri authUri, Boolean async, ICredentials credentials, Boolean preAuthenticate, Boolean isProxyAuth, Boolean doRequestAuth, HttpConnectionPool pool, CancellationToken cancellationToken)
   at System.Net.Http.RedirectHandler.SendAsync(HttpRequestMessage request, Boolean async, CancellationToken cancellationToken)
   at GitHub.Services.Common.RawHttpMessageHandler.SendAsync(HttpRequestMessage request, CancellationToken cancellationToken)
   at GitHub.Services.Common.VssHttpRetryMessageHandler.SendAsync(HttpRequestMessage request, CancellationToken cancellationToken)
   at System.Net.Http.HttpClient.<SendAsync>g__Core|83_0(HttpRequestMessage request, HttpCompletionOption completionOption, CancellationTokenSource cts, Boolean disposeCts, CancellationTokenSource pendingRequestsCts, CancellationToken originalCancellationToken)
[2026-10-04 12:34:51Z ERR  BrokerServer] #####################################################
[2026-10-04 12:34:51Z ERR  BrokerServer] System.IO.IOException: Unable to read data from the transport connection: The I/O operation has been aborted because of either a thread exit or an application request..
 ---> System.Net.Sockets.SocketException (995): The I/O operation has been aborted because of either a thread exit or an application request.
   --- End of inner exception stack trace ---
   at System.Net.Sockets.Socket.AwaitableSocketAsyncEventArgs.ThrowException(SocketError error, CancellationToken cancellationToken)
   at System.Net.Sockets.Socket.AwaitableSocketAsyncEventArgs.System.Threading.Tasks.Sources.IValueTaskSource<System.Int32>.GetResult(Int16 token)
   at System.Net.Security.SslStream.EnsureFullTlsFrameAsync[TIOAdapter](CancellationToken cancellationToken, Int32 estimatedSize)
   at System.Runtime.CompilerServices.PoolingAsyncValueTaskMethodBuilder`1.StateMachineBox`1.System.Threading.Tasks.Sources.IValueTaskSource<TResult>.GetResult(Int16 token)
   at System.Net.Security.SslStream.ReadAsyncInternal[TIOAdapter](Memory`1 buffer, CancellationToken cancellationToken)
   at System.Runtime.CompilerServices.PoolingAsyncValueTaskMethodBuilder`1.StateMachineBox`1.System.Threading.Tasks.Sources.IValueTaskSource<TResult>.GetResult(Int16 token)
   at System.Net.Http.HttpConnection.SendAsync(HttpRequestMessage request, Boolean async, CancellationToken cancellationToken)
[2026-10-04 12:34:51Z ERR  BrokerServer] #####################################################
[2026-10-04 12:34:51Z ERR  BrokerServer] System.Net.Sockets.SocketException (995): The I/O operation has been aborted because of either a thread exit or an application request.
[2026-10-04 12:34:51Z WARN BrokerServer] Back off 6.196 seconds before next retry. 4 attempt left.
[2026-10-04 12:34:51Z INFO BrokerMessageListener] Get messages has been cancelled using local token source. Continue to get messages with new status.
