[2026-10-04 01:40:12Z INFO HostContext] No proxy settings were found based on environmental variables (http_proxy/https_proxy/HTTP_PROXY/HTTPS_PROXY)
[2026-10-04 01:40:12Z INFO HostContext] Well known directory 'Bin': 'C:\Users\chella\Desktop\devopsassignment\devops-assignment\actions-runner\bin'
[2026-10-04 01:40:12Z INFO HostContext] Well known directory 'Root': 'C:\Users\chella\Desktop\devopsassignment\devops-assignment\actions-runner'
[2026-10-04 01:40:12Z INFO HostContext] Well known config file 'Credentials': 'C:\Users\chella\Desktop\devopsassignment\devops-assignment\actions-runner\.credentials'
[2026-10-04 01:40:12Z INFO HostContext] Well known directory 'Bin': 'C:\Users\chella\Desktop\devopsassignment\devops-assignment\actions-runner\bin'
[2026-10-04 01:40:12Z INFO HostContext] Well known directory 'Root': 'C:\Users\chella\Desktop\devopsassignment\devops-assignment\actions-runner'
[2026-10-04 01:40:12Z INFO HostContext] Well known config file 'Runner': 'C:\Users\chella\Desktop\devopsassignment\devops-assignment\actions-runner\.runner'
[2026-10-04 01:40:12Z INFO Listener] Runner is built for Windows (X64) - win-x64.
[2026-10-04 01:40:12Z INFO Listener] RuntimeInformation: Microsoft Windows 10.0.26200.
[2026-10-04 01:40:12Z INFO Listener] Version: 2.337.0
[2026-10-04 01:40:12Z INFO Listener] Commit: 397b032cbf865e9c3ddfab89d533ec19325e1273
[2026-10-04 01:40:12Z INFO Listener] Culture: en-IN
[2026-10-04 01:40:12Z INFO Listener] UI Culture: en-US
[2026-10-04 01:40:12Z INFO HostContext] Well known directory 'Bin': 'C:\Users\chella\Desktop\devopsassignment\devops-assignment\actions-runner\bin'
[2026-10-04 01:40:12Z INFO HostContext] Well known directory 'Root': 'C:\Users\chella\Desktop\devopsassignment\devops-assignment\actions-runner'
[2026-10-04 01:40:12Z INFO Listener] Validating directory permissions for: 'C:\Users\chella\Desktop\devopsassignment\devops-assignment\actions-runner'
[2026-10-04 01:40:12Z INFO CommandLineParser] Parse
[2026-10-04 01:40:12Z INFO CommandLineParser] Parsing 1 args
[2026-10-04 01:40:12Z INFO CommandLineParser] parsing argument
[2026-10-04 01:40:12Z INFO CommandLineParser] HasArgs: False
[2026-10-04 01:40:12Z INFO CommandLineParser] Adding Command: run
[2026-10-04 01:40:12Z INFO Listener] Arguments parsed
[2026-10-04 01:40:12Z INFO Runner] ExecuteCommand
[2026-10-04 01:40:12Z INFO ConfigurationStore] currentAssemblyLocation: C:\Users\chella\Desktop\devopsassignment\devops-assignment\actions-runner\bin\Runner.Listener.dll
[2026-10-04 01:40:12Z INFO HostContext] Well known directory 'Bin': 'C:\Users\chella\Desktop\devopsassignment\devops-assignment\actions-runner\bin'
[2026-10-04 01:40:12Z INFO ConfigurationStore] binPath: C:\Users\chella\Desktop\devopsassignment\devops-assignment\actions-runner\bin
[2026-10-04 01:40:12Z INFO HostContext] Well known directory 'Bin': 'C:\Users\chella\Desktop\devopsassignment\devops-assignment\actions-runner\bin'
[2026-10-04 01:40:12Z INFO HostContext] Well known directory 'Root': 'C:\Users\chella\Desktop\devopsassignment\devops-assignment\actions-runner'
[2026-10-04 01:40:12Z INFO ConfigurationStore] RootFolder: C:\Users\chella\Desktop\devopsassignment\devops-assignment\actions-runner
[2026-10-04 01:40:12Z INFO HostContext] Well known directory 'Bin': 'C:\Users\chella\Desktop\devopsassignment\devops-assignment\actions-runner\bin'
[2026-10-04 01:40:12Z INFO HostContext] Well known directory 'Root': 'C:\Users\chella\Desktop\devopsassignment\devops-assignment\actions-runner'
[2026-10-04 01:40:12Z INFO HostContext] Well known config file 'Runner': 'C:\Users\chella\Desktop\devopsassignment\devops-assignment\actions-runner\.runner'
[2026-10-04 01:40:12Z INFO ConfigurationStore] ConfigFilePath: C:\Users\chella\Desktop\devopsassignment\devops-assignment\actions-runner\.runner
[2026-10-04 01:40:12Z INFO HostContext] Well known directory 'Bin': 'C:\Users\chella\Desktop\devopsassignment\devops-assignment\actions-runner\bin'
[2026-10-04 01:40:12Z INFO HostContext] Well known directory 'Root': 'C:\Users\chella\Desktop\devopsassignment\devops-assignment\actions-runner'
[2026-10-04 01:40:12Z INFO HostContext] Well known config file 'MigratedRunner': 'C:\Users\chella\Desktop\devopsassignment\devops-assignment\actions-runner\.runner_migrated'
[2026-10-04 01:40:12Z INFO ConfigurationStore] MigratedConfigFilePath: C:\Users\chella\Desktop\devopsassignment\devops-assignment\actions-runner\.runner_migrated
[2026-10-04 01:40:12Z INFO HostContext] Well known directory 'Bin': 'C:\Users\chella\Desktop\devopsassignment\devops-assignment\actions-runner\bin'
[2026-10-04 01:40:12Z INFO HostContext] Well known directory 'Root': 'C:\Users\chella\Desktop\devopsassignment\devops-assignment\actions-runner'
[2026-10-04 01:40:12Z INFO HostContext] Well known config file 'Credentials': 'C:\Users\chella\Desktop\devopsassignment\devops-assignment\actions-runner\.credentials'
[2026-10-04 01:40:12Z INFO ConfigurationStore] CredFilePath: C:\Users\chella\Desktop\devopsassignment\devops-assignment\actions-runner\.credentials
[2026-10-04 01:40:12Z INFO HostContext] Well known directory 'Bin': 'C:\Users\chella\Desktop\devopsassignment\devops-assignment\actions-runner\bin'
[2026-10-04 01:40:12Z INFO HostContext] Well known directory 'Root': 'C:\Users\chella\Desktop\devopsassignment\devops-assignment\actions-runner'
[2026-10-04 01:40:12Z INFO HostContext] Well known config file 'MigratedCredentials': 'C:\Users\chella\Desktop\devopsassignment\devops-assignment\actions-runner\.credentials_migrated'
[2026-10-04 01:40:12Z INFO ConfigurationStore] MigratedCredFilePath: C:\Users\chella\Desktop\devopsassignment\devops-assignment\actions-runner\.credentials_migrated
[2026-10-04 01:40:12Z INFO HostContext] Well known directory 'Bin': 'C:\Users\chella\Desktop\devopsassignment\devops-assignment\actions-runner\bin'
[2026-10-04 01:40:12Z INFO HostContext] Well known directory 'Root': 'C:\Users\chella\Desktop\devopsassignment\devops-assignment\actions-runner'
[2026-10-04 01:40:12Z INFO HostContext] Well known config file 'Service': 'C:\Users\chella\Desktop\devopsassignment\devops-assignment\actions-runner\.service'
[2026-10-04 01:40:12Z INFO ConfigurationStore] ServiceConfigFilePath: C:\Users\chella\Desktop\devopsassignment\devops-assignment\actions-runner\.service
[2026-10-04 01:40:12Z INFO CommandSettings] Flag 'help': 'False'
[2026-10-04 01:40:12Z INFO CommandSettings] Flag 'version': 'False'
[2026-10-04 01:40:12Z INFO CommandSettings] Flag 'commit': 'False'
[2026-10-04 01:40:12Z INFO CommandSettings] Flag 'check': 'False'
[2026-10-04 01:40:12Z INFO CommandSettings] Command 'configure': 'False'
[2026-10-04 01:40:12Z INFO CommandSettings] Command 'remove': 'False'
[2026-10-04 01:40:12Z INFO CommandSettings] Command 'warmup': 'False'
[2026-10-04 01:40:12Z INFO ConfigurationManager] LoadSettings
[2026-10-04 01:40:12Z INFO ConfigurationStore] IsConfigured()
[2026-10-04 01:40:12Z INFO ConfigurationStore] IsConfigured: True
[2026-10-04 01:40:12Z INFO ConfigurationManager] Is configured: True
[2026-10-04 01:40:12Z INFO ConfigurationStore] Read setting file: 416 chars
[2026-10-04 01:40:12Z INFO ConfigurationManager] Settings Loaded
[2026-10-04 01:40:12Z INFO ConfigurationStore] IsServiceConfigured()
[2026-10-04 01:40:12Z INFO ConfigurationStore] IsServiceConfigured: False
[2026-10-04 01:40:12Z INFO CommandSettings] Command 'run': 'True'
[2026-10-04 01:40:12Z INFO ConfigurationStore] IsConfigured()
[2026-10-04 01:40:12Z INFO ConfigurationStore] IsConfigured: True
[2026-10-04 01:40:12Z INFO ConfigurationManager] Is configured: True
[2026-10-04 01:40:12Z INFO Runner] Could not parse the argument value '' for StartupType. Defaulting to Manual
[2026-10-04 01:40:12Z INFO Runner] Set runner startup type - Manual
[2026-10-04 01:40:12Z INFO CommandSettings] Flag 'once': 'False'
[2026-10-04 01:40:12Z INFO CommandSettings] Flag 'once': 'False'
[2026-10-04 01:40:12Z INFO Runner] RunAsync
[2026-10-04 01:40:12Z INFO HostContext] Well known directory 'Bin': 'C:\Users\chella\Desktop\devopsassignment\devops-assignment\actions-runner\bin'
[2026-10-04 01:40:12Z INFO HostContext] Well known directory 'Root': 'C:\Users\chella\Desktop\devopsassignment\devops-assignment\actions-runner'
[2026-10-04 01:40:12Z INFO HostContext] Well known directory 'Work': 'C:\Users\chella\Desktop\devopsassignment\devops-assignment\actions-runner\_work'
[2026-10-04 01:40:12Z INFO Runner] Validating directory permissions for: 'C:\Users\chella\Desktop\devopsassignment\devops-assignment\actions-runner\_work'
[2026-10-04 01:40:12Z INFO ConfigurationManager] LoadMigratedSettings
[2026-10-04 01:40:12Z INFO ConfigurationStore] IsMigratedConfigured()
[2026-10-04 01:40:12Z INFO ConfigurationStore] IsMigratedConfigured: False
[2026-10-04 01:40:12Z INFO Runner] Failed to load migrated settings: No migrated configuration found.
[2026-10-04 01:40:12Z INFO Runner] Falling back to original .runner settings
[2026-10-04 01:40:12Z INFO Runner] Using BrokerMessageListener
[2026-10-04 01:40:12Z INFO BrokerMessageListener] Using provided settings
[2026-10-04 01:40:12Z INFO BrokerMessageListener] {
  "AgentId": 23,
  "AgentName": "windows-jenkins-runner",
  "PoolId": 1,
  "PoolName": "Default",
  "ServerUrl": "https://pipelinesghubeus24.actions.githubusercontent.com/je6Z9G489BmDuyRYs4elUKGeJpqRRkZnGFdbRMpFP9gKvYNvQP/",
  "GitHubUrl": "https://github.com/2025tm93069/devops-assignment",
  "WorkFolder": "_work",
  "UseV2Flow": true,
  "ServerUrlV2": "https://broker.actions.githubusercontent.com/"
}
[2026-10-04 01:40:12Z INFO BrokerMessageListener] Loading Credentials
[2026-10-04 01:40:12Z INFO ConfigurationStore] HasCredentials()
[2026-10-04 01:40:12Z INFO ConfigurationStore] stored True
[2026-10-04 01:40:12Z INFO CredentialManager] GetCredentialProvider
[2026-10-04 01:40:12Z INFO CredentialManager] Creating type OAuth
[2026-10-04 01:40:12Z INFO CredentialManager] Creating credential type: OAuth
[2026-10-04 01:40:12Z INFO HostContext] Well known directory 'Bin': 'C:\Users\chella\Desktop\devopsassignment\devops-assignment\actions-runner\bin'
[2026-10-04 01:40:12Z INFO HostContext] Well known directory 'Root': 'C:\Users\chella\Desktop\devopsassignment\devops-assignment\actions-runner'
[2026-10-04 01:40:12Z INFO HostContext] Well known config file 'RSACredentials': 'C:\Users\chella\Desktop\devopsassignment\devops-assignment\actions-runner\.credentials_rsaparams'
[2026-10-04 01:40:12Z INFO RSAEncryptedFileKeyManager] Loading RSA key parameters from file C:\Users\chella\Desktop\devopsassignment\devops-assignment\actions-runner\.credentials_rsaparams
[2026-10-04 01:40:12Z INFO BrokerMessageListener] Attempt to create session.
[2026-10-04 01:40:12Z INFO BrokerMessageListener] Connecting to the Broker Server...
[2026-10-04 01:40:12Z INFO ConfigurationStore] HasCredentials()
[2026-10-04 01:40:12Z INFO ConfigurationStore] stored True
[2026-10-04 01:40:12Z INFO CredentialManager] GetCredentialProvider
[2026-10-04 01:40:12Z INFO CredentialManager] Creating type OAuth
[2026-10-04 01:40:12Z INFO CredentialManager] Creating credential type: OAuth
[2026-10-04 01:40:12Z INFO RSAEncryptedFileKeyManager] Loading RSA key parameters from file C:\Users\chella\Desktop\devopsassignment\devops-assignment\actions-runner\.credentials_rsaparams
[2026-10-04 01:40:12Z INFO BrokerMessageListener] VssConnection created
[2026-10-04 01:40:12Z INFO BrokerMessageListener] Connecting to the Runner server...
[2026-10-04 01:40:12Z INFO RunnerServer] EstablishVssConnection
[2026-10-04 01:40:12Z INFO RunnerServer] Establish connection with 100 seconds timeout.
[2026-10-04 01:40:12Z INFO GitHubActionsService] Starting operation Location.GetConnectionData
[2026-10-04 01:40:12Z INFO RunnerServer] EstablishVssConnection
[2026-10-04 01:40:12Z INFO RunnerServer] Establish connection with 60 seconds timeout.
[2026-10-04 01:40:12Z INFO GitHubActionsService] Starting operation Location.GetConnectionData
[2026-10-04 01:40:12Z INFO RunnerServer] EstablishVssConnection
[2026-10-04 01:40:12Z INFO RunnerServer] Establish connection with 60 seconds timeout.
[2026-10-04 01:40:12Z INFO GitHubActionsService] Starting operation Location.GetConnectionData
[2026-10-04 01:40:13Z INFO GitHubActionsService] Finished operation Location.GetConnectionData
[2026-10-04 01:40:13Z INFO GitHubActionsService] Finished operation Location.GetConnectionData
[2026-10-04 01:40:13Z INFO GitHubActionsService] Finished operation Location.GetConnectionData
[2026-10-04 01:40:13Z INFO BrokerMessageListener] VssConnection created
[2026-10-04 01:40:13Z INFO Terminal] WRITE LINE: 
[2026-10-04 01:40:13Z INFO Terminal] WRITE LINE: 
[2026-10-04 01:40:13Z INFO RSAEncryptedFileKeyManager] Loading RSA key parameters from file C:\Users\chella\Desktop\devopsassignment\devops-assignment\actions-runner\.credentials_rsaparams
[2026-10-04 01:40:13Z INFO RSAEncryptedFileKeyManager] Loading RSA key parameters from file C:\Users\chella\Desktop\devopsassignment\devops-assignment\actions-runner\.credentials_rsaparams
[2026-10-04 01:40:14Z INFO GitHubActionsService] AAD Correlation ID for this token request: Unknown
[2026-10-04 01:40:15Z INFO BrokerMessageListener] Session created.
[2026-10-04 01:40:15Z INFO Terminal] WRITE LINE: Current runner version: '2.337.0'
[2026-10-04 01:40:15Z INFO Terminal] WRITE LINE: 2026-10-04 01:40:15Z: Listening for Jobs
[2026-10-04 01:40:15Z INFO JobDispatcher] Set runner/worker IPC timeout to 30 seconds.
[2026-10-04 01:59:24Z INFO BrokerMessageListener] Acknowledging runner request '52bf849e-a4e2-5b16-a8fd-73f8a1c63765'.
[2026-10-04 01:59:25Z INFO ConfigurationStore] HasCredentials()
[2026-10-04 01:59:25Z INFO ConfigurationStore] stored True
[2026-10-04 01:59:25Z INFO CredentialManager] GetCredentialProvider
[2026-10-04 01:59:25Z INFO CredentialManager] Creating type OAuth
[2026-10-04 01:59:25Z INFO CredentialManager] Creating credential type: OAuth
[2026-10-04 01:59:25Z INFO RSAEncryptedFileKeyManager] Loading RSA key parameters from file C:\Users\chella\Desktop\devopsassignment\devops-assignment\actions-runner\.credentials_rsaparams
[2026-10-04 01:59:25Z INFO RSAEncryptedFileKeyManager] Loading RSA key parameters from file C:\Users\chella\Desktop\devopsassignment\devops-assignment\actions-runner\.credentials_rsaparams
[2026-10-04 01:59:25Z INFO RSAEncryptedFileKeyManager] Loading RSA key parameters from file C:\Users\chella\Desktop\devopsassignment\devops-assignment\actions-runner\.credentials_rsaparams
[2026-10-04 01:59:25Z INFO GitHubActionsService] AAD Correlation ID for this token request: Unknown
[2026-10-04 01:59:27Z INFO JobDispatcher] Job request 0 for plan 4e8e73f3-963a-8c0e-9d02-6ef393172002 job 52bf849e-a4e2-5b16-a8fd-73f8a1c63765 received.
[2026-10-04 01:59:27Z INFO JobDispatcher] Pull OrchestrationId 4e8e73f3-963a-8c0e-9d02-6ef393172002.trigger-jenkins.__default from JWT claims
[2026-10-04 01:59:27Z INFO BrokerMessageListener] Received job status event. JobState: Busy
[2026-10-04 01:59:27Z INFO BrokerMessageListener] _getMessagesTokenSource is already disposed.
[2026-10-04 01:59:27Z INFO Terminal] WRITE LINE: 2026-10-04 01:59:27Z: Running job: trigger-jenkins
[2026-10-04 01:59:27Z INFO JobDispatcher] Start renew job request 0 for job 52bf849e-a4e2-5b16-a8fd-73f8a1c63765.
[2026-10-04 01:59:27Z INFO JobDispatcher] Successfully renew job 52bf849e-a4e2-5b16-a8fd-73f8a1c63765, job is valid till 04-10-2026 02:09:27
[2026-10-04 01:59:27Z INFO HostContext] Well known directory 'Bin': 'C:\Users\chella\Desktop\devopsassignment\devops-assignment\actions-runner\bin'
[2026-10-04 01:59:27Z INFO ProcessInvokerWrapper] Starting process:
[2026-10-04 01:59:27Z INFO ProcessInvokerWrapper]   File name: 'C:\Users\chella\Desktop\devopsassignment\devops-assignment\actions-runner\bin\Runner.Worker.exe'
[2026-10-04 01:59:27Z INFO ProcessInvokerWrapper]   Arguments: 'spawnclient 1344 2336'
[2026-10-04 01:59:27Z INFO ProcessInvokerWrapper]   Working directory: 'C:\Users\chella\Desktop\devopsassignment\devops-assignment\actions-runner\bin'
[2026-10-04 01:59:27Z INFO ProcessInvokerWrapper]   Require exit code zero: 'False'
[2026-10-04 01:59:27Z INFO ProcessInvokerWrapper]   Encoding web name:  ; code page: ''
[2026-10-04 01:59:27Z INFO ProcessInvokerWrapper]   Force kill process on cancellation: 'True'
[2026-10-04 01:59:27Z INFO ProcessInvokerWrapper]   Redirected STDIN: 'False'
[2026-10-04 01:59:27Z INFO ProcessInvokerWrapper]   Persist current code page: 'False'
[2026-10-04 01:59:27Z INFO ProcessInvokerWrapper]   Keep redirected STDIN open: 'False'
[2026-10-04 01:59:27Z INFO ProcessInvokerWrapper]   High priority process: 'True'
[2026-10-04 01:59:27Z INFO ProcessInvokerWrapper] Process started with process id 22828, waiting for process exit.
[2026-10-04 01:59:27Z INFO JobDispatcher] Send job request message to worker for job 52bf849e-a4e2-5b16-a8fd-73f8a1c63765.
[2026-10-04 01:59:27Z INFO ProcessChannel] Sending message of length 23647, with hash '1a1922ba55b1569b1b87070e4b902b95d405a01cff4564294f52ce0eae51c4e1'
[2026-10-04 01:59:28Z INFO JobNotification] Entering JobStarted Notification
[2026-10-04 01:59:28Z INFO JobNotification] Entering StartMonitor
[2026-10-04 01:59:34Z INFO ProcessInvokerWrapper] STDOUT/STDERR stream read finished.
[2026-10-04 01:59:34Z INFO ProcessInvokerWrapper] STDOUT/STDERR stream read finished.
[2026-10-04 01:59:34Z INFO ProcessInvokerWrapper] Finished process 22828 with exit code 102, and elapsed time 00:00:06.6719291.
[2026-10-04 01:59:34Z INFO JobDispatcher] Worker finished for job 52bf849e-a4e2-5b16-a8fd-73f8a1c63765. Code: 102
[2026-10-04 01:59:34Z INFO JobDispatcher] finish job request for job 52bf849e-a4e2-5b16-a8fd-73f8a1c63765 with result: Failed
[2026-10-04 01:59:34Z INFO Terminal] WRITE LINE: 2026-10-04 01:59:34Z: Job trigger-jenkins completed with result: Failed
[2026-10-04 01:59:34Z INFO JobDispatcher] Stop renew job request for job 52bf849e-a4e2-5b16-a8fd-73f8a1c63765.
[2026-10-04 01:59:34Z INFO JobDispatcher] job renew has been cancelled, stop renew job 52bf849e-a4e2-5b16-a8fd-73f8a1c63765.
[2026-10-04 01:59:34Z INFO JobNotification] Entering JobCompleted Notification
[2026-10-04 01:59:34Z INFO JobNotification] Entering EndMonitor
[2026-10-04 01:59:34Z INFO BrokerMessageListener] Received job status event. JobState: Online
[2026-10-04 01:59:34Z WARN GitHubActionsService] GET request to https://broker.actions.githubusercontent.com/message?sessionId=a47dfb11-058d-4927-8f6d-b9690a996ac2&status=Busy&runnerVersion=2.337.0&os=Windows&architecture=X64&disableUpdate=false has been cancelled.
[2026-10-04 01:59:34Z ERR  BrokerServer] Catch exception during request
[2026-10-04 01:59:34Z ERR  BrokerServer] System.Threading.Tasks.TaskCanceledException: The operation was canceled.
 ---> System.Threading.Tasks.TaskCanceledException: The operation was canceled.
 ---> System.IO.IOException: Unable to read data from the transport connection: The I/O operation has been aborted because of either a thread exit or an application request..
 ---> System.Net.Sockets.SocketException (995): The I/O operation has been aborted because of either a thread exit or an application request.
   --- End of inner exception stack trace ---
   at System.Net.Sockets.Socket.AwaitableSocketAsyncEventArgs.ThrowException(SocketError error, CancellationToken cancellationToken)
   at System.Net.Sockets.Socket.AwaitableSocketAsyncEventArgs.System.Threading.Tasks.Sources.IValueTaskSource<System.Int32>.GetResult(Int16 token)
   at System.Net.Security.SslStream.EnsureFullTlsFrameAsync[TIOAdapter](CancellationToken cancellationToken, Int32 estimatedSize)
   at System.Runtime.CompilerServices.PoolingAsyncValueTaskMethodBuilder`1.StateMachineBox`1.System.Threading.Tasks.Sources.IValueTaskSource<TResult>.GetResult(Int16 token)
   at System.Net.Security.SslStream.ReadAsyncInternal[TIOAdapter](Memory`1 buffer, CancellationToken cancellationToken)
   at System.Runtime.CompilerServices.PoolingAsyncValueTaskMethodBuilder`1.StateMachineBox`1.System.Threading.Tasks.Sources.IValueTaskSource<TResult>.GetResult(Int16 token)
   at System.Net.Http.HttpConnection.SendAsync(HttpRequestMessage request, Boolean async, CancellationToken cancellationToken)
   --- End of inner exception stack trace ---
   at System.Net.Http.HttpConnection.SendAsync(HttpRequestMessage request, Boolean async, CancellationToken cancellationToken)
   at System.Net.Http.AuthenticationHelper.SendWithNtAuthAsync(HttpRequestMessage request, Uri authUri, Boolean async, ICredentials credentials, Boolean isProxyAuth, HttpConnection connection, HttpConnectionPool connectionPool, CancellationToken cancellationToken)
   at System.Net.Http.HttpConnectionPool.SendWithVersionDetectionAndRetryAsync(HttpRequestMessage request, Boolean async, Boolean doRequestAuth, CancellationToken cancellationToken)
   at System.Net.Http.AuthenticationHelper.SendWithAuthAsync(HttpRequestMessage request, Uri authUri, Boolean async, ICredentials credentials, Boolean preAuthenticate, Boolean isProxyAuth, Boolean doRequestAuth, HttpConnectionPool pool, CancellationToken cancellationToken)
   at System.Net.Http.RedirectHandler.SendAsync(HttpRequestMessage request, Boolean async, CancellationToken cancellationToken)
   at GitHub.Services.Common.RawHttpMessageHandler.SendAsync(HttpRequestMessage request, CancellationToken cancellationToken)
   at GitHub.Services.Common.VssHttpRetryMessageHandler.SendAsync(HttpRequestMessage request, CancellationToken cancellationToken)
   at System.Net.Http.HttpClient.<SendAsync>g__Core|83_0(HttpRequestMessage request, HttpCompletionOption completionOption, CancellationTokenSource cts, Boolean disposeCts, CancellationTokenSource pendingRequestsCts, CancellationToken originalCancellationToken)
   --- End of inner exception stack trace ---
   at System.Net.Http.HttpClient.HandleFailure(Exception e, Boolean telemetryStarted, HttpResponseMessage response, CancellationTokenSource cts, CancellationToken cancellationToken, CancellationTokenSource pendingRequestsCts)
   at System.Net.Http.HttpClient.<SendAsync>g__Core|83_0(HttpRequestMessage request, HttpCompletionOption completionOption, CancellationTokenSource cts, Boolean disposeCts, CancellationTokenSource pendingRequestsCts, CancellationToken originalCancellationToken)
   at Sdk.WebApi.WebApi.RawHttpClientBase.SendAsync(HttpRequestMessage message, HttpCompletionOption completionOption, Object userState, CancellationToken cancellationToken)
   at Sdk.WebApi.WebApi.RawHttpClientBase.SendAsync[T](HttpRequestMessage message, Boolean readErrorBody, Object userState, CancellationToken cancellationToken)
   at Sdk.WebApi.WebApi.RawHttpClientBase.SendAsync[T](HttpMethod method, IEnumerable`1 additionalHeaders, Uri requestUri, HttpContent content, IEnumerable`1 queryParameters, Boolean readErrorBody, Object userState, CancellationToken cancellationToken)
   at GitHub.Actions.RunService.WebApi.BrokerHttpClient.GetRunnerMessageAsync(Nullable`1 sessionId, String runnerVersion, Nullable`1 status, String os, String architecture, Nullable`1 disableUpdate, CancellationToken cancellationToken)
   at GitHub.Runner.Common.BrokerServer.<>c__DisplayClass7_0.<<GetRunnerMessageAsync>b__0>d.MoveNext()
--- End of stack trace from previous location ---
   at GitHub.Runner.Common.RunnerService.RetryRequest[T](Func`1 func, CancellationToken cancellationToken, Int32 maxAttempts, Func`2 shouldRetry)
[2026-10-04 01:59:34Z ERR  BrokerServer] #####################################################
[2026-10-04 01:59:34Z ERR  BrokerServer] System.Threading.Tasks.TaskCanceledException: The operation was canceled.
 ---> System.IO.IOException: Unable to read data from the transport connection: The I/O operation has been aborted because of either a thread exit or an application request..
 ---> System.Net.Sockets.SocketException (995): The I/O operation has been aborted because of either a thread exit or an application request.
   --- End of inner exception stack trace ---
   at System.Net.Sockets.Socket.AwaitableSocketAsyncEventArgs.ThrowException(SocketError error, CancellationToken cancellationToken)
   at System.Net.Sockets.Socket.AwaitableSocketAsyncEventArgs.System.Threading.Tasks.Sources.IValueTaskSource<System.Int32>.GetResult(Int16 token)
   at System.Net.Security.SslStream.EnsureFullTlsFrameAsync[TIOAdapter](CancellationToken cancellationToken, Int32 estimatedSize)
   at System.Runtime.CompilerServices.PoolingAsyncValueTaskMethodBuilder`1.StateMachineBox`1.System.Threading.Tasks.Sources.IValueTaskSource<TResult>.GetResult(Int16 token)
   at System.Net.Security.SslStream.ReadAsyncInternal[TIOAdapter](Memory`1 buffer, CancellationToken cancellationToken)
   at System.Runtime.CompilerServices.PoolingAsyncValueTaskMethodBuilder`1.StateMachineBox`1.System.Threading.Tasks.Sources.IValueTaskSource<TResult>.GetResult(Int16 token)
   at System.Net.Http.HttpConnection.SendAsync(HttpRequestMessage request, Boolean async, CancellationToken cancellationToken)
   --- End of inner exception stack trace ---
   at System.Net.Http.HttpConnection.SendAsync(HttpRequestMessage request, Boolean async, CancellationToken cancellationToken)
   at System.Net.Http.AuthenticationHelper.SendWithNtAuthAsync(HttpRequestMessage request, Uri authUri, Boolean async, ICredentials credentials, Boolean isProxyAuth, HttpConnection connection, HttpConnectionPool connectionPool, CancellationToken cancellationToken)
   at System.Net.Http.HttpConnectionPool.SendWithVersionDetectionAndRetryAsync(HttpRequestMessage request, Boolean async, Boolean doRequestAuth, CancellationToken cancellationToken)
   at System.Net.Http.AuthenticationHelper.SendWithAuthAsync(HttpRequestMessage request, Uri authUri, Boolean async, ICredentials credentials, Boolean preAuthenticate, Boolean isProxyAuth, Boolean doRequestAuth, HttpConnectionPool pool, CancellationToken cancellationToken)
   at System.Net.Http.RedirectHandler.SendAsync(HttpRequestMessage request, Boolean async, CancellationToken cancellationToken)
   at GitHub.Services.Common.RawHttpMessageHandler.SendAsync(HttpRequestMessage request, CancellationToken cancellationToken)
   at GitHub.Services.Common.VssHttpRetryMessageHandler.SendAsync(HttpRequestMessage request, CancellationToken cancellationToken)
   at System.Net.Http.HttpClient.<SendAsync>g__Core|83_0(HttpRequestMessage request, HttpCompletionOption completionOption, CancellationTokenSource cts, Boolean disposeCts, CancellationTokenSource pendingRequestsCts, CancellationToken originalCancellationToken)
[2026-10-04 01:59:34Z ERR  BrokerServer] #####################################################
[2026-10-04 01:59:34Z ERR  BrokerServer] System.IO.IOException: Unable to read data from the transport connection: The I/O operation has been aborted because of either a thread exit or an application request..
 ---> System.Net.Sockets.SocketException (995): The I/O operation has been aborted because of either a thread exit or an application request.
   --- End of inner exception stack trace ---
   at System.Net.Sockets.Socket.AwaitableSocketAsyncEventArgs.ThrowException(SocketError error, CancellationToken cancellationToken)
   at System.Net.Sockets.Socket.AwaitableSocketAsyncEventArgs.System.Threading.Tasks.Sources.IValueTaskSource<System.Int32>.GetResult(Int16 token)
   at System.Net.Security.SslStream.EnsureFullTlsFrameAsync[TIOAdapter](CancellationToken cancellationToken, Int32 estimatedSize)
   at System.Runtime.CompilerServices.PoolingAsyncValueTaskMethodBuilder`1.StateMachineBox`1.System.Threading.Tasks.Sources.IValueTaskSource<TResult>.GetResult(Int16 token)
   at System.Net.Security.SslStream.ReadAsyncInternal[TIOAdapter](Memory`1 buffer, CancellationToken cancellationToken)
   at System.Runtime.CompilerServices.PoolingAsyncValueTaskMethodBuilder`1.StateMachineBox`1.System.Threading.Tasks.Sources.IValueTaskSource<TResult>.GetResult(Int16 token)
   at System.Net.Http.HttpConnection.SendAsync(HttpRequestMessage request, Boolean async, CancellationToken cancellationToken)
[2026-10-04 01:59:34Z ERR  BrokerServer] #####################################################
[2026-10-04 01:59:34Z ERR  BrokerServer] System.Net.Sockets.SocketException (995): The I/O operation has been aborted because of either a thread exit or an application request.
[2026-10-04 01:59:34Z WARN BrokerServer] Back off 12.258 seconds before next retry. 4 attempt left.
[2026-10-04 01:59:34Z INFO BrokerMessageListener] Get messages has been cancelled using local token source. Continue to get messages with new status.
[2026-10-04 02:30:42Z INFO RSAEncryptedFileKeyManager] Loading RSA key parameters from file C:\Users\chella\Desktop\devopsassignment\devops-assignment\actions-runner\.credentials_rsaparams
[2026-10-04 02:30:43Z INFO GitHubActionsService] AAD Correlation ID for this token request: Unknown
[2026-10-04 03:10:04Z WARN GitHubActionsService] GET request to https://broker.actions.githubusercontent.com/message?sessionId=a47dfb11-058d-4927-8f6d-b9690a996ac2&status=Online&runnerVersion=2.337.0&os=Windows&architecture=X64&disableUpdate=false timed out after 100 seconds.
[2026-10-04 03:10:04Z ERR  BrokerServer] Catch exception during request
[2026-10-04 03:10:04Z ERR  BrokerServer] System.TimeoutException: The HTTP request timed out after 00:01:40.
 ---> System.Threading.Tasks.TaskCanceledException: The operation was canceled.
 ---> System.IO.IOException: Unable to read data from the transport connection: The I/O operation has been aborted because of either a thread exit or an application request..
 ---> System.Net.Sockets.SocketException (995): The I/O operation has been aborted because of either a thread exit or an application request.
   --- End of inner exception stack trace ---
   at System.Net.Sockets.Socket.AwaitableSocketAsyncEventArgs.System.Threading.Tasks.Sources.IValueTaskSource<System.Int32>.GetResult(Int16 token)
   at System.Net.Security.SslStream.EnsureFullTlsFrameAsync[TIOAdapter](CancellationToken cancellationToken, Int32 estimatedSize)
   at System.Runtime.CompilerServices.PoolingAsyncValueTaskMethodBuilder`1.StateMachineBox`1.System.Threading.Tasks.Sources.IValueTaskSource<TResult>.GetResult(Int16 token)
   at System.Net.Security.SslStream.ReadAsyncInternal[TIOAdapter](Memory`1 buffer, CancellationToken cancellationToken)
   at System.Runtime.CompilerServices.PoolingAsyncValueTaskMethodBuilder`1.StateMachineBox`1.System.Threading.Tasks.Sources.IValueTaskSource<TResult>.GetResult(Int16 token)
   at System.Net.Http.HttpConnection.SendAsync(HttpRequestMessage request, Boolean async, CancellationToken cancellationToken)
   --- End of inner exception stack trace ---
   at System.Net.Http.HttpConnection.SendAsync(HttpRequestMessage request, Boolean async, CancellationToken cancellationToken)
   at System.Net.Http.AuthenticationHelper.SendWithNtAuthAsync(HttpRequestMessage request, Uri authUri, Boolean async, ICredentials credentials, Boolean isProxyAuth, HttpConnection connection, HttpConnectionPool connectionPool, CancellationToken cancellationToken)
   at System.Net.Http.HttpConnectionPool.SendWithVersionDetectionAndRetryAsync(HttpRequestMessage request, Boolean async, Boolean doRequestAuth, CancellationToken cancellationToken)
   at System.Net.Http.AuthenticationHelper.SendWithAuthAsync(HttpRequestMessage request, Uri authUri, Boolean async, ICredentials credentials, Boolean preAuthenticate, Boolean isProxyAuth, Boolean doRequestAuth, HttpConnectionPool pool, CancellationToken cancellationToken)
   at System.Net.Http.RedirectHandler.SendAsync(HttpRequestMessage request, Boolean async, CancellationToken cancellationToken)
   at GitHub.Services.Common.RawHttpMessageHandler.SendAsync(HttpRequestMessage request, CancellationToken cancellationToken)
   --- End of inner exception stack trace ---
   at GitHub.Services.Common.RawHttpMessageHandler.SendAsync(HttpRequestMessage request, CancellationToken cancellationToken)
   at GitHub.Services.Common.VssHttpRetryMessageHandler.SendAsync(HttpRequestMessage request, CancellationToken cancellationToken)
   at System.Net.Http.HttpClient.<SendAsync>g__Core|83_0(HttpRequestMessage request, HttpCompletionOption completionOption, CancellationTokenSource cts, Boolean disposeCts, CancellationTokenSource pendingRequestsCts, CancellationToken originalCancellationToken)
   at Sdk.WebApi.WebApi.RawHttpClientBase.SendAsync(HttpRequestMessage message, HttpCompletionOption completionOption, Object userState, CancellationToken cancellationToken)
   at Sdk.WebApi.WebApi.RawHttpClientBase.SendAsync[T](HttpRequestMessage message, Boolean readErrorBody, Object userState, CancellationToken cancellationToken)
   at Sdk.WebApi.WebApi.RawHttpClientBase.SendAsync[T](HttpMethod method, IEnumerable`1 additionalHeaders, Uri requestUri, HttpContent content, IEnumerable`1 queryParameters, Boolean readErrorBody, Object userState, CancellationToken cancellationToken)
   at GitHub.Actions.RunService.WebApi.BrokerHttpClient.GetRunnerMessageAsync(Nullable`1 sessionId, String runnerVersion, Nullable`1 status, String os, String architecture, Nullable`1 disableUpdate, CancellationToken cancellationToken)
   at GitHub.Runner.Common.BrokerServer.<>c__DisplayClass7_0.<<GetRunnerMessageAsync>b__0>d.MoveNext()
--- End of stack trace from previous location ---
   at GitHub.Runner.Common.RunnerService.RetryRequest[T](Func`1 func, CancellationToken cancellationToken, Int32 maxAttempts, Func`2 shouldRetry)
[2026-10-04 03:10:04Z ERR  BrokerServer] #####################################################
[2026-10-04 03:10:04Z ERR  BrokerServer] System.Threading.Tasks.TaskCanceledException: The operation was canceled.
 ---> System.IO.IOException: Unable to read data from the transport connection: The I/O operation has been aborted because of either a thread exit or an application request..
 ---> System.Net.Sockets.SocketException (995): The I/O operation has been aborted because of either a thread exit or an application request.
   --- End of inner exception stack trace ---
   at System.Net.Sockets.Socket.AwaitableSocketAsyncEventArgs.System.Threading.Tasks.Sources.IValueTaskSource<System.Int32>.GetResult(Int16 token)
   at System.Net.Security.SslStream.EnsureFullTlsFrameAsync[TIOAdapter](CancellationToken cancellationToken, Int32 estimatedSize)
   at System.Runtime.CompilerServices.PoolingAsyncValueTaskMethodBuilder`1.StateMachineBox`1.System.Threading.Tasks.Sources.IValueTaskSource<TResult>.GetResult(Int16 token)
   at System.Net.Security.SslStream.ReadAsyncInternal[TIOAdapter](Memory`1 buffer, CancellationToken cancellationToken)
   at System.Runtime.CompilerServices.PoolingAsyncValueTaskMethodBuilder`1.StateMachineBox`1.System.Threading.Tasks.Sources.IValueTaskSource<TResult>.GetResult(Int16 token)
   at System.Net.Http.HttpConnection.SendAsync(HttpRequestMessage request, Boolean async, CancellationToken cancellationToken)
   --- End of inner exception stack trace ---
   at System.Net.Http.HttpConnection.SendAsync(HttpRequestMessage request, Boolean async, CancellationToken cancellationToken)
   at System.Net.Http.AuthenticationHelper.SendWithNtAuthAsync(HttpRequestMessage request, Uri authUri, Boolean async, ICredentials credentials, Boolean isProxyAuth, HttpConnection connection, HttpConnectionPool connectionPool, CancellationToken cancellationToken)
   at System.Net.Http.HttpConnectionPool.SendWithVersionDetectionAndRetryAsync(HttpRequestMessage request, Boolean async, Boolean doRequestAuth, CancellationToken cancellationToken)
   at System.Net.Http.AuthenticationHelper.SendWithAuthAsync(HttpRequestMessage request, Uri authUri, Boolean async, ICredentials credentials, Boolean preAuthenticate, Boolean isProxyAuth, Boolean doRequestAuth, HttpConnectionPool pool, CancellationToken cancellationToken)
   at System.Net.Http.RedirectHandler.SendAsync(HttpRequestMessage request, Boolean async, CancellationToken cancellationToken)
   at GitHub.Services.Common.RawHttpMessageHandler.SendAsync(HttpRequestMessage request, CancellationToken cancellationToken)
[2026-10-04 03:10:04Z ERR  BrokerServer] #####################################################
[2026-10-04 03:10:04Z ERR  BrokerServer] System.IO.IOException: Unable to read data from the transport connection: The I/O operation has been aborted because of either a thread exit or an application request..
 ---> System.Net.Sockets.SocketException (995): The I/O operation has been aborted because of either a thread exit or an application request.
   --- End of inner exception stack trace ---
   at System.Net.Sockets.Socket.AwaitableSocketAsyncEventArgs.System.Threading.Tasks.Sources.IValueTaskSource<System.Int32>.GetResult(Int16 token)
   at System.Net.Security.SslStream.EnsureFullTlsFrameAsync[TIOAdapter](CancellationToken cancellationToken, Int32 estimatedSize)
   at System.Runtime.CompilerServices.PoolingAsyncValueTaskMethodBuilder`1.StateMachineBox`1.System.Threading.Tasks.Sources.IValueTaskSource<TResult>.GetResult(Int16 token)
   at System.Net.Security.SslStream.ReadAsyncInternal[TIOAdapter](Memory`1 buffer, CancellationToken cancellationToken)
   at System.Runtime.CompilerServices.PoolingAsyncValueTaskMethodBuilder`1.StateMachineBox`1.System.Threading.Tasks.Sources.IValueTaskSource<TResult>.GetResult(Int16 token)
   at System.Net.Http.HttpConnection.SendAsync(HttpRequestMessage request, Boolean async, CancellationToken cancellationToken)
[2026-10-04 03:10:04Z ERR  BrokerServer] #####################################################
[2026-10-04 03:10:04Z ERR  BrokerServer] System.Net.Sockets.SocketException (995): The I/O operation has been aborted because of either a thread exit or an application request.
[2026-10-04 03:10:04Z WARN BrokerServer] Back off 10.868 seconds before next retry. 4 attempt left.
[2026-10-04 03:19:17Z INFO BrokerMessageListener] Acknowledging runner request 'f160478d-6244-5faa-8bd1-06f205299283'.
[2026-10-04 03:19:17Z INFO ConfigurationStore] HasCredentials()
[2026-10-04 03:19:17Z INFO ConfigurationStore] stored True
[2026-10-04 03:19:17Z INFO CredentialManager] GetCredentialProvider
[2026-10-04 03:19:17Z INFO CredentialManager] Creating type OAuth
[2026-10-04 03:19:17Z INFO CredentialManager] Creating credential type: OAuth
[2026-10-04 03:19:17Z INFO RSAEncryptedFileKeyManager] Loading RSA key parameters from file C:\Users\chella\Desktop\devopsassignment\devops-assignment\actions-runner\.credentials_rsaparams
[2026-10-04 03:19:17Z INFO RSAEncryptedFileKeyManager] Loading RSA key parameters from file C:\Users\chella\Desktop\devopsassignment\devops-assignment\actions-runner\.credentials_rsaparams
[2026-10-04 03:19:17Z INFO RSAEncryptedFileKeyManager] Loading RSA key parameters from file C:\Users\chella\Desktop\devopsassignment\devops-assignment\actions-runner\.credentials_rsaparams
[2026-10-04 03:19:18Z INFO GitHubActionsService] AAD Correlation ID for this token request: Unknown
[2026-10-04 03:19:19Z INFO JobDispatcher] Job request 0 for plan fd0110cc-bbc8-86f8-bc41-03cabfa1d9a1 job f160478d-6244-5faa-8bd1-06f205299283 received.
[2026-10-04 03:19:19Z INFO JobDispatcher] Pull OrchestrationId fd0110cc-bbc8-86f8-bc41-03cabfa1d9a1.trigger-jenkins.__default from JWT claims
[2026-10-04 03:19:19Z INFO BrokerMessageListener] Received job status event. JobState: Busy
[2026-10-04 03:19:19Z INFO BrokerMessageListener] _getMessagesTokenSource is already disposed.
[2026-10-04 03:19:19Z INFO JobDispatcher] Job request 52bf849e-a4e2-5b16-a8fd-73f8a1c63765 processed succeed.
[2026-10-04 03:19:19Z INFO Terminal] WRITE LINE: 2026-10-04 03:19:19Z: Running job: trigger-jenkins
[2026-10-04 03:19:19Z INFO JobDispatcher] Start renew job request 0 for job f160478d-6244-5faa-8bd1-06f205299283.
[2026-10-04 03:19:20Z INFO JobDispatcher] Successfully renew job f160478d-6244-5faa-8bd1-06f205299283, job is valid till 04-10-2026 03:29:20
[2026-10-04 03:19:20Z INFO HostContext] Well known directory 'Bin': 'C:\Users\chella\Desktop\devopsassignment\devops-assignment\actions-runner\bin'
[2026-10-04 03:19:20Z INFO ProcessInvokerWrapper] Starting process:
[2026-10-04 03:19:20Z INFO ProcessInvokerWrapper]   File name: 'C:\Users\chella\Desktop\devopsassignment\devops-assignment\actions-runner\bin\Runner.Worker.exe'
[2026-10-04 03:19:20Z INFO ProcessInvokerWrapper]   Arguments: 'spawnclient 1932 1988'
[2026-10-04 03:19:20Z INFO ProcessInvokerWrapper]   Working directory: 'C:\Users\chella\Desktop\devopsassignment\devops-assignment\actions-runner\bin'
[2026-10-04 03:19:20Z INFO ProcessInvokerWrapper]   Require exit code zero: 'False'
[2026-10-04 03:19:20Z INFO ProcessInvokerWrapper]   Encoding web name:  ; code page: ''
[2026-10-04 03:19:20Z INFO ProcessInvokerWrapper]   Force kill process on cancellation: 'True'
[2026-10-04 03:19:20Z INFO ProcessInvokerWrapper]   Redirected STDIN: 'False'
[2026-10-04 03:19:20Z INFO ProcessInvokerWrapper]   Persist current code page: 'False'
[2026-10-04 03:19:20Z INFO ProcessInvokerWrapper]   Keep redirected STDIN open: 'False'
[2026-10-04 03:19:20Z INFO ProcessInvokerWrapper]   High priority process: 'True'
[2026-10-04 03:19:20Z INFO ProcessInvokerWrapper] Process started with process id 29292, waiting for process exit.
[2026-10-04 03:19:20Z INFO JobDispatcher] Send job request message to worker for job f160478d-6244-5faa-8bd1-06f205299283.
[2026-10-04 03:19:20Z INFO ProcessChannel] Sending message of length 24433, with hash '073e7abd3dfe3b60cd467c83a5ea1a9fc626027e719d335f6b62420d295225a6'
[2026-10-04 03:19:21Z INFO JobNotification] Entering JobStarted Notification
[2026-10-04 03:19:21Z INFO JobNotification] Entering StartMonitor
[2026-10-04 03:19:29Z INFO ProcessInvokerWrapper] STDOUT/STDERR stream read finished.
[2026-10-04 03:19:29Z INFO ProcessInvokerWrapper] STDOUT/STDERR stream read finished.
[2026-10-04 03:19:29Z INFO ProcessInvokerWrapper] Finished process 29292 with exit code 100, and elapsed time 00:00:08.9561053.
[2026-10-04 03:19:29Z INFO JobDispatcher] Worker finished for job f160478d-6244-5faa-8bd1-06f205299283. Code: 100
[2026-10-04 03:19:29Z INFO JobDispatcher] finish job request for job f160478d-6244-5faa-8bd1-06f205299283 with result: Succeeded
[2026-10-04 03:19:29Z INFO Terminal] WRITE LINE: 2026-10-04 03:19:29Z: Job trigger-jenkins completed with result: Succeeded
[2026-10-04 03:19:29Z INFO JobDispatcher] Stop renew job request for job f160478d-6244-5faa-8bd1-06f205299283.
[2026-10-04 03:19:29Z INFO JobDispatcher] job renew has been cancelled, stop renew job f160478d-6244-5faa-8bd1-06f205299283.
[2026-10-04 03:19:29Z INFO JobNotification] Entering JobCompleted Notification
[2026-10-04 03:19:29Z INFO JobNotification] Entering EndMonitor
[2026-10-04 03:19:29Z INFO BrokerMessageListener] Received job status event. JobState: Online
[2026-10-04 03:19:29Z WARN GitHubActionsService] GET request to https://broker.actions.githubusercontent.com/message?sessionId=a47dfb11-058d-4927-8f6d-b9690a996ac2&status=Busy&runnerVersion=2.337.0&os=Windows&architecture=X64&disableUpdate=false has been cancelled.
[2026-10-04 03:19:29Z ERR  BrokerServer] Catch exception during request
[2026-10-04 03:19:29Z ERR  BrokerServer] System.Threading.Tasks.TaskCanceledException: The operation was canceled.
 ---> System.Threading.Tasks.TaskCanceledException: The operation was canceled.
 ---> System.IO.IOException: Unable to read data from the transport connection: The I/O operation has been aborted because of either a thread exit or an application request..
 ---> System.Net.Sockets.SocketException (995): The I/O operation has been aborted because of either a thread exit or an application request.
   --- End of inner exception stack trace ---
   at System.Net.Sockets.Socket.AwaitableSocketAsyncEventArgs.System.Threading.Tasks.Sources.IValueTaskSource<System.Int32>.GetResult(Int16 token)
   at System.Net.Security.SslStream.EnsureFullTlsFrameAsync[TIOAdapter](CancellationToken cancellationToken, Int32 estimatedSize)
   at System.Runtime.CompilerServices.PoolingAsyncValueTaskMethodBuilder`1.StateMachineBox`1.System.Threading.Tasks.Sources.IValueTaskSource<TResult>.GetResult(Int16 token)
   at System.Net.Security.SslStream.ReadAsyncInternal[TIOAdapter](Memory`1 buffer, CancellationToken cancellationToken)
   at System.Runtime.CompilerServices.PoolingAsyncValueTaskMethodBuilder`1.StateMachineBox`1.System.Threading.Tasks.Sources.IValueTaskSource<TResult>.GetResult(Int16 token)
   at System.Net.Http.HttpConnection.SendAsync(HttpRequestMessage request, Boolean async, CancellationToken cancellationToken)
   --- End of inner exception stack trace ---
   at System.Net.Http.HttpConnection.SendAsync(HttpRequestMessage request, Boolean async, CancellationToken cancellationToken)
   at System.Net.Http.AuthenticationHelper.SendWithNtAuthAsync(HttpRequestMessage request, Uri authUri, Boolean async, ICredentials credentials, Boolean isProxyAuth, HttpConnection connection, HttpConnectionPool connectionPool, CancellationToken cancellationToken)
   at System.Net.Http.HttpConnectionPool.SendWithVersionDetectionAndRetryAsync(HttpRequestMessage request, Boolean async, Boolean doRequestAuth, CancellationToken cancellationToken)
   at System.Net.Http.AuthenticationHelper.SendWithAuthAsync(HttpRequestMessage request, Uri authUri, Boolean async, ICredentials credentials, Boolean preAuthenticate, Boolean isProxyAuth, Boolean doRequestAuth, HttpConnectionPool pool, CancellationToken cancellationToken)
   at System.Net.Http.RedirectHandler.SendAsync(HttpRequestMessage request, Boolean async, CancellationToken cancellationToken)
   at GitHub.Services.Common.RawHttpMessageHandler.SendAsync(HttpRequestMessage request, CancellationToken cancellationToken)
   at GitHub.Services.Common.VssHttpRetryMessageHandler.SendAsync(HttpRequestMessage request, CancellationToken cancellationToken)
   at System.Net.Http.HttpClient.<SendAsync>g__Core|83_0(HttpRequestMessage request, HttpCompletionOption completionOption, CancellationTokenSource cts, Boolean disposeCts, CancellationTokenSource pendingRequestsCts, CancellationToken originalCancellationToken)
   --- End of inner exception stack trace ---
   at System.Net.Http.HttpClient.HandleFailure(Exception e, Boolean telemetryStarted, HttpResponseMessage response, CancellationTokenSource cts, CancellationToken cancellationToken, CancellationTokenSource pendingRequestsCts)
   at System.Net.Http.HttpClient.<SendAsync>g__Core|83_0(HttpRequestMessage request, HttpCompletionOption completionOption, CancellationTokenSource cts, Boolean disposeCts, CancellationTokenSource pendingRequestsCts, CancellationToken originalCancellationToken)
   at Sdk.WebApi.WebApi.RawHttpClientBase.SendAsync(HttpRequestMessage message, HttpCompletionOption completionOption, Object userState, CancellationToken cancellationToken)
   at Sdk.WebApi.WebApi.RawHttpClientBase.SendAsync[T](HttpRequestMessage message, Boolean readErrorBody, Object userState, CancellationToken cancellationToken)
   at Sdk.WebApi.WebApi.RawHttpClientBase.SendAsync[T](HttpMethod method, IEnumerable`1 additionalHeaders, Uri requestUri, HttpContent content, IEnumerable`1 queryParameters, Boolean readErrorBody, Object userState, CancellationToken cancellationToken)
   at GitHub.Actions.RunService.WebApi.BrokerHttpClient.GetRunnerMessageAsync(Nullable`1 sessionId, String runnerVersion, Nullable`1 status, String os, String architecture, Nullable`1 disableUpdate, CancellationToken cancellationToken)
   at GitHub.Runner.Common.BrokerServer.<>c__DisplayClass7_0.<<GetRunnerMessageAsync>b__0>d.MoveNext()
--- End of stack trace from previous location ---
   at GitHub.Runner.Common.RunnerService.RetryRequest[T](Func`1 func, CancellationToken cancellationToken, Int32 maxAttempts, Func`2 shouldRetry)
[2026-10-04 03:19:29Z ERR  BrokerServer] #####################################################
[2026-10-04 03:19:29Z ERR  BrokerServer] System.Threading.Tasks.TaskCanceledException: The operation was canceled.
 ---> System.IO.IOException: Unable to read data from the transport connection: The I/O operation has been aborted because of either a thread exit or an application request..
 ---> System.Net.Sockets.SocketException (995): The I/O operation has been aborted because of either a thread exit or an application request.
   --- End of inner exception stack trace ---
   at System.Net.Sockets.Socket.AwaitableSocketAsyncEventArgs.System.Threading.Tasks.Sources.IValueTaskSource<System.Int32>.GetResult(Int16 token)
   at System.Net.Security.SslStream.EnsureFullTlsFrameAsync[TIOAdapter](CancellationToken cancellationToken, Int32 estimatedSize)
   at System.Runtime.CompilerServices.PoolingAsyncValueTaskMethodBuilder`1.StateMachineBox`1.System.Threading.Tasks.Sources.IValueTaskSource<TResult>.GetResult(Int16 token)
   at System.Net.Security.SslStream.ReadAsyncInternal[TIOAdapter](Memory`1 buffer, CancellationToken cancellationToken)
   at System.Runtime.CompilerServices.PoolingAsyncValueTaskMethodBuilder`1.StateMachineBox`1.System.Threading.Tasks.Sources.IValueTaskSource<TResult>.GetResult(Int16 token)
   at System.Net.Http.HttpConnection.SendAsync(HttpRequestMessage request, Boolean async, CancellationToken cancellationToken)
   --- End of inner exception stack trace ---
   at System.Net.Http.HttpConnection.SendAsync(HttpRequestMessage request, Boolean async, CancellationToken cancellationToken)
   at System.Net.Http.AuthenticationHelper.SendWithNtAuthAsync(HttpRequestMessage request, Uri authUri, Boolean async, ICredentials credentials, Boolean isProxyAuth, HttpConnection connection, HttpConnectionPool connectionPool, CancellationToken cancellationToken)
   at System.Net.Http.HttpConnectionPool.SendWithVersionDetectionAndRetryAsync(HttpRequestMessage request, Boolean async, Boolean doRequestAuth, CancellationToken cancellationToken)
   at System.Net.Http.AuthenticationHelper.SendWithAuthAsync(HttpRequestMessage request, Uri authUri, Boolean async, ICredentials credentials, Boolean preAuthenticate, Boolean isProxyAuth, Boolean doRequestAuth, HttpConnectionPool pool, CancellationToken cancellationToken)
   at System.Net.Http.RedirectHandler.SendAsync(HttpRequestMessage request, Boolean async, CancellationToken cancellationToken)
   at GitHub.Services.Common.RawHttpMessageHandler.SendAsync(HttpRequestMessage request, CancellationToken cancellationToken)
   at GitHub.Services.Common.VssHttpRetryMessageHandler.SendAsync(HttpRequestMessage request, CancellationToken cancellationToken)
   at System.Net.Http.HttpClient.<SendAsync>g__Core|83_0(HttpRequestMessage request, HttpCompletionOption completionOption, CancellationTokenSource cts, Boolean disposeCts, CancellationTokenSource pendingRequestsCts, CancellationToken originalCancellationToken)
[2026-10-04 03:19:29Z ERR  BrokerServer] #####################################################
[2026-10-04 03:19:29Z ERR  BrokerServer] System.IO.IOException: Unable to read data from the transport connection: The I/O operation has been aborted because of either a thread exit or an application request..
 ---> System.Net.Sockets.SocketException (995): The I/O operation has been aborted because of either a thread exit or an application request.
   --- End of inner exception stack trace ---
   at System.Net.Sockets.Socket.AwaitableSocketAsyncEventArgs.System.Threading.Tasks.Sources.IValueTaskSource<System.Int32>.GetResult(Int16 token)
   at System.Net.Security.SslStream.EnsureFullTlsFrameAsync[TIOAdapter](CancellationToken cancellationToken, Int32 estimatedSize)
   at System.Runtime.CompilerServices.PoolingAsyncValueTaskMethodBuilder`1.StateMachineBox`1.System.Threading.Tasks.Sources.IValueTaskSource<TResult>.GetResult(Int16 token)
   at System.Net.Security.SslStream.ReadAsyncInternal[TIOAdapter](Memory`1 buffer, CancellationToken cancellationToken)
   at System.Runtime.CompilerServices.PoolingAsyncValueTaskMethodBuilder`1.StateMachineBox`1.System.Threading.Tasks.Sources.IValueTaskSource<TResult>.GetResult(Int16 token)
   at System.Net.Http.HttpConnection.SendAsync(HttpRequestMessage request, Boolean async, CancellationToken cancellationToken)
[2026-10-04 03:19:29Z ERR  BrokerServer] #####################################################
[2026-10-04 03:19:29Z ERR  BrokerServer] System.Net.Sockets.SocketException (995): The I/O operation has been aborted because of either a thread exit or an application request.
[2026-10-04 03:19:29Z WARN BrokerServer] Back off 8.346 seconds before next retry. 4 attempt left.
[2026-10-04 03:19:29Z INFO BrokerMessageListener] Get messages has been cancelled using local token source. Continue to get messages with new status.
[2026-10-04 03:19:29Z INFO BrokerMessageListener] Acknowledging runner request '36535c6f-1284-5a3f-b364-a77202edb6fb'.
[2026-10-04 03:19:29Z INFO ConfigurationStore] HasCredentials()
[2026-10-04 03:19:29Z INFO ConfigurationStore] stored True
[2026-10-04 03:19:29Z INFO CredentialManager] GetCredentialProvider
[2026-10-04 03:19:29Z INFO CredentialManager] Creating type OAuth
[2026-10-04 03:19:29Z INFO CredentialManager] Creating credential type: OAuth
[2026-10-04 03:19:29Z INFO RSAEncryptedFileKeyManager] Loading RSA key parameters from file C:\Users\chella\Desktop\devopsassignment\devops-assignment\actions-runner\.credentials_rsaparams
[2026-10-04 03:19:29Z INFO RSAEncryptedFileKeyManager] Loading RSA key parameters from file C:\Users\chella\Desktop\devopsassignment\devops-assignment\actions-runner\.credentials_rsaparams
[2026-10-04 03:19:29Z INFO RSAEncryptedFileKeyManager] Loading RSA key parameters from file C:\Users\chella\Desktop\devopsassignment\devops-assignment\actions-runner\.credentials_rsaparams
[2026-10-04 03:19:30Z INFO GitHubActionsService] AAD Correlation ID for this token request: Unknown
[2026-10-04 03:19:31Z INFO JobDispatcher] Job request 0 for plan 0c4e024b-fb41-8044-a374-c2947159c8db job 36535c6f-1284-5a3f-b364-a77202edb6fb received.
[2026-10-04 03:19:31Z INFO JobDispatcher] Pull OrchestrationId 0c4e024b-fb41-8044-a374-c2947159c8db.trigger-jenkins.__default from JWT claims
[2026-10-04 03:19:31Z INFO BrokerMessageListener] Received job status event. JobState: Busy
[2026-10-04 03:19:31Z INFO BrokerMessageListener] _getMessagesTokenSource is already disposed.
[2026-10-04 03:19:31Z INFO JobDispatcher] Job request f160478d-6244-5faa-8bd1-06f205299283 processed succeed.
[2026-10-04 03:19:31Z INFO Terminal] WRITE LINE: 2026-10-04 03:19:31Z: Running job: Trigger Jenkins Pipeline
[2026-10-04 03:19:31Z INFO JobDispatcher] Start renew job request 0 for job 36535c6f-1284-5a3f-b364-a77202edb6fb.
[2026-10-04 03:19:32Z INFO JobDispatcher] Successfully renew job 36535c6f-1284-5a3f-b364-a77202edb6fb, job is valid till 04-10-2026 03:29:33
[2026-10-04 03:19:32Z INFO HostContext] Well known directory 'Bin': 'C:\Users\chella\Desktop\devopsassignment\devops-assignment\actions-runner\bin'
[2026-10-04 03:19:32Z INFO ProcessInvokerWrapper] Starting process:
[2026-10-04 03:19:32Z INFO ProcessInvokerWrapper]   File name: 'C:\Users\chella\Desktop\devopsassignment\devops-assignment\actions-runner\bin\Runner.Worker.exe'
[2026-10-04 03:19:32Z INFO ProcessInvokerWrapper]   Arguments: 'spawnclient 2380 2420'
[2026-10-04 03:19:32Z INFO ProcessInvokerWrapper]   Working directory: 'C:\Users\chella\Desktop\devopsassignment\devops-assignment\actions-runner\bin'
[2026-10-04 03:19:32Z INFO ProcessInvokerWrapper]   Require exit code zero: 'False'
[2026-10-04 03:19:32Z INFO ProcessInvokerWrapper]   Encoding web name:  ; code page: ''
[2026-10-04 03:19:32Z INFO ProcessInvokerWrapper]   Force kill process on cancellation: 'True'
[2026-10-04 03:19:32Z INFO ProcessInvokerWrapper]   Redirected STDIN: 'False'
[2026-10-04 03:19:32Z INFO ProcessInvokerWrapper]   Persist current code page: 'False'
[2026-10-04 03:19:32Z INFO ProcessInvokerWrapper]   Keep redirected STDIN open: 'False'
[2026-10-04 03:19:32Z INFO ProcessInvokerWrapper]   High priority process: 'True'
[2026-10-04 03:19:32Z INFO ProcessInvokerWrapper] Process started with process id 27680, waiting for process exit.
[2026-10-04 03:19:32Z INFO JobDispatcher] Send job request message to worker for job 36535c6f-1284-5a3f-b364-a77202edb6fb.
[2026-10-04 03:19:32Z INFO ProcessChannel] Sending message of length 24397, with hash '0e7cf49f8c969acaaf431ca75f6c4f4292f955e27f78326ae9c8592775dd8bb4'
[2026-10-04 03:19:32Z INFO JobNotification] Entering JobStarted Notification
[2026-10-04 03:19:32Z INFO JobNotification] Entering StartMonitor
[2026-10-04 03:19:40Z INFO ProcessInvokerWrapper] STDOUT/STDERR stream read finished.
[2026-10-04 03:19:40Z INFO ProcessInvokerWrapper] STDOUT/STDERR stream read finished.
[2026-10-04 03:19:40Z INFO ProcessInvokerWrapper] Finished process 27680 with exit code 100, and elapsed time 00:00:07.4754505.
[2026-10-04 03:19:40Z INFO JobDispatcher] Worker finished for job 36535c6f-1284-5a3f-b364-a77202edb6fb. Code: 100
[2026-10-04 03:19:40Z INFO JobDispatcher] finish job request for job 36535c6f-1284-5a3f-b364-a77202edb6fb with result: Succeeded
[2026-10-04 03:19:40Z INFO Terminal] WRITE LINE: 2026-10-04 03:19:40Z: Job Trigger Jenkins Pipeline completed with result: Succeeded
[2026-10-04 03:19:40Z INFO JobDispatcher] Stop renew job request for job 36535c6f-1284-5a3f-b364-a77202edb6fb.
[2026-10-04 03:19:40Z INFO JobDispatcher] job renew has been cancelled, stop renew job 36535c6f-1284-5a3f-b364-a77202edb6fb.
[2026-10-04 03:19:40Z INFO JobNotification] Entering JobCompleted Notification
[2026-10-04 03:19:40Z INFO JobNotification] Entering EndMonitor
[2026-10-04 03:19:40Z INFO BrokerMessageListener] Received job status event. JobState: Online
[2026-10-04 03:19:40Z WARN GitHubActionsService] GET request to https://broker.actions.githubusercontent.com/message?sessionId=a47dfb11-058d-4927-8f6d-b9690a996ac2&status=Busy&runnerVersion=2.337.0&os=Windows&architecture=X64&disableUpdate=false has been cancelled.
[2026-10-04 03:19:40Z ERR  BrokerServer] Catch exception during request
[2026-10-04 03:19:40Z ERR  BrokerServer] System.Threading.Tasks.TaskCanceledException: The operation was canceled.
 ---> System.Threading.Tasks.TaskCanceledException: The operation was canceled.
 ---> System.IO.IOException: Unable to read data from the transport connection: The I/O operation has been aborted because of either a thread exit or an application request..
 ---> System.Net.Sockets.SocketException (995): The I/O operation has been aborted because of either a thread exit or an application request.
   --- End of inner exception stack trace ---
   at System.Net.Sockets.Socket.AwaitableSocketAsyncEventArgs.System.Threading.Tasks.Sources.IValueTaskSource<System.Int32>.GetResult(Int16 token)
   at System.Net.Security.SslStream.EnsureFullTlsFrameAsync[TIOAdapter](CancellationToken cancellationToken, Int32 estimatedSize)
   at System.Runtime.CompilerServices.PoolingAsyncValueTaskMethodBuilder`1.StateMachineBox`1.System.Threading.Tasks.Sources.IValueTaskSource<TResult>.GetResult(Int16 token)
   at System.Net.Security.SslStream.ReadAsyncInternal[TIOAdapter](Memory`1 buffer, CancellationToken cancellationToken)
   at System.Runtime.CompilerServices.PoolingAsyncValueTaskMethodBuilder`1.StateMachineBox`1.System.Threading.Tasks.Sources.IValueTaskSource<TResult>.GetResult(Int16 token)
   at System.Net.Http.HttpConnection.<EnsureReadAheadTaskHasStarted>g__ReadAheadWithZeroByteReadAsync|40_0()
   at System.Net.Http.HttpConnection.SendAsync(HttpRequestMessage request, Boolean async, CancellationToken cancellationToken)
   --- End of inner exception stack trace ---
   at System.Net.Http.HttpConnection.SendAsync(HttpRequestMessage request, Boolean async, CancellationToken cancellationToken)
   at System.Net.Http.AuthenticationHelper.SendWithNtAuthAsync(HttpRequestMessage request, Uri authUri, Boolean async, ICredentials credentials, Boolean isProxyAuth, HttpConnection connection, HttpConnectionPool connectionPool, CancellationToken cancellationToken)
   at System.Net.Http.HttpConnectionPool.SendWithVersionDetectionAndRetryAsync(HttpRequestMessage request, Boolean async, Boolean doRequestAuth, CancellationToken cancellationToken)
   at System.Net.Http.AuthenticationHelper.SendWithAuthAsync(HttpRequestMessage request, Uri authUri, Boolean async, ICredentials credentials, Boolean preAuthenticate, Boolean isProxyAuth, Boolean doRequestAuth, HttpConnectionPool pool, CancellationToken cancellationToken)
   at System.Net.Http.RedirectHandler.SendAsync(HttpRequestMessage request, Boolean async, CancellationToken cancellationToken)
   at GitHub.Services.Common.RawHttpMessageHandler.SendAsync(HttpRequestMessage request, CancellationToken cancellationToken)
   at GitHub.Services.Common.VssHttpRetryMessageHandler.SendAsync(HttpRequestMessage request, CancellationToken cancellationToken)
   at System.Net.Http.HttpClient.<SendAsync>g__Core|83_0(HttpRequestMessage request, HttpCompletionOption completionOption, CancellationTokenSource cts, Boolean disposeCts, CancellationTokenSource pendingRequestsCts, CancellationToken originalCancellationToken)
   --- End of inner exception stack trace ---
   at System.Net.Http.HttpClient.HandleFailure(Exception e, Boolean telemetryStarted, HttpResponseMessage response, CancellationTokenSource cts, CancellationToken cancellationToken, CancellationTokenSource pendingRequestsCts)
   at System.Net.Http.HttpClient.<SendAsync>g__Core|83_0(HttpRequestMessage request, HttpCompletionOption completionOption, CancellationTokenSource cts, Boolean disposeCts, CancellationTokenSource pendingRequestsCts, CancellationToken originalCancellationToken)
   at Sdk.WebApi.WebApi.RawHttpClientBase.SendAsync(HttpRequestMessage message, HttpCompletionOption completionOption, Object userState, CancellationToken cancellationToken)
   at Sdk.WebApi.WebApi.RawHttpClientBase.SendAsync[T](HttpRequestMessage message, Boolean readErrorBody, Object userState, CancellationToken cancellationToken)
   at Sdk.WebApi.WebApi.RawHttpClientBase.SendAsync[T](HttpMethod method, IEnumerable`1 additionalHeaders, Uri requestUri, HttpContent content, IEnumerable`1 queryParameters, Boolean readErrorBody, Object userState, CancellationToken cancellationToken)
   at GitHub.Actions.RunService.WebApi.BrokerHttpClient.GetRunnerMessageAsync(Nullable`1 sessionId, String runnerVersion, Nullable`1 status, String os, String architecture, Nullable`1 disableUpdate, CancellationToken cancellationToken)
   at GitHub.Runner.Common.BrokerServer.<>c__DisplayClass7_0.<<GetRunnerMessageAsync>b__0>d.MoveNext()
--- End of stack trace from previous location ---
   at GitHub.Runner.Common.RunnerService.RetryRequest[T](Func`1 func, CancellationToken cancellationToken, Int32 maxAttempts, Func`2 shouldRetry)
[2026-10-04 03:19:40Z ERR  BrokerServer] #####################################################
[2026-10-04 03:19:40Z ERR  BrokerServer] System.Threading.Tasks.TaskCanceledException: The operation was canceled.
 ---> System.IO.IOException: Unable to read data from the transport connection: The I/O operation has been aborted because of either a thread exit or an application request..
 ---> System.Net.Sockets.SocketException (995): The I/O operation has been aborted because of either a thread exit or an application request.
   --- End of inner exception stack trace ---
   at System.Net.Sockets.Socket.AwaitableSocketAsyncEventArgs.System.Threading.Tasks.Sources.IValueTaskSource<System.Int32>.GetResult(Int16 token)
   at System.Net.Security.SslStream.EnsureFullTlsFrameAsync[TIOAdapter](CancellationToken cancellationToken, Int32 estimatedSize)
   at System.Runtime.CompilerServices.PoolingAsyncValueTaskMethodBuilder`1.StateMachineBox`1.System.Threading.Tasks.Sources.IValueTaskSource<TResult>.GetResult(Int16 token)
   at System.Net.Security.SslStream.ReadAsyncInternal[TIOAdapter](Memory`1 buffer, CancellationToken cancellationToken)
   at System.Runtime.CompilerServices.PoolingAsyncValueTaskMethodBuilder`1.StateMachineBox`1.System.Threading.Tasks.Sources.IValueTaskSource<TResult>.GetResult(Int16 token)
   at System.Net.Http.HttpConnection.<EnsureReadAheadTaskHasStarted>g__ReadAheadWithZeroByteReadAsync|40_0()
   at System.Net.Http.HttpConnection.SendAsync(HttpRequestMessage request, Boolean async, CancellationToken cancellationToken)
   --- End of inner exception stack trace ---
   at System.Net.Http.HttpConnection.SendAsync(HttpRequestMessage request, Boolean async, CancellationToken cancellationToken)
   at System.Net.Http.AuthenticationHelper.SendWithNtAuthAsync(HttpRequestMessage request, Uri authUri, Boolean async, ICredentials credentials, Boolean isProxyAuth, HttpConnection connection, HttpConnectionPool connectionPool, CancellationToken cancellationToken)
   at System.Net.Http.HttpConnectionPool.SendWithVersionDetectionAndRetryAsync(HttpRequestMessage request, Boolean async, Boolean doRequestAuth, CancellationToken cancellationToken)
   at System.Net.Http.AuthenticationHelper.SendWithAuthAsync(HttpRequestMessage request, Uri authUri, Boolean async, ICredentials credentials, Boolean preAuthenticate, Boolean isProxyAuth, Boolean doRequestAuth, HttpConnectionPool pool, CancellationToken cancellationToken)
   at System.Net.Http.RedirectHandler.SendAsync(HttpRequestMessage request, Boolean async, CancellationToken cancellationToken)
   at GitHub.Services.Common.RawHttpMessageHandler.SendAsync(HttpRequestMessage request, CancellationToken cancellationToken)
   at GitHub.Services.Common.VssHttpRetryMessageHandler.SendAsync(HttpRequestMessage request, CancellationToken cancellationToken)
   at System.Net.Http.HttpClient.<SendAsync>g__Core|83_0(HttpRequestMessage request, HttpCompletionOption completionOption, CancellationTokenSource cts, Boolean disposeCts, CancellationTokenSource pendingRequestsCts, CancellationToken originalCancellationToken)
[2026-10-04 03:19:40Z ERR  BrokerServer] #####################################################
[2026-10-04 03:19:40Z ERR  BrokerServer] System.IO.IOException: Unable to read data from the transport connection: The I/O operation has been aborted because of either a thread exit or an application request..
 ---> System.Net.Sockets.SocketException (995): The I/O operation has been aborted because of either a thread exit or an application request.
   --- End of inner exception stack trace ---
   at System.Net.Sockets.Socket.AwaitableSocketAsyncEventArgs.System.Threading.Tasks.Sources.IValueTaskSource<System.Int32>.GetResult(Int16 token)
   at System.Net.Security.SslStream.EnsureFullTlsFrameAsync[TIOAdapter](CancellationToken cancellationToken, Int32 estimatedSize)
   at System.Runtime.CompilerServices.PoolingAsyncValueTaskMethodBuilder`1.StateMachineBox`1.System.Threading.Tasks.Sources.IValueTaskSource<TResult>.GetResult(Int16 token)
   at System.Net.Security.SslStream.ReadAsyncInternal[TIOAdapter](Memory`1 buffer, CancellationToken cancellationToken)
   at System.Runtime.CompilerServices.PoolingAsyncValueTaskMethodBuilder`1.StateMachineBox`1.System.Threading.Tasks.Sources.IValueTaskSource<TResult>.GetResult(Int16 token)
   at System.Net.Http.HttpConnection.<EnsureReadAheadTaskHasStarted>g__ReadAheadWithZeroByteReadAsync|40_0()
   at System.Net.Http.HttpConnection.SendAsync(HttpRequestMessage request, Boolean async, CancellationToken cancellationToken)
[2026-10-04 03:19:40Z ERR  BrokerServer] #####################################################
[2026-10-04 03:19:40Z ERR  BrokerServer] System.Net.Sockets.SocketException (995): The I/O operation has been aborted because of either a thread exit or an application request.
[2026-10-04 03:19:40Z WARN BrokerServer] Back off 11.722 seconds before next retry. 4 attempt left.
[2026-10-04 03:19:40Z INFO BrokerMessageListener] Get messages has been cancelled using local token source. Continue to get messages with new status.
[2026-10-04 03:21:41Z INFO RSAEncryptedFileKeyManager] Loading RSA key parameters from file C:\Users\chella\Desktop\devopsassignment\devops-assignment\actions-runner\.credentials_rsaparams
[2026-10-04 03:21:42Z INFO GitHubActionsService] AAD Correlation ID for this token request: Unknown
[2026-10-04 03:29:57Z INFO BrokerMessageListener] Acknowledging runner request 'f81a59cf-50ba-5465-9b2d-bc675ec8efb6'.
[2026-10-04 03:29:57Z INFO ConfigurationStore] HasCredentials()
[2026-10-04 03:29:57Z INFO ConfigurationStore] stored True
[2026-10-04 03:29:57Z INFO CredentialManager] GetCredentialProvider
[2026-10-04 03:29:57Z INFO CredentialManager] Creating type OAuth
[2026-10-04 03:29:57Z INFO CredentialManager] Creating credential type: OAuth
[2026-10-04 03:29:57Z INFO RSAEncryptedFileKeyManager] Loading RSA key parameters from file C:\Users\chella\Desktop\devopsassignment\devops-assignment\actions-runner\.credentials_rsaparams
[2026-10-04 03:29:57Z INFO RSAEncryptedFileKeyManager] Loading RSA key parameters from file C:\Users\chella\Desktop\devopsassignment\devops-assignment\actions-runner\.credentials_rsaparams
[2026-10-04 03:29:57Z INFO RSAEncryptedFileKeyManager] Loading RSA key parameters from file C:\Users\chella\Desktop\devopsassignment\devops-assignment\actions-runner\.credentials_rsaparams
[2026-10-04 03:29:58Z INFO GitHubActionsService] AAD Correlation ID for this token request: Unknown
[2026-10-04 03:29:59Z INFO JobDispatcher] Job request 0 for plan 89e32033-64b2-8144-8e01-914c7e0b6b74 job f81a59cf-50ba-5465-9b2d-bc675ec8efb6 received.
[2026-10-04 03:29:59Z INFO JobDispatcher] Pull OrchestrationId 89e32033-64b2-8144-8e01-914c7e0b6b74.trigger-jenkins.__default from JWT claims
[2026-10-04 03:29:59Z INFO BrokerMessageListener] Received job status event. JobState: Busy
[2026-10-04 03:29:59Z INFO BrokerMessageListener] _getMessagesTokenSource is already disposed.
[2026-10-04 03:29:59Z INFO JobDispatcher] Job request 36535c6f-1284-5a3f-b364-a77202edb6fb processed succeed.
[2026-10-04 03:29:59Z INFO Terminal] WRITE LINE: 2026-10-04 03:29:59Z: Running job: Trigger Jenkins Pipeline
[2026-10-04 03:29:59Z INFO JobDispatcher] Start renew job request 0 for job f81a59cf-50ba-5465-9b2d-bc675ec8efb6.
[2026-10-04 03:30:00Z INFO JobDispatcher] Successfully renew job f81a59cf-50ba-5465-9b2d-bc675ec8efb6, job is valid till 04-10-2026 03:40:00
[2026-10-04 03:30:00Z INFO HostContext] Well known directory 'Bin': 'C:\Users\chella\Desktop\devopsassignment\devops-assignment\actions-runner\bin'
[2026-10-04 03:30:00Z INFO ProcessInvokerWrapper] Starting process:
[2026-10-04 03:30:00Z INFO ProcessInvokerWrapper]   File name: 'C:\Users\chella\Desktop\devopsassignment\devops-assignment\actions-runner\bin\Runner.Worker.exe'
[2026-10-04 03:30:00Z INFO ProcessInvokerWrapper]   Arguments: 'spawnclient 2848 2852'
[2026-10-04 03:30:00Z INFO ProcessInvokerWrapper]   Working directory: 'C:\Users\chella\Desktop\devopsassignment\devops-assignment\actions-runner\bin'
[2026-10-04 03:30:00Z INFO ProcessInvokerWrapper]   Require exit code zero: 'False'
[2026-10-04 03:30:00Z INFO ProcessInvokerWrapper]   Encoding web name:  ; code page: ''
[2026-10-04 03:30:00Z INFO ProcessInvokerWrapper]   Force kill process on cancellation: 'True'
[2026-10-04 03:30:00Z INFO ProcessInvokerWrapper]   Redirected STDIN: 'False'
[2026-10-04 03:30:00Z INFO ProcessInvokerWrapper]   Persist current code page: 'False'
[2026-10-04 03:30:00Z INFO ProcessInvokerWrapper]   Keep redirected STDIN open: 'False'
[2026-10-04 03:30:00Z INFO ProcessInvokerWrapper]   High priority process: 'True'
[2026-10-04 03:30:00Z INFO ProcessInvokerWrapper] Process started with process id 9384, waiting for process exit.
[2026-10-04 03:30:00Z INFO JobDispatcher] Send job request message to worker for job f81a59cf-50ba-5465-9b2d-bc675ec8efb6.
[2026-10-04 03:30:00Z INFO ProcessChannel] Sending message of length 24367, with hash '5a5fac1f88697f487a78a1ed551b528087395a95b12756e39422bffce5aa4c0f'
[2026-10-04 03:30:00Z INFO JobNotification] Entering JobStarted Notification
[2026-10-04 03:30:00Z INFO JobNotification] Entering StartMonitor
[2026-10-04 03:30:08Z INFO ProcessInvokerWrapper] STDOUT/STDERR stream read finished.
[2026-10-04 03:30:08Z INFO ProcessInvokerWrapper] STDOUT/STDERR stream read finished.
[2026-10-04 03:30:08Z INFO ProcessInvokerWrapper] Finished process 9384 with exit code 100, and elapsed time 00:00:08.0239949.
[2026-10-04 03:30:08Z INFO JobDispatcher] Worker finished for job f81a59cf-50ba-5465-9b2d-bc675ec8efb6. Code: 100
[2026-10-04 03:30:08Z INFO JobDispatcher] finish job request for job f81a59cf-50ba-5465-9b2d-bc675ec8efb6 with result: Succeeded
[2026-10-04 03:30:08Z INFO Terminal] WRITE LINE: 2026-10-04 03:30:08Z: Job Trigger Jenkins Pipeline completed with result: Succeeded
[2026-10-04 03:30:08Z INFO JobDispatcher] Stop renew job request for job f81a59cf-50ba-5465-9b2d-bc675ec8efb6.
[2026-10-04 03:30:08Z INFO JobDispatcher] job renew has been cancelled, stop renew job f81a59cf-50ba-5465-9b2d-bc675ec8efb6.
[2026-10-04 03:30:08Z INFO JobNotification] Entering JobCompleted Notification
[2026-10-04 03:30:08Z INFO JobNotification] Entering EndMonitor
[2026-10-04 03:30:08Z INFO BrokerMessageListener] Received job status event. JobState: Online
[2026-10-04 03:30:08Z WARN GitHubActionsService] GET request to https://broker.actions.githubusercontent.com/message?sessionId=a47dfb11-058d-4927-8f6d-b9690a996ac2&status=Busy&runnerVersion=2.337.0&os=Windows&architecture=X64&disableUpdate=false has been cancelled.
[2026-10-04 03:30:08Z ERR  BrokerServer] Catch exception during request
[2026-10-04 03:30:08Z ERR  BrokerServer] System.Threading.Tasks.TaskCanceledException: The operation was canceled.
 ---> System.Threading.Tasks.TaskCanceledException: The operation was canceled.
 ---> System.IO.IOException: Unable to read data from the transport connection: The I/O operation has been aborted because of either a thread exit or an application request..
 ---> System.Net.Sockets.SocketException (995): The I/O operation has been aborted because of either a thread exit or an application request.
   --- End of inner exception stack trace ---
   at System.Net.Sockets.Socket.AwaitableSocketAsyncEventArgs.System.Threading.Tasks.Sources.IValueTaskSource<System.Int32>.GetResult(Int16 token)
   at System.Net.Security.SslStream.EnsureFullTlsFrameAsync[TIOAdapter](CancellationToken cancellationToken, Int32 estimatedSize)
   at System.Runtime.CompilerServices.PoolingAsyncValueTaskMethodBuilder`1.StateMachineBox`1.System.Threading.Tasks.Sources.IValueTaskSource<TResult>.GetResult(Int16 token)
   at System.Net.Security.SslStream.ReadAsyncInternal[TIOAdapter](Memory`1 buffer, CancellationToken cancellationToken)
   at System.Runtime.CompilerServices.PoolingAsyncValueTaskMethodBuilder`1.StateMachineBox`1.System.Threading.Tasks.Sources.IValueTaskSource<TResult>.GetResult(Int16 token)
   at System.Net.Http.HttpConnection.SendAsync(HttpRequestMessage request, Boolean async, CancellationToken cancellationToken)
   --- End of inner exception stack trace ---
   at System.Net.Http.HttpConnection.SendAsync(HttpRequestMessage request, Boolean async, CancellationToken cancellationToken)
   at System.Net.Http.AuthenticationHelper.SendWithNtAuthAsync(HttpRequestMessage request, Uri authUri, Boolean async, ICredentials credentials, Boolean isProxyAuth, HttpConnection connection, HttpConnectionPool connectionPool, CancellationToken cancellationToken)
   at System.Net.Http.HttpConnectionPool.SendWithVersionDetectionAndRetryAsync(HttpRequestMessage request, Boolean async, Boolean doRequestAuth, CancellationToken cancellationToken)
   at System.Net.Http.AuthenticationHelper.SendWithAuthAsync(HttpRequestMessage request, Uri authUri, Boolean async, ICredentials credentials, Boolean preAuthenticate, Boolean isProxyAuth, Boolean doRequestAuth, HttpConnectionPool pool, CancellationToken cancellationToken)
   at System.Net.Http.RedirectHandler.SendAsync(HttpRequestMessage request, Boolean async, CancellationToken cancellationToken)
   at GitHub.Services.Common.RawHttpMessageHandler.SendAsync(HttpRequestMessage request, CancellationToken cancellationToken)
   at GitHub.Services.Common.VssHttpRetryMessageHandler.SendAsync(HttpRequestMessage request, CancellationToken cancellationToken)
   at System.Net.Http.HttpClient.<SendAsync>g__Core|83_0(HttpRequestMessage request, HttpCompletionOption completionOption, CancellationTokenSource cts, Boolean disposeCts, CancellationTokenSource pendingRequestsCts, CancellationToken originalCancellationToken)
   --- End of inner exception stack trace ---
   at System.Net.Http.HttpClient.HandleFailure(Exception e, Boolean telemetryStarted, HttpResponseMessage response, CancellationTokenSource cts, CancellationToken cancellationToken, CancellationTokenSource pendingRequestsCts)
   at System.Net.Http.HttpClient.<SendAsync>g__Core|83_0(HttpRequestMessage request, HttpCompletionOption completionOption, CancellationTokenSource cts, Boolean disposeCts, CancellationTokenSource pendingRequestsCts, CancellationToken originalCancellationToken)
   at Sdk.WebApi.WebApi.RawHttpClientBase.SendAsync(HttpRequestMessage message, HttpCompletionOption completionOption, Object userState, CancellationToken cancellationToken)
   at Sdk.WebApi.WebApi.RawHttpClientBase.SendAsync[T](HttpRequestMessage message, Boolean readErrorBody, Object userState, CancellationToken cancellationToken)
   at Sdk.WebApi.WebApi.RawHttpClientBase.SendAsync[T](HttpMethod method, IEnumerable`1 additionalHeaders, Uri requestUri, HttpContent content, IEnumerable`1 queryParameters, Boolean readErrorBody, Object userState, CancellationToken cancellationToken)
   at GitHub.Actions.RunService.WebApi.BrokerHttpClient.GetRunnerMessageAsync(Nullable`1 sessionId, String runnerVersion, Nullable`1 status, String os, String architecture, Nullable`1 disableUpdate, CancellationToken cancellationToken)
   at GitHub.Runner.Common.BrokerServer.<>c__DisplayClass7_0.<<GetRunnerMessageAsync>b__0>d.MoveNext()
--- End of stack trace from previous location ---
   at GitHub.Runner.Common.RunnerService.RetryRequest[T](Func`1 func, CancellationToken cancellationToken, Int32 maxAttempts, Func`2 shouldRetry)
[2026-10-04 03:30:08Z ERR  BrokerServer] #####################################################
[2026-10-04 03:30:08Z ERR  BrokerServer] System.Threading.Tasks.TaskCanceledException: The operation was canceled.
 ---> System.IO.IOException: Unable to read data from the transport connection: The I/O operation has been aborted because of either a thread exit or an application request..
 ---> System.Net.Sockets.SocketException (995): The I/O operation has been aborted because of either a thread exit or an application request.
   --- End of inner exception stack trace ---
   at System.Net.Sockets.Socket.AwaitableSocketAsyncEventArgs.System.Threading.Tasks.Sources.IValueTaskSource<System.Int32>.GetResult(Int16 token)
   at System.Net.Security.SslStream.EnsureFullTlsFrameAsync[TIOAdapter](CancellationToken cancellationToken, Int32 estimatedSize)
   at System.Runtime.CompilerServices.PoolingAsyncValueTaskMethodBuilder`1.StateMachineBox`1.System.Threading.Tasks.Sources.IValueTaskSource<TResult>.GetResult(Int16 token)
   at System.Net.Security.SslStream.ReadAsyncInternal[TIOAdapter](Memory`1 buffer, CancellationToken cancellationToken)
   at System.Runtime.CompilerServices.PoolingAsyncValueTaskMethodBuilder`1.StateMachineBox`1.System.Threading.Tasks.Sources.IValueTaskSource<TResult>.GetResult(Int16 token)
   at System.Net.Http.HttpConnection.SendAsync(HttpRequestMessage request, Boolean async, CancellationToken cancellationToken)
   --- End of inner exception stack trace ---
   at System.Net.Http.HttpConnection.SendAsync(HttpRequestMessage request, Boolean async, CancellationToken cancellationToken)
   at System.Net.Http.AuthenticationHelper.SendWithNtAuthAsync(HttpRequestMessage request, Uri authUri, Boolean async, ICredentials credentials, Boolean isProxyAuth, HttpConnection connection, HttpConnectionPool connectionPool, CancellationToken cancellationToken)
   at System.Net.Http.HttpConnectionPool.SendWithVersionDetectionAndRetryAsync(HttpRequestMessage request, Boolean async, Boolean doRequestAuth, CancellationToken cancellationToken)
   at System.Net.Http.AuthenticationHelper.SendWithAuthAsync(HttpRequestMessage request, Uri authUri, Boolean async, ICredentials credentials, Boolean preAuthenticate, Boolean isProxyAuth, Boolean doRequestAuth, HttpConnectionPool pool, CancellationToken cancellationToken)
   at System.Net.Http.RedirectHandler.SendAsync(HttpRequestMessage request, Boolean async, CancellationToken cancellationToken)
   at GitHub.Services.Common.RawHttpMessageHandler.SendAsync(HttpRequestMessage request, CancellationToken cancellationToken)
   at GitHub.Services.Common.VssHttpRetryMessageHandler.SendAsync(HttpRequestMessage request, CancellationToken cancellationToken)
   at System.Net.Http.HttpClient.<SendAsync>g__Core|83_0(HttpRequestMessage request, HttpCompletionOption completionOption, CancellationTokenSource cts, Boolean disposeCts, CancellationTokenSource pendingRequestsCts, CancellationToken originalCancellationToken)
[2026-10-04 03:30:08Z ERR  BrokerServer] #####################################################
[2026-10-04 03:30:08Z ERR  BrokerServer] System.IO.IOException: Unable to read data from the transport connection: The I/O operation has been aborted because of either a thread exit or an application request..
 ---> System.Net.Sockets.SocketException (995): The I/O operation has been aborted because of either a thread exit or an application request.
   --- End of inner exception stack trace ---
   at System.Net.Sockets.Socket.AwaitableSocketAsyncEventArgs.System.Threading.Tasks.Sources.IValueTaskSource<System.Int32>.GetResult(Int16 token)
   at System.Net.Security.SslStream.EnsureFullTlsFrameAsync[TIOAdapter](CancellationToken cancellationToken, Int32 estimatedSize)
   at System.Runtime.CompilerServices.PoolingAsyncValueTaskMethodBuilder`1.StateMachineBox`1.System.Threading.Tasks.Sources.IValueTaskSource<TResult>.GetResult(Int16 token)
   at System.Net.Security.SslStream.ReadAsyncInternal[TIOAdapter](Memory`1 buffer, CancellationToken cancellationToken)
   at System.Runtime.CompilerServices.PoolingAsyncValueTaskMethodBuilder`1.StateMachineBox`1.System.Threading.Tasks.Sources.IValueTaskSource<TResult>.GetResult(Int16 token)
   at System.Net.Http.HttpConnection.SendAsync(HttpRequestMessage request, Boolean async, CancellationToken cancellationToken)
[2026-10-04 03:30:08Z ERR  BrokerServer] #####################################################
[2026-10-04 03:30:08Z ERR  BrokerServer] System.Net.Sockets.SocketException (995): The I/O operation has been aborted because of either a thread exit or an application request.
[2026-10-04 03:30:08Z WARN BrokerServer] Back off 8.56 seconds before next retry. 4 attempt left.
[2026-10-04 03:30:08Z INFO BrokerMessageListener] Get messages has been cancelled using local token source. Continue to get messages with new status.
[2026-10-04 03:30:09Z INFO BrokerMessageListener] Acknowledging runner request '863684aa-e13e-5bb1-b179-5610366382cf'.
[2026-10-04 03:30:09Z INFO ConfigurationStore] HasCredentials()
[2026-10-04 03:30:09Z INFO ConfigurationStore] stored True
[2026-10-04 03:30:09Z INFO CredentialManager] GetCredentialProvider
[2026-10-04 03:30:09Z INFO CredentialManager] Creating type OAuth
[2026-10-04 03:30:09Z INFO CredentialManager] Creating credential type: OAuth
[2026-10-04 03:30:09Z INFO RSAEncryptedFileKeyManager] Loading RSA key parameters from file C:\Users\chella\Desktop\devopsassignment\devops-assignment\actions-runner\.credentials_rsaparams
[2026-10-04 03:30:09Z INFO RSAEncryptedFileKeyManager] Loading RSA key parameters from file C:\Users\chella\Desktop\devopsassignment\devops-assignment\actions-runner\.credentials_rsaparams
[2026-10-04 03:30:09Z INFO RSAEncryptedFileKeyManager] Loading RSA key parameters from file C:\Users\chella\Desktop\devopsassignment\devops-assignment\actions-runner\.credentials_rsaparams
[2026-10-04 03:30:10Z INFO GitHubActionsService] AAD Correlation ID for this token request: Unknown
[2026-10-04 03:30:11Z INFO JobDispatcher] Job request 0 for plan 182622d2-5639-8f3d-b16a-2139fbaef749 job 863684aa-e13e-5bb1-b179-5610366382cf received.
[2026-10-04 03:30:11Z INFO JobDispatcher] Pull OrchestrationId 182622d2-5639-8f3d-b16a-2139fbaef749.trigger-jenkins.__default from JWT claims
[2026-10-04 03:30:11Z INFO BrokerMessageListener] Received job status event. JobState: Busy
[2026-10-04 03:30:11Z INFO BrokerMessageListener] _getMessagesTokenSource is already disposed.
[2026-10-04 03:30:11Z INFO JobDispatcher] Job request f81a59cf-50ba-5465-9b2d-bc675ec8efb6 processed succeed.
[2026-10-04 03:30:11Z INFO Terminal] WRITE LINE: 2026-10-04 03:30:11Z: Running job: trigger-jenkins
[2026-10-04 03:30:11Z INFO JobDispatcher] Start renew job request 0 for job 863684aa-e13e-5bb1-b179-5610366382cf.
[2026-10-04 03:30:11Z INFO JobDispatcher] Successfully renew job 863684aa-e13e-5bb1-b179-5610366382cf, job is valid till 04-10-2026 03:40:12
[2026-10-04 03:30:11Z INFO HostContext] Well known directory 'Bin': 'C:\Users\chella\Desktop\devopsassignment\devops-assignment\actions-runner\bin'
[2026-10-04 03:30:11Z INFO ProcessInvokerWrapper] Starting process:
[2026-10-04 03:30:11Z INFO ProcessInvokerWrapper]   File name: 'C:\Users\chella\Desktop\devopsassignment\devops-assignment\actions-runner\bin\Runner.Worker.exe'
[2026-10-04 03:30:11Z INFO ProcessInvokerWrapper]   Arguments: 'spawnclient 2780 2176'
[2026-10-04 03:30:11Z INFO ProcessInvokerWrapper]   Working directory: 'C:\Users\chella\Desktop\devopsassignment\devops-assignment\actions-runner\bin'
[2026-10-04 03:30:11Z INFO ProcessInvokerWrapper]   Require exit code zero: 'False'
[2026-10-04 03:30:11Z INFO ProcessInvokerWrapper]   Encoding web name:  ; code page: ''
[2026-10-04 03:30:11Z INFO ProcessInvokerWrapper]   Force kill process on cancellation: 'True'
[2026-10-04 03:30:11Z INFO ProcessInvokerWrapper]   Redirected STDIN: 'False'
[2026-10-04 03:30:11Z INFO ProcessInvokerWrapper]   Persist current code page: 'False'
[2026-10-04 03:30:11Z INFO ProcessInvokerWrapper]   Keep redirected STDIN open: 'False'
[2026-10-04 03:30:11Z INFO ProcessInvokerWrapper]   High priority process: 'True'
[2026-10-04 03:30:11Z INFO ProcessInvokerWrapper] Process started with process id 5260, waiting for process exit.
[2026-10-04 03:30:11Z INFO JobDispatcher] Send job request message to worker for job 863684aa-e13e-5bb1-b179-5610366382cf.
[2026-10-04 03:30:11Z INFO ProcessChannel] Sending message of length 24403, with hash '30096effd216797e57d6e233ef4e28feb5744b019cb237f60385cfec93f6ed2f'
[2026-10-04 03:30:12Z INFO JobNotification] Entering JobStarted Notification
[2026-10-04 03:30:12Z INFO JobNotification] Entering StartMonitor
[2026-10-04 03:30:19Z INFO ProcessInvokerWrapper] STDOUT/STDERR stream read finished.
[2026-10-04 03:30:19Z INFO ProcessInvokerWrapper] STDOUT/STDERR stream read finished.
[2026-10-04 03:30:19Z INFO ProcessInvokerWrapper] Finished process 5260 with exit code 100, and elapsed time 00:00:07.8552621.
[2026-10-04 03:30:19Z INFO JobDispatcher] Worker finished for job 863684aa-e13e-5bb1-b179-5610366382cf. Code: 100
[2026-10-04 03:30:19Z INFO JobDispatcher] finish job request for job 863684aa-e13e-5bb1-b179-5610366382cf with result: Succeeded
[2026-10-04 03:30:19Z INFO Terminal] WRITE LINE: 2026-10-04 03:30:19Z: Job trigger-jenkins completed with result: Succeeded
[2026-10-04 03:30:19Z INFO JobDispatcher] Stop renew job request for job 863684aa-e13e-5bb1-b179-5610366382cf.
[2026-10-04 03:30:19Z INFO JobDispatcher] job renew has been cancelled, stop renew job 863684aa-e13e-5bb1-b179-5610366382cf.
[2026-10-04 03:30:19Z INFO JobNotification] Entering JobCompleted Notification
[2026-10-04 03:30:19Z INFO JobNotification] Entering EndMonitor
[2026-10-04 03:30:19Z INFO BrokerMessageListener] Received job status event. JobState: Online
[2026-10-04 03:30:19Z WARN GitHubActionsService] GET request to https://broker.actions.githubusercontent.com/message?sessionId=a47dfb11-058d-4927-8f6d-b9690a996ac2&status=Busy&runnerVersion=2.337.0&os=Windows&architecture=X64&disableUpdate=false has been cancelled.
[2026-10-04 03:30:19Z ERR  BrokerServer] Catch exception during request
[2026-10-04 03:30:19Z ERR  BrokerServer] System.Threading.Tasks.TaskCanceledException: The operation was canceled.
 ---> System.Threading.Tasks.TaskCanceledException: The operation was canceled.
 ---> System.IO.IOException: Unable to read data from the transport connection: The I/O operation has been aborted because of either a thread exit or an application request..
 ---> System.Net.Sockets.SocketException (995): The I/O operation has been aborted because of either a thread exit or an application request.
   --- End of inner exception stack trace ---
   at System.Net.Sockets.Socket.AwaitableSocketAsyncEventArgs.System.Threading.Tasks.Sources.IValueTaskSource<System.Int32>.GetResult(Int16 token)
   at System.Net.Security.SslStream.EnsureFullTlsFrameAsync[TIOAdapter](CancellationToken cancellationToken, Int32 estimatedSize)
   at System.Runtime.CompilerServices.PoolingAsyncValueTaskMethodBuilder`1.StateMachineBox`1.System.Threading.Tasks.Sources.IValueTaskSource<TResult>.GetResult(Int16 token)
   at System.Net.Security.SslStream.ReadAsyncInternal[TIOAdapter](Memory`1 buffer, CancellationToken cancellationToken)
   at System.Runtime.CompilerServices.PoolingAsyncValueTaskMethodBuilder`1.StateMachineBox`1.System.Threading.Tasks.Sources.IValueTaskSource<TResult>.GetResult(Int16 token)
   at System.Net.Http.HttpConnection.SendAsync(HttpRequestMessage request, Boolean async, CancellationToken cancellationToken)
   --- End of inner exception stack trace ---
   at System.Net.Http.HttpConnection.SendAsync(HttpRequestMessage request, Boolean async, CancellationToken cancellationToken)
   at System.Net.Http.AuthenticationHelper.SendWithNtAuthAsync(HttpRequestMessage request, Uri authUri, Boolean async, ICredentials credentials, Boolean isProxyAuth, HttpConnection connection, HttpConnectionPool connectionPool, CancellationToken cancellationToken)
   at System.Net.Http.HttpConnectionPool.SendWithVersionDetectionAndRetryAsync(HttpRequestMessage request, Boolean async, Boolean doRequestAuth, CancellationToken cancellationToken)
   at System.Net.Http.AuthenticationHelper.SendWithAuthAsync(HttpRequestMessage request, Uri authUri, Boolean async, ICredentials credentials, Boolean preAuthenticate, Boolean isProxyAuth, Boolean doRequestAuth, HttpConnectionPool pool, CancellationToken cancellationToken)
   at System.Net.Http.RedirectHandler.SendAsync(HttpRequestMessage request, Boolean async, CancellationToken cancellationToken)
   at GitHub.Services.Common.RawHttpMessageHandler.SendAsync(HttpRequestMessage request, CancellationToken cancellationToken)
   at GitHub.Services.Common.VssHttpRetryMessageHandler.SendAsync(HttpRequestMessage request, CancellationToken cancellationToken)
   at System.Net.Http.HttpClient.<SendAsync>g__Core|83_0(HttpRequestMessage request, HttpCompletionOption completionOption, CancellationTokenSource cts, Boolean disposeCts, CancellationTokenSource pendingRequestsCts, CancellationToken originalCancellationToken)
   --- End of inner exception stack trace ---
   at System.Net.Http.HttpClient.HandleFailure(Exception e, Boolean telemetryStarted, HttpResponseMessage response, CancellationTokenSource cts, CancellationToken cancellationToken, CancellationTokenSource pendingRequestsCts)
   at System.Net.Http.HttpClient.<SendAsync>g__Core|83_0(HttpRequestMessage request, HttpCompletionOption completionOption, CancellationTokenSource cts, Boolean disposeCts, CancellationTokenSource pendingRequestsCts, CancellationToken originalCancellationToken)
   at Sdk.WebApi.WebApi.RawHttpClientBase.SendAsync(HttpRequestMessage message, HttpCompletionOption completionOption, Object userState, CancellationToken cancellationToken)
   at Sdk.WebApi.WebApi.RawHttpClientBase.SendAsync[T](HttpRequestMessage message, Boolean readErrorBody, Object userState, CancellationToken cancellationToken)
   at Sdk.WebApi.WebApi.RawHttpClientBase.SendAsync[T](HttpMethod method, IEnumerable`1 additionalHeaders, Uri requestUri, HttpContent content, IEnumerable`1 queryParameters, Boolean readErrorBody, Object userState, CancellationToken cancellationToken)
   at GitHub.Actions.RunService.WebApi.BrokerHttpClient.GetRunnerMessageAsync(Nullable`1 sessionId, String runnerVersion, Nullable`1 status, String os, String architecture, Nullable`1 disableUpdate, CancellationToken cancellationToken)
   at GitHub.Runner.Common.BrokerServer.<>c__DisplayClass7_0.<<GetRunnerMessageAsync>b__0>d.MoveNext()
--- End of stack trace from previous location ---
   at GitHub.Runner.Common.RunnerService.RetryRequest[T](Func`1 func, CancellationToken cancellationToken, Int32 maxAttempts, Func`2 shouldRetry)
[2026-10-04 03:30:19Z ERR  BrokerServer] #####################################################
[2026-10-04 03:30:19Z ERR  BrokerServer] System.Threading.Tasks.TaskCanceledException: The operation was canceled.
 ---> System.IO.IOException: Unable to read data from the transport connection: The I/O operation has been aborted because of either a thread exit or an application request..
 ---> System.Net.Sockets.SocketException (995): The I/O operation has been aborted because of either a thread exit or an application request.
   --- End of inner exception stack trace ---
   at System.Net.Sockets.Socket.AwaitableSocketAsyncEventArgs.System.Threading.Tasks.Sources.IValueTaskSource<System.Int32>.GetResult(Int16 token)
   at System.Net.Security.SslStream.EnsureFullTlsFrameAsync[TIOAdapter](CancellationToken cancellationToken, Int32 estimatedSize)
   at System.Runtime.CompilerServices.PoolingAsyncValueTaskMethodBuilder`1.StateMachineBox`1.System.Threading.Tasks.Sources.IValueTaskSource<TResult>.GetResult(Int16 token)
   at System.Net.Security.SslStream.ReadAsyncInternal[TIOAdapter](Memory`1 buffer, CancellationToken cancellationToken)
   at System.Runtime.CompilerServices.PoolingAsyncValueTaskMethodBuilder`1.StateMachineBox`1.System.Threading.Tasks.Sources.IValueTaskSource<TResult>.GetResult(Int16 token)
   at System.Net.Http.HttpConnection.SendAsync(HttpRequestMessage request, Boolean async, CancellationToken cancellationToken)
   --- End of inner exception stack trace ---
   at System.Net.Http.HttpConnection.SendAsync(HttpRequestMessage request, Boolean async, CancellationToken cancellationToken)
   at System.Net.Http.AuthenticationHelper.SendWithNtAuthAsync(HttpRequestMessage request, Uri authUri, Boolean async, ICredentials credentials, Boolean isProxyAuth, HttpConnection connection, HttpConnectionPool connectionPool, CancellationToken cancellationToken)
   at System.Net.Http.HttpConnectionPool.SendWithVersionDetectionAndRetryAsync(HttpRequestMessage request, Boolean async, Boolean doRequestAuth, CancellationToken cancellationToken)
   at System.Net.Http.AuthenticationHelper.SendWithAuthAsync(HttpRequestMessage request, Uri authUri, Boolean async, ICredentials credentials, Boolean preAuthenticate, Boolean isProxyAuth, Boolean doRequestAuth, HttpConnectionPool pool, CancellationToken cancellationToken)
   at System.Net.Http.RedirectHandler.SendAsync(HttpRequestMessage request, Boolean async, CancellationToken cancellationToken)
   at GitHub.Services.Common.RawHttpMessageHandler.SendAsync(HttpRequestMessage request, CancellationToken cancellationToken)
   at GitHub.Services.Common.VssHttpRetryMessageHandler.SendAsync(HttpRequestMessage request, CancellationToken cancellationToken)
   at System.Net.Http.HttpClient.<SendAsync>g__Core|83_0(HttpRequestMessage request, HttpCompletionOption completionOption, CancellationTokenSource cts, Boolean disposeCts, CancellationTokenSource pendingRequestsCts, CancellationToken originalCancellationToken)
[2026-10-04 03:30:19Z ERR  BrokerServer] #####################################################
[2026-10-04 03:30:19Z ERR  BrokerServer] System.IO.IOException: Unable to read data from the transport connection: The I/O operation has been aborted because of either a thread exit or an application request..
 ---> System.Net.Sockets.SocketException (995): The I/O operation has been aborted because of either a thread exit or an application request.
   --- End of inner exception stack trace ---
   at System.Net.Sockets.Socket.AwaitableSocketAsyncEventArgs.System.Threading.Tasks.Sources.IValueTaskSource<System.Int32>.GetResult(Int16 token)
   at System.Net.Security.SslStream.EnsureFullTlsFrameAsync[TIOAdapter](CancellationToken cancellationToken, Int32 estimatedSize)
   at System.Runtime.CompilerServices.PoolingAsyncValueTaskMethodBuilder`1.StateMachineBox`1.System.Threading.Tasks.Sources.IValueTaskSource<TResult>.GetResult(Int16 token)
   at System.Net.Security.SslStream.ReadAsyncInternal[TIOAdapter](Memory`1 buffer, CancellationToken cancellationToken)
   at System.Runtime.CompilerServices.PoolingAsyncValueTaskMethodBuilder`1.StateMachineBox`1.System.Threading.Tasks.Sources.IValueTaskSource<TResult>.GetResult(Int16 token)
   at System.Net.Http.HttpConnection.SendAsync(HttpRequestMessage request, Boolean async, CancellationToken cancellationToken)
[2026-10-04 03:30:19Z ERR  BrokerServer] #####################################################
[2026-10-04 03:30:19Z ERR  BrokerServer] System.Net.Sockets.SocketException (995): The I/O operation has been aborted because of either a thread exit or an application request.
[2026-10-04 03:30:19Z WARN BrokerServer] Back off 8.567 seconds before next retry. 4 attempt left.
[2026-10-04 03:30:19Z INFO BrokerMessageListener] Get messages has been cancelled using local token source. Continue to get messages with new status.
[2026-10-04 03:31:44Z INFO BrokerMessageListener] Acknowledging runner request 'bf5eba6b-75a4-5123-876b-e11825fdb526'.
[2026-10-04 03:31:44Z INFO ConfigurationStore] HasCredentials()
[2026-10-04 03:31:44Z INFO ConfigurationStore] stored True
[2026-10-04 03:31:44Z INFO CredentialManager] GetCredentialProvider
[2026-10-04 03:31:44Z INFO CredentialManager] Creating type OAuth
[2026-10-04 03:31:44Z INFO CredentialManager] Creating credential type: OAuth
[2026-10-04 03:31:44Z INFO RSAEncryptedFileKeyManager] Loading RSA key parameters from file C:\Users\chella\Desktop\devopsassignment\devops-assignment\actions-runner\.credentials_rsaparams
[2026-10-04 03:31:44Z INFO RSAEncryptedFileKeyManager] Loading RSA key parameters from file C:\Users\chella\Desktop\devopsassignment\devops-assignment\actions-runner\.credentials_rsaparams
[2026-10-04 03:31:44Z INFO RSAEncryptedFileKeyManager] Loading RSA key parameters from file C:\Users\chella\Desktop\devopsassignment\devops-assignment\actions-runner\.credentials_rsaparams
[2026-10-04 03:31:45Z INFO GitHubActionsService] AAD Correlation ID for this token request: Unknown
[2026-10-04 03:31:46Z INFO JobDispatcher] Job request 0 for plan f4ed597f-b7cd-8b3c-888c-b165be70cb38 job bf5eba6b-75a4-5123-876b-e11825fdb526 received.
[2026-10-04 03:31:46Z INFO JobDispatcher] Pull OrchestrationId f4ed597f-b7cd-8b3c-888c-b165be70cb38.trigger-jenkins.__default from JWT claims
[2026-10-04 03:31:46Z INFO BrokerMessageListener] Received job status event. JobState: Busy
[2026-10-04 03:31:46Z INFO BrokerMessageListener] _getMessagesTokenSource is already disposed.
[2026-10-04 03:31:46Z INFO JobDispatcher] Job request 863684aa-e13e-5bb1-b179-5610366382cf processed succeed.
[2026-10-04 03:31:46Z INFO Terminal] WRITE LINE: 2026-10-04 03:31:46Z: Running job: Trigger Jenkins Pipeline
[2026-10-04 03:31:46Z INFO JobDispatcher] Start renew job request 0 for job bf5eba6b-75a4-5123-876b-e11825fdb526.
[2026-10-04 03:31:46Z INFO JobDispatcher] Successfully renew job bf5eba6b-75a4-5123-876b-e11825fdb526, job is valid till 04-10-2026 03:41:47
[2026-10-04 03:31:46Z INFO HostContext] Well known directory 'Bin': 'C:\Users\chella\Desktop\devopsassignment\devops-assignment\actions-runner\bin'
[2026-10-04 03:31:46Z INFO ProcessInvokerWrapper] Starting process:
[2026-10-04 03:31:46Z INFO ProcessInvokerWrapper]   File name: 'C:\Users\chella\Desktop\devopsassignment\devops-assignment\actions-runner\bin\Runner.Worker.exe'
[2026-10-04 03:31:46Z INFO ProcessInvokerWrapper]   Arguments: 'spawnclient 1988 2956'
[2026-10-04 03:31:46Z INFO ProcessInvokerWrapper]   Working directory: 'C:\Users\chella\Desktop\devopsassignment\devops-assignment\actions-runner\bin'
[2026-10-04 03:31:46Z INFO ProcessInvokerWrapper]   Require exit code zero: 'False'
[2026-10-04 03:31:46Z INFO ProcessInvokerWrapper]   Encoding web name:  ; code page: ''
[2026-10-04 03:31:46Z INFO ProcessInvokerWrapper]   Force kill process on cancellation: 'True'
[2026-10-04 03:31:46Z INFO ProcessInvokerWrapper]   Redirected STDIN: 'False'
[2026-10-04 03:31:46Z INFO ProcessInvokerWrapper]   Persist current code page: 'False'
[2026-10-04 03:31:46Z INFO ProcessInvokerWrapper]   Keep redirected STDIN open: 'False'
[2026-10-04 03:31:46Z INFO ProcessInvokerWrapper]   High priority process: 'True'
[2026-10-04 03:31:46Z INFO ProcessInvokerWrapper] Process started with process id 28604, waiting for process exit.
[2026-10-04 03:31:46Z INFO JobDispatcher] Send job request message to worker for job bf5eba6b-75a4-5123-876b-e11825fdb526.
[2026-10-04 03:31:46Z INFO ProcessChannel] Sending message of length 24344, with hash 'ed0648634363f01461cd4928118d45f30032c710bb91f900eac1a1e686a87431'
[2026-10-04 03:31:47Z INFO JobNotification] Entering JobStarted Notification
[2026-10-04 03:31:47Z INFO JobNotification] Entering StartMonitor
[2026-10-04 03:31:54Z INFO ProcessInvokerWrapper] STDOUT/STDERR stream read finished.
[2026-10-04 03:31:54Z INFO ProcessInvokerWrapper] STDOUT/STDERR stream read finished.
[2026-10-04 03:31:54Z INFO ProcessInvokerWrapper] Finished process 28604 with exit code 100, and elapsed time 00:00:08.0044196.
[2026-10-04 03:31:54Z INFO JobDispatcher] Worker finished for job bf5eba6b-75a4-5123-876b-e11825fdb526. Code: 100
[2026-10-04 03:31:54Z INFO JobDispatcher] finish job request for job bf5eba6b-75a4-5123-876b-e11825fdb526 with result: Succeeded
[2026-10-04 03:31:54Z INFO Terminal] WRITE LINE: 2026-10-04 03:31:54Z: Job Trigger Jenkins Pipeline completed with result: Succeeded
[2026-10-04 03:31:54Z INFO JobDispatcher] Stop renew job request for job bf5eba6b-75a4-5123-876b-e11825fdb526.
[2026-10-04 03:31:54Z INFO JobDispatcher] job renew has been cancelled, stop renew job bf5eba6b-75a4-5123-876b-e11825fdb526.
[2026-10-04 03:31:54Z INFO JobNotification] Entering JobCompleted Notification
[2026-10-04 03:31:54Z INFO JobNotification] Entering EndMonitor
[2026-10-04 03:31:54Z INFO BrokerMessageListener] Received job status event. JobState: Online
[2026-10-04 03:31:54Z WARN GitHubActionsService] GET request to https://broker.actions.githubusercontent.com/message?sessionId=a47dfb11-058d-4927-8f6d-b9690a996ac2&status=Busy&runnerVersion=2.337.0&os=Windows&architecture=X64&disableUpdate=false has been cancelled.
[2026-10-04 03:31:54Z ERR  BrokerServer] Catch exception during request
[2026-10-04 03:31:54Z ERR  BrokerServer] System.Threading.Tasks.TaskCanceledException: The operation was canceled.
 ---> System.Threading.Tasks.TaskCanceledException: The operation was canceled.
 ---> System.IO.IOException: Unable to read data from the transport connection: The I/O operation has been aborted because of either a thread exit or an application request..
 ---> System.Net.Sockets.SocketException (995): The I/O operation has been aborted because of either a thread exit or an application request.
   --- End of inner exception stack trace ---
   at System.Net.Sockets.Socket.AwaitableSocketAsyncEventArgs.System.Threading.Tasks.Sources.IValueTaskSource<System.Int32>.GetResult(Int16 token)
   at System.Net.Security.SslStream.EnsureFullTlsFrameAsync[TIOAdapter](CancellationToken cancellationToken, Int32 estimatedSize)
   at System.Runtime.CompilerServices.PoolingAsyncValueTaskMethodBuilder`1.StateMachineBox`1.System.Threading.Tasks.Sources.IValueTaskSource<TResult>.GetResult(Int16 token)
   at System.Net.Security.SslStream.ReadAsyncInternal[TIOAdapter](Memory`1 buffer, CancellationToken cancellationToken)
   at System.Runtime.CompilerServices.PoolingAsyncValueTaskMethodBuilder`1.StateMachineBox`1.System.Threading.Tasks.Sources.IValueTaskSource<TResult>.GetResult(Int16 token)
   at System.Net.Http.HttpConnection.<EnsureReadAheadTaskHasStarted>g__ReadAheadWithZeroByteReadAsync|40_0()
   at System.Net.Http.HttpConnection.SendAsync(HttpRequestMessage request, Boolean async, CancellationToken cancellationToken)
   --- End of inner exception stack trace ---
   at System.Net.Http.HttpConnection.SendAsync(HttpRequestMessage request, Boolean async, CancellationToken cancellationToken)
   at System.Net.Http.AuthenticationHelper.SendWithNtAuthAsync(HttpRequestMessage request, Uri authUri, Boolean async, ICredentials credentials, Boolean isProxyAuth, HttpConnection connection, HttpConnectionPool connectionPool, CancellationToken cancellationToken)
   at System.Net.Http.HttpConnectionPool.SendWithVersionDetectionAndRetryAsync(HttpRequestMessage request, Boolean async, Boolean doRequestAuth, CancellationToken cancellationToken)
   at System.Net.Http.AuthenticationHelper.SendWithAuthAsync(HttpRequestMessage request, Uri authUri, Boolean async, ICredentials credentials, Boolean preAuthenticate, Boolean isProxyAuth, Boolean doRequestAuth, HttpConnectionPool pool, CancellationToken cancellationToken)
   at System.Net.Http.RedirectHandler.SendAsync(HttpRequestMessage request, Boolean async, CancellationToken cancellationToken)
   at GitHub.Services.Common.RawHttpMessageHandler.SendAsync(HttpRequestMessage request, CancellationToken cancellationToken)
   at GitHub.Services.Common.VssHttpRetryMessageHandler.SendAsync(HttpRequestMessage request, CancellationToken cancellationToken)
   at System.Net.Http.HttpClient.<SendAsync>g__Core|83_0(HttpRequestMessage request, HttpCompletionOption completionOption, CancellationTokenSource cts, Boolean disposeCts, CancellationTokenSource pendingRequestsCts, CancellationToken originalCancellationToken)
   --- End of inner exception stack trace ---
   at System.Net.Http.HttpClient.HandleFailure(Exception e, Boolean telemetryStarted, HttpResponseMessage response, CancellationTokenSource cts, CancellationToken cancellationToken, CancellationTokenSource pendingRequestsCts)
   at System.Net.Http.HttpClient.<SendAsync>g__Core|83_0(HttpRequestMessage request, HttpCompletionOption completionOption, CancellationTokenSource cts, Boolean disposeCts, CancellationTokenSource pendingRequestsCts, CancellationToken originalCancellationToken)
   at Sdk.WebApi.WebApi.RawHttpClientBase.SendAsync(HttpRequestMessage message, HttpCompletionOption completionOption, Object userState, CancellationToken cancellationToken)
   at Sdk.WebApi.WebApi.RawHttpClientBase.SendAsync[T](HttpRequestMessage message, Boolean readErrorBody, Object userState, CancellationToken cancellationToken)
   at Sdk.WebApi.WebApi.RawHttpClientBase.SendAsync[T](HttpMethod method, IEnumerable`1 additionalHeaders, Uri requestUri, HttpContent content, IEnumerable`1 queryParameters, Boolean readErrorBody, Object userState, CancellationToken cancellationToken)
   at GitHub.Actions.RunService.WebApi.BrokerHttpClient.GetRunnerMessageAsync(Nullable`1 sessionId, String runnerVersion, Nullable`1 status, String os, String architecture, Nullable`1 disableUpdate, CancellationToken cancellationToken)
   at GitHub.Runner.Common.BrokerServer.<>c__DisplayClass7_0.<<GetRunnerMessageAsync>b__0>d.MoveNext()
--- End of stack trace from previous location ---
   at GitHub.Runner.Common.RunnerService.RetryRequest[T](Func`1 func, CancellationToken cancellationToken, Int32 maxAttempts, Func`2 shouldRetry)
[2026-10-04 03:31:54Z ERR  BrokerServer] #####################################################
[2026-10-04 03:31:54Z ERR  BrokerServer] System.Threading.Tasks.TaskCanceledException: The operation was canceled.
 ---> System.IO.IOException: Unable to read data from the transport connection: The I/O operation has been aborted because of either a thread exit or an application request..
 ---> System.Net.Sockets.SocketException (995): The I/O operation has been aborted because of either a thread exit or an application request.
   --- End of inner exception stack trace ---
   at System.Net.Sockets.Socket.AwaitableSocketAsyncEventArgs.System.Threading.Tasks.Sources.IValueTaskSource<System.Int32>.GetResult(Int16 token)
   at System.Net.Security.SslStream.EnsureFullTlsFrameAsync[TIOAdapter](CancellationToken cancellationToken, Int32 estimatedSize)
   at System.Runtime.CompilerServices.PoolingAsyncValueTaskMethodBuilder`1.StateMachineBox`1.System.Threading.Tasks.Sources.IValueTaskSource<TResult>.GetResult(Int16 token)
   at System.Net.Security.SslStream.ReadAsyncInternal[TIOAdapter](Memory`1 buffer, CancellationToken cancellationToken)
   at System.Runtime.CompilerServices.PoolingAsyncValueTaskMethodBuilder`1.StateMachineBox`1.System.Threading.Tasks.Sources.IValueTaskSource<TResult>.GetResult(Int16 token)
   at System.Net.Http.HttpConnection.<EnsureReadAheadTaskHasStarted>g__ReadAheadWithZeroByteReadAsync|40_0()
   at System.Net.Http.HttpConnection.SendAsync(HttpRequestMessage request, Boolean async, CancellationToken cancellationToken)
   --- End of inner exception stack trace ---
   at System.Net.Http.HttpConnection.SendAsync(HttpRequestMessage request, Boolean async, CancellationToken cancellationToken)
   at System.Net.Http.AuthenticationHelper.SendWithNtAuthAsync(HttpRequestMessage request, Uri authUri, Boolean async, ICredentials credentials, Boolean isProxyAuth, HttpConnection connection, HttpConnectionPool connectionPool, CancellationToken cancellationToken)
   at System.Net.Http.HttpConnectionPool.SendWithVersionDetectionAndRetryAsync(HttpRequestMessage request, Boolean async, Boolean doRequestAuth, CancellationToken cancellationToken)
   at System.Net.Http.AuthenticationHelper.SendWithAuthAsync(HttpRequestMessage request, Uri authUri, Boolean async, ICredentials credentials, Boolean preAuthenticate, Boolean isProxyAuth, Boolean doRequestAuth, HttpConnectionPool pool, CancellationToken cancellationToken)
   at System.Net.Http.RedirectHandler.SendAsync(HttpRequestMessage request, Boolean async, CancellationToken cancellationToken)
   at GitHub.Services.Common.RawHttpMessageHandler.SendAsync(HttpRequestMessage request, CancellationToken cancellationToken)
   at GitHub.Services.Common.VssHttpRetryMessageHandler.SendAsync(HttpRequestMessage request, CancellationToken cancellationToken)
   at System.Net.Http.HttpClient.<SendAsync>g__Core|83_0(HttpRequestMessage request, HttpCompletionOption completionOption, CancellationTokenSource cts, Boolean disposeCts, CancellationTokenSource pendingRequestsCts, CancellationToken originalCancellationToken)
[2026-10-04 03:31:54Z ERR  BrokerServer] #####################################################
[2026-10-04 03:31:54Z ERR  BrokerServer] System.IO.IOException: Unable to read data from the transport connection: The I/O operation has been aborted because of either a thread exit or an application request..
 ---> System.Net.Sockets.SocketException (995): The I/O operation has been aborted because of either a thread exit or an application request.
   --- End of inner exception stack trace ---
   at System.Net.Sockets.Socket.AwaitableSocketAsyncEventArgs.System.Threading.Tasks.Sources.IValueTaskSource<System.Int32>.GetResult(Int16 token)
   at System.Net.Security.SslStream.EnsureFullTlsFrameAsync[TIOAdapter](CancellationToken cancellationToken, Int32 estimatedSize)
   at System.Runtime.CompilerServices.PoolingAsyncValueTaskMethodBuilder`1.StateMachineBox`1.System.Threading.Tasks.Sources.IValueTaskSource<TResult>.GetResult(Int16 token)
   at System.Net.Security.SslStream.ReadAsyncInternal[TIOAdapter](Memory`1 buffer, CancellationToken cancellationToken)
   at System.Runtime.CompilerServices.PoolingAsyncValueTaskMethodBuilder`1.StateMachineBox`1.System.Threading.Tasks.Sources.IValueTaskSource<TResult>.GetResult(Int16 token)
   at System.Net.Http.HttpConnection.<EnsureReadAheadTaskHasStarted>g__ReadAheadWithZeroByteReadAsync|40_0()
   at System.Net.Http.HttpConnection.SendAsync(HttpRequestMessage request, Boolean async, CancellationToken cancellationToken)
[2026-10-04 03:31:54Z ERR  BrokerServer] #####################################################
[2026-10-04 03:31:54Z ERR  BrokerServer] System.Net.Sockets.SocketException (995): The I/O operation has been aborted because of either a thread exit or an application request.
[2026-10-04 03:31:54Z WARN BrokerServer] Back off 14.989 seconds before next retry. 4 attempt left.
[2026-10-04 03:31:54Z INFO BrokerMessageListener] Get messages has been cancelled using local token source. Continue to get messages with new status.
[2026-10-04 03:31:55Z INFO BrokerMessageListener] Acknowledging runner request '0961b395-3d60-57fe-a452-363229c8a340'.
[2026-10-04 03:31:55Z INFO ConfigurationStore] HasCredentials()
[2026-10-04 03:31:55Z INFO ConfigurationStore] stored True
[2026-10-04 03:31:55Z INFO CredentialManager] GetCredentialProvider
[2026-10-04 03:31:55Z INFO CredentialManager] Creating type OAuth
[2026-10-04 03:31:55Z INFO CredentialManager] Creating credential type: OAuth
[2026-10-04 03:31:55Z INFO RSAEncryptedFileKeyManager] Loading RSA key parameters from file C:\Users\chella\Desktop\devopsassignment\devops-assignment\actions-runner\.credentials_rsaparams
[2026-10-04 03:31:55Z INFO RSAEncryptedFileKeyManager] Loading RSA key parameters from file C:\Users\chella\Desktop\devopsassignment\devops-assignment\actions-runner\.credentials_rsaparams
[2026-10-04 03:31:55Z INFO RSAEncryptedFileKeyManager] Loading RSA key parameters from file C:\Users\chella\Desktop\devopsassignment\devops-assignment\actions-runner\.credentials_rsaparams
[2026-10-04 03:31:56Z INFO GitHubActionsService] AAD Correlation ID for this token request: Unknown
[2026-10-04 03:31:57Z INFO JobDispatcher] Job request 0 for plan bef5d9f4-327e-822f-892b-97e469188e14 job 0961b395-3d60-57fe-a452-363229c8a340 received.
[2026-10-04 03:31:57Z INFO JobDispatcher] Pull OrchestrationId bef5d9f4-327e-822f-892b-97e469188e14.trigger-jenkins.__default from JWT claims
[2026-10-04 03:31:57Z INFO BrokerMessageListener] Received job status event. JobState: Busy
[2026-10-04 03:31:57Z INFO BrokerMessageListener] _getMessagesTokenSource is already disposed.
[2026-10-04 03:31:57Z INFO JobDispatcher] Job request bf5eba6b-75a4-5123-876b-e11825fdb526 processed succeed.
[2026-10-04 03:31:57Z INFO Terminal] WRITE LINE: 2026-10-04 03:31:57Z: Running job: trigger-jenkins
[2026-10-04 03:31:57Z INFO JobDispatcher] Start renew job request 0 for job 0961b395-3d60-57fe-a452-363229c8a340.
[2026-10-04 03:31:58Z INFO JobDispatcher] Successfully renew job 0961b395-3d60-57fe-a452-363229c8a340, job is valid till 04-10-2026 03:41:58
[2026-10-04 03:31:58Z INFO HostContext] Well known directory 'Bin': 'C:\Users\chella\Desktop\devopsassignment\devops-assignment\actions-runner\bin'
[2026-10-04 03:31:58Z INFO ProcessInvokerWrapper] Starting process:
[2026-10-04 03:31:58Z INFO ProcessInvokerWrapper]   File name: 'C:\Users\chella\Desktop\devopsassignment\devops-assignment\actions-runner\bin\Runner.Worker.exe'
[2026-10-04 03:31:58Z INFO ProcessInvokerWrapper]   Arguments: 'spawnclient 2896 1988'
[2026-10-04 03:31:58Z INFO ProcessInvokerWrapper]   Working directory: 'C:\Users\chella\Desktop\devopsassignment\devops-assignment\actions-runner\bin'
[2026-10-04 03:31:58Z INFO ProcessInvokerWrapper]   Require exit code zero: 'False'
[2026-10-04 03:31:58Z INFO ProcessInvokerWrapper]   Encoding web name:  ; code page: ''
[2026-10-04 03:31:58Z INFO ProcessInvokerWrapper]   Force kill process on cancellation: 'True'
[2026-10-04 03:31:58Z INFO ProcessInvokerWrapper]   Redirected STDIN: 'False'
[2026-10-04 03:31:58Z INFO ProcessInvokerWrapper]   Persist current code page: 'False'
[2026-10-04 03:31:58Z INFO ProcessInvokerWrapper]   Keep redirected STDIN open: 'False'
[2026-10-04 03:31:58Z INFO ProcessInvokerWrapper]   High priority process: 'True'
[2026-10-04 03:31:58Z INFO ProcessInvokerWrapper] Process started with process id 27696, waiting for process exit.
[2026-10-04 03:31:58Z INFO JobDispatcher] Send job request message to worker for job 0961b395-3d60-57fe-a452-363229c8a340.
[2026-10-04 03:31:58Z INFO ProcessChannel] Sending message of length 24380, with hash '86ed3caa4add5835788db866659dd7a625679435a0c4e7dd2117d92b84d0713f'
[2026-10-04 03:31:58Z INFO JobNotification] Entering JobStarted Notification
[2026-10-04 03:31:58Z INFO JobNotification] Entering StartMonitor
[2026-10-04 03:32:05Z INFO ProcessInvokerWrapper] STDOUT/STDERR stream read finished.
[2026-10-04 03:32:05Z INFO ProcessInvokerWrapper] STDOUT/STDERR stream read finished.
[2026-10-04 03:32:05Z INFO ProcessInvokerWrapper] Finished process 27696 with exit code 100, and elapsed time 00:00:07.3679300.
[2026-10-04 03:32:05Z INFO JobDispatcher] Worker finished for job 0961b395-3d60-57fe-a452-363229c8a340. Code: 100
[2026-10-04 03:32:05Z INFO JobDispatcher] finish job request for job 0961b395-3d60-57fe-a452-363229c8a340 with result: Succeeded
[2026-10-04 03:32:05Z INFO Terminal] WRITE LINE: 2026-10-04 03:32:05Z: Job trigger-jenkins completed with result: Succeeded
[2026-10-04 03:32:05Z INFO JobDispatcher] Stop renew job request for job 0961b395-3d60-57fe-a452-363229c8a340.
[2026-10-04 03:32:05Z INFO JobDispatcher] job renew has been cancelled, stop renew job 0961b395-3d60-57fe-a452-363229c8a340.
[2026-10-04 03:32:05Z INFO JobNotification] Entering JobCompleted Notification
[2026-10-04 03:32:05Z INFO JobNotification] Entering EndMonitor
[2026-10-04 03:32:05Z INFO BrokerMessageListener] Received job status event. JobState: Online
[2026-10-04 03:32:05Z WARN GitHubActionsService] GET request to https://broker.actions.githubusercontent.com/message?sessionId=a47dfb11-058d-4927-8f6d-b9690a996ac2&status=Busy&runnerVersion=2.337.0&os=Windows&architecture=X64&disableUpdate=false has been cancelled.
[2026-10-04 03:32:05Z ERR  BrokerServer] Catch exception during request
[2026-10-04 03:32:05Z ERR  BrokerServer] System.Threading.Tasks.TaskCanceledException: The operation was canceled.
 ---> System.Threading.Tasks.TaskCanceledException: The operation was canceled.
 ---> System.IO.IOException: Unable to read data from the transport connection: The I/O operation has been aborted because of either a thread exit or an application request..
 ---> System.Net.Sockets.SocketException (995): The I/O operation has been aborted because of either a thread exit or an application request.
   --- End of inner exception stack trace ---
   at System.Net.Sockets.Socket.AwaitableSocketAsyncEventArgs.System.Threading.Tasks.Sources.IValueTaskSource<System.Int32>.GetResult(Int16 token)
   at System.Net.Security.SslStream.EnsureFullTlsFrameAsync[TIOAdapter](CancellationToken cancellationToken, Int32 estimatedSize)
   at System.Runtime.CompilerServices.PoolingAsyncValueTaskMethodBuilder`1.StateMachineBox`1.System.Threading.Tasks.Sources.IValueTaskSource<TResult>.GetResult(Int16 token)
   at System.Net.Security.SslStream.ReadAsyncInternal[TIOAdapter](Memory`1 buffer, CancellationToken cancellationToken)
   at System.Runtime.CompilerServices.PoolingAsyncValueTaskMethodBuilder`1.StateMachineBox`1.System.Threading.Tasks.Sources.IValueTaskSource<TResult>.GetResult(Int16 token)
   at System.Net.Http.HttpConnection.SendAsync(HttpRequestMessage request, Boolean async, CancellationToken cancellationToken)
   --- End of inner exception stack trace ---
   at System.Net.Http.HttpConnection.SendAsync(HttpRequestMessage request, Boolean async, CancellationToken cancellationToken)
   at System.Net.Http.AuthenticationHelper.SendWithNtAuthAsync(HttpRequestMessage request, Uri authUri, Boolean async, ICredentials credentials, Boolean isProxyAuth, HttpConnection connection, HttpConnectionPool connectionPool, CancellationToken cancellationToken)
   at System.Net.Http.HttpConnectionPool.SendWithVersionDetectionAndRetryAsync(HttpRequestMessage request, Boolean async, Boolean doRequestAuth, CancellationToken cancellationToken)
   at System.Net.Http.AuthenticationHelper.SendWithAuthAsync(HttpRequestMessage request, Uri authUri, Boolean async, ICredentials credentials, Boolean preAuthenticate, Boolean isProxyAuth, Boolean doRequestAuth, HttpConnectionPool pool, CancellationToken cancellationToken)
   at System.Net.Http.RedirectHandler.SendAsync(HttpRequestMessage request, Boolean async, CancellationToken cancellationToken)
   at GitHub.Services.Common.RawHttpMessageHandler.SendAsync(HttpRequestMessage request, CancellationToken cancellationToken)
   at GitHub.Services.Common.VssHttpRetryMessageHandler.SendAsync(HttpRequestMessage request, CancellationToken cancellationToken)
   at System.Net.Http.HttpClient.<SendAsync>g__Core|83_0(HttpRequestMessage request, HttpCompletionOption completionOption, CancellationTokenSource cts, Boolean disposeCts, CancellationTokenSource pendingRequestsCts, CancellationToken originalCancellationToken)
   --- End of inner exception stack trace ---
   at System.Net.Http.HttpClient.HandleFailure(Exception e, Boolean telemetryStarted, HttpResponseMessage response, CancellationTokenSource cts, CancellationToken cancellationToken, CancellationTokenSource pendingRequestsCts)
   at System.Net.Http.HttpClient.<SendAsync>g__Core|83_0(HttpRequestMessage request, HttpCompletionOption completionOption, CancellationTokenSource cts, Boolean disposeCts, CancellationTokenSource pendingRequestsCts, CancellationToken originalCancellationToken)
   at Sdk.WebApi.WebApi.RawHttpClientBase.SendAsync(HttpRequestMessage message, HttpCompletionOption completionOption, Object userState, CancellationToken cancellationToken)
   at Sdk.WebApi.WebApi.RawHttpClientBase.SendAsync[T](HttpRequestMessage message, Boolean readErrorBody, Object userState, CancellationToken cancellationToken)
   at Sdk.WebApi.WebApi.RawHttpClientBase.SendAsync[T](HttpMethod method, IEnumerable`1 additionalHeaders, Uri requestUri, HttpContent content, IEnumerable`1 queryParameters, Boolean readErrorBody, Object userState, CancellationToken cancellationToken)
   at GitHub.Actions.RunService.WebApi.BrokerHttpClient.GetRunnerMessageAsync(Nullable`1 sessionId, String runnerVersion, Nullable`1 status, String os, String architecture, Nullable`1 disableUpdate, CancellationToken cancellationToken)
   at GitHub.Runner.Common.BrokerServer.<>c__DisplayClass7_0.<<GetRunnerMessageAsync>b__0>d.MoveNext()
--- End of stack trace from previous location ---
   at GitHub.Runner.Common.RunnerService.RetryRequest[T](Func`1 func, CancellationToken cancellationToken, Int32 maxAttempts, Func`2 shouldRetry)
[2026-10-04 03:32:05Z ERR  BrokerServer] #####################################################
[2026-10-04 03:32:05Z ERR  BrokerServer] System.Threading.Tasks.TaskCanceledException: The operation was canceled.
 ---> System.IO.IOException: Unable to read data from the transport connection: The I/O operation has been aborted because of either a thread exit or an application request..
 ---> System.Net.Sockets.SocketException (995): The I/O operation has been aborted because of either a thread exit or an application request.
   --- End of inner exception stack trace ---
   at System.Net.Sockets.Socket.AwaitableSocketAsyncEventArgs.System.Threading.Tasks.Sources.IValueTaskSource<System.Int32>.GetResult(Int16 token)
   at System.Net.Security.SslStream.EnsureFullTlsFrameAsync[TIOAdapter](CancellationToken cancellationToken, Int32 estimatedSize)
   at System.Runtime.CompilerServices.PoolingAsyncValueTaskMethodBuilder`1.StateMachineBox`1.System.Threading.Tasks.Sources.IValueTaskSource<TResult>.GetResult(Int16 token)
   at System.Net.Security.SslStream.ReadAsyncInternal[TIOAdapter](Memory`1 buffer, CancellationToken cancellationToken)
   at System.Runtime.CompilerServices.PoolingAsyncValueTaskMethodBuilder`1.StateMachineBox`1.System.Threading.Tasks.Sources.IValueTaskSource<TResult>.GetResult(Int16 token)
   at System.Net.Http.HttpConnection.SendAsync(HttpRequestMessage request, Boolean async, CancellationToken cancellationToken)
   --- End of inner exception stack trace ---
   at System.Net.Http.HttpConnection.SendAsync(HttpRequestMessage request, Boolean async, CancellationToken cancellationToken)
   at System.Net.Http.AuthenticationHelper.SendWithNtAuthAsync(HttpRequestMessage request, Uri authUri, Boolean async, ICredentials credentials, Boolean isProxyAuth, HttpConnection connection, HttpConnectionPool connectionPool, CancellationToken cancellationToken)
   at System.Net.Http.HttpConnectionPool.SendWithVersionDetectionAndRetryAsync(HttpRequestMessage request, Boolean async, Boolean doRequestAuth, CancellationToken cancellationToken)
   at System.Net.Http.AuthenticationHelper.SendWithAuthAsync(HttpRequestMessage request, Uri authUri, Boolean async, ICredentials credentials, Boolean preAuthenticate, Boolean isProxyAuth, Boolean doRequestAuth, HttpConnectionPool pool, CancellationToken cancellationToken)
   at System.Net.Http.RedirectHandler.SendAsync(HttpRequestMessage request, Boolean async, CancellationToken cancellationToken)
   at GitHub.Services.Common.RawHttpMessageHandler.SendAsync(HttpRequestMessage request, CancellationToken cancellationToken)
   at GitHub.Services.Common.VssHttpRetryMessageHandler.SendAsync(HttpRequestMessage request, CancellationToken cancellationToken)
   at System.Net.Http.HttpClient.<SendAsync>g__Core|83_0(HttpRequestMessage request, HttpCompletionOption completionOption, CancellationTokenSource cts, Boolean disposeCts, CancellationTokenSource pendingRequestsCts, CancellationToken originalCancellationToken)
[2026-10-04 03:32:05Z ERR  BrokerServer] #####################################################
[2026-10-04 03:32:05Z ERR  BrokerServer] System.IO.IOException: Unable to read data from the transport connection: The I/O operation has been aborted because of either a thread exit or an application request..
 ---> System.Net.Sockets.SocketException (995): The I/O operation has been aborted because of either a thread exit or an application request.
   --- End of inner exception stack trace ---
   at System.Net.Sockets.Socket.AwaitableSocketAsyncEventArgs.System.Threading.Tasks.Sources.IValueTaskSource<System.Int32>.GetResult(Int16 token)
   at System.Net.Security.SslStream.EnsureFullTlsFrameAsync[TIOAdapter](CancellationToken cancellationToken, Int32 estimatedSize)
   at System.Runtime.CompilerServices.PoolingAsyncValueTaskMethodBuilder`1.StateMachineBox`1.System.Threading.Tasks.Sources.IValueTaskSource<TResult>.GetResult(Int16 token)
   at System.Net.Security.SslStream.ReadAsyncInternal[TIOAdapter](Memory`1 buffer, CancellationToken cancellationToken)
   at System.Runtime.CompilerServices.PoolingAsyncValueTaskMethodBuilder`1.StateMachineBox`1.System.Threading.Tasks.Sources.IValueTaskSource<TResult>.GetResult(Int16 token)
   at System.Net.Http.HttpConnection.SendAsync(HttpRequestMessage request, Boolean async, CancellationToken cancellationToken)
[2026-10-04 03:32:05Z ERR  BrokerServer] #####################################################
[2026-10-04 03:32:05Z ERR  BrokerServer] System.Net.Sockets.SocketException (995): The I/O operation has been aborted because of either a thread exit or an application request.
[2026-10-04 03:32:05Z WARN BrokerServer] Back off 6.765 seconds before next retry. 4 attempt left.
[2026-10-04 03:32:05Z INFO BrokerMessageListener] Get messages has been cancelled using local token source. Continue to get messages with new status.
[2026-10-04 03:37:30Z INFO BrokerMessageListener] Acknowledging runner request 'a49aade4-9aab-5b4d-8ee2-ef0f4383e2c9'.
[2026-10-04 03:37:30Z INFO ConfigurationStore] HasCredentials()
[2026-10-04 03:37:30Z INFO ConfigurationStore] stored True
[2026-10-04 03:37:30Z INFO CredentialManager] GetCredentialProvider
[2026-10-04 03:37:30Z INFO CredentialManager] Creating type OAuth
[2026-10-04 03:37:30Z INFO CredentialManager] Creating credential type: OAuth
[2026-10-04 03:37:30Z INFO RSAEncryptedFileKeyManager] Loading RSA key parameters from file C:\Users\chella\Desktop\devopsassignment\devops-assignment\actions-runner\.credentials_rsaparams
[2026-10-04 03:37:30Z INFO RSAEncryptedFileKeyManager] Loading RSA key parameters from file C:\Users\chella\Desktop\devopsassignment\devops-assignment\actions-runner\.credentials_rsaparams
[2026-10-04 03:37:30Z INFO RSAEncryptedFileKeyManager] Loading RSA key parameters from file C:\Users\chella\Desktop\devopsassignment\devops-assignment\actions-runner\.credentials_rsaparams
[2026-10-04 03:37:31Z INFO GitHubActionsService] AAD Correlation ID for this token request: Unknown
[2026-10-04 03:37:32Z INFO JobDispatcher] Job request 0 for plan ccea8ed3-a9e6-8503-8fba-2683ce53298a job a49aade4-9aab-5b4d-8ee2-ef0f4383e2c9 received.
[2026-10-04 03:37:32Z INFO JobDispatcher] Pull OrchestrationId ccea8ed3-a9e6-8503-8fba-2683ce53298a.trigger-jenkins.__default from JWT claims
[2026-10-04 03:37:32Z INFO BrokerMessageListener] Received job status event. JobState: Busy
[2026-10-04 03:37:32Z INFO BrokerMessageListener] _getMessagesTokenSource is already disposed.
[2026-10-04 03:37:32Z INFO JobDispatcher] Job request 0961b395-3d60-57fe-a452-363229c8a340 processed succeed.
[2026-10-04 03:37:32Z INFO Terminal] WRITE LINE: 2026-10-04 03:37:32Z: Running job: trigger-jenkins
[2026-10-04 03:37:32Z INFO JobDispatcher] Start renew job request 0 for job a49aade4-9aab-5b4d-8ee2-ef0f4383e2c9.
[2026-10-04 03:37:32Z INFO JobDispatcher] Successfully renew job a49aade4-9aab-5b4d-8ee2-ef0f4383e2c9, job is valid till 04-10-2026 03:47:33
[2026-10-04 03:37:32Z INFO HostContext] Well known directory 'Bin': 'C:\Users\chella\Desktop\devopsassignment\devops-assignment\actions-runner\bin'
[2026-10-04 03:37:32Z INFO ProcessInvokerWrapper] Starting process:
[2026-10-04 03:37:32Z INFO ProcessInvokerWrapper]   File name: 'C:\Users\chella\Desktop\devopsassignment\devops-assignment\actions-runner\bin\Runner.Worker.exe'
[2026-10-04 03:37:32Z INFO ProcessInvokerWrapper]   Arguments: 'spawnclient 1192 1384'
[2026-10-04 03:37:32Z INFO ProcessInvokerWrapper]   Working directory: 'C:\Users\chella\Desktop\devopsassignment\devops-assignment\actions-runner\bin'
[2026-10-04 03:37:32Z INFO ProcessInvokerWrapper]   Require exit code zero: 'False'
[2026-10-04 03:37:32Z INFO ProcessInvokerWrapper]   Encoding web name:  ; code page: ''
[2026-10-04 03:37:32Z INFO ProcessInvokerWrapper]   Force kill process on cancellation: 'True'
[2026-10-04 03:37:32Z INFO ProcessInvokerWrapper]   Redirected STDIN: 'False'
[2026-10-04 03:37:32Z INFO ProcessInvokerWrapper]   Persist current code page: 'False'
[2026-10-04 03:37:32Z INFO ProcessInvokerWrapper]   Keep redirected STDIN open: 'False'
[2026-10-04 03:37:32Z INFO ProcessInvokerWrapper]   High priority process: 'True'
[2026-10-04 03:37:32Z INFO ProcessInvokerWrapper] Process started with process id 27556, waiting for process exit.
[2026-10-04 03:37:32Z INFO JobDispatcher] Send job request message to worker for job a49aade4-9aab-5b4d-8ee2-ef0f4383e2c9.
[2026-10-04 03:37:32Z INFO ProcessChannel] Sending message of length 24438, with hash 'd6fb0b7863b9985957093c7375db461b9a15a8da5efb8bb374a15ec27a467c7e'
[2026-10-04 03:37:33Z INFO JobNotification] Entering JobStarted Notification
[2026-10-04 03:37:33Z INFO JobNotification] Entering StartMonitor
[2026-10-04 03:37:40Z INFO ProcessInvokerWrapper] STDOUT/STDERR stream read finished.
[2026-10-04 03:37:40Z INFO ProcessInvokerWrapper] STDOUT/STDERR stream read finished.
[2026-10-04 03:37:40Z INFO ProcessInvokerWrapper] Finished process 27556 with exit code 100, and elapsed time 00:00:07.9533399.
[2026-10-04 03:37:40Z INFO JobDispatcher] Worker finished for job a49aade4-9aab-5b4d-8ee2-ef0f4383e2c9. Code: 100
[2026-10-04 03:37:40Z INFO JobDispatcher] finish job request for job a49aade4-9aab-5b4d-8ee2-ef0f4383e2c9 with result: Succeeded
[2026-10-04 03:37:40Z INFO Terminal] WRITE LINE: 2026-10-04 03:37:40Z: Job trigger-jenkins completed with result: Succeeded
[2026-10-04 03:37:40Z INFO JobDispatcher] Stop renew job request for job a49aade4-9aab-5b4d-8ee2-ef0f4383e2c9.
[2026-10-04 03:37:40Z INFO JobDispatcher] job renew has been cancelled, stop renew job a49aade4-9aab-5b4d-8ee2-ef0f4383e2c9.
[2026-10-04 03:37:40Z INFO JobNotification] Entering JobCompleted Notification
[2026-10-04 03:37:40Z INFO JobNotification] Entering EndMonitor
[2026-10-04 03:37:40Z INFO BrokerMessageListener] Received job status event. JobState: Online
[2026-10-04 03:37:40Z WARN GitHubActionsService] GET request to https://broker.actions.githubusercontent.com/message?sessionId=a47dfb11-058d-4927-8f6d-b9690a996ac2&status=Busy&runnerVersion=2.337.0&os=Windows&architecture=X64&disableUpdate=false has been cancelled.
[2026-10-04 03:37:40Z ERR  BrokerServer] Catch exception during request
[2026-10-04 03:37:40Z ERR  BrokerServer] System.Threading.Tasks.TaskCanceledException: The operation was canceled.
 ---> System.Threading.Tasks.TaskCanceledException: The operation was canceled.
 ---> System.IO.IOException: Unable to read data from the transport connection: The I/O operation has been aborted because of either a thread exit or an application request..
 ---> System.Net.Sockets.SocketException (995): The I/O operation has been aborted because of either a thread exit or an application request.
   --- End of inner exception stack trace ---
   at System.Net.Sockets.Socket.AwaitableSocketAsyncEventArgs.System.Threading.Tasks.Sources.IValueTaskSource<System.Int32>.GetResult(Int16 token)
   at System.Net.Security.SslStream.EnsureFullTlsFrameAsync[TIOAdapter](CancellationToken cancellationToken, Int32 estimatedSize)
   at System.Runtime.CompilerServices.PoolingAsyncValueTaskMethodBuilder`1.StateMachineBox`1.System.Threading.Tasks.Sources.IValueTaskSource<TResult>.GetResult(Int16 token)
   at System.Net.Security.SslStream.ReadAsyncInternal[TIOAdapter](Memory`1 buffer, CancellationToken cancellationToken)
   at System.Runtime.CompilerServices.PoolingAsyncValueTaskMethodBuilder`1.StateMachineBox`1.System.Threading.Tasks.Sources.IValueTaskSource<TResult>.GetResult(Int16 token)
   at System.Net.Http.HttpConnection.<EnsureReadAheadTaskHasStarted>g__ReadAheadWithZeroByteReadAsync|40_0()
   at System.Net.Http.HttpConnection.SendAsync(HttpRequestMessage request, Boolean async, CancellationToken cancellationToken)
   --- End of inner exception stack trace ---
   at System.Net.Http.HttpConnection.SendAsync(HttpRequestMessage request, Boolean async, CancellationToken cancellationToken)
   at System.Net.Http.AuthenticationHelper.SendWithNtAuthAsync(HttpRequestMessage request, Uri authUri, Boolean async, ICredentials credentials, Boolean isProxyAuth, HttpConnection connection, HttpConnectionPool connectionPool, CancellationToken cancellationToken)
   at System.Net.Http.HttpConnectionPool.SendWithVersionDetectionAndRetryAsync(HttpRequestMessage request, Boolean async, Boolean doRequestAuth, CancellationToken cancellationToken)
   at System.Net.Http.AuthenticationHelper.SendWithAuthAsync(HttpRequestMessage request, Uri authUri, Boolean async, ICredentials credentials, Boolean preAuthenticate, Boolean isProxyAuth, Boolean doRequestAuth, HttpConnectionPool pool, CancellationToken cancellationToken)
   at System.Net.Http.RedirectHandler.SendAsync(HttpRequestMessage request, Boolean async, CancellationToken cancellationToken)
   at GitHub.Services.Common.RawHttpMessageHandler.SendAsync(HttpRequestMessage request, CancellationToken cancellationToken)
   at GitHub.Services.Common.VssHttpRetryMessageHandler.SendAsync(HttpRequestMessage request, CancellationToken cancellationToken)
   at System.Net.Http.HttpClient.<SendAsync>g__Core|83_0(HttpRequestMessage request, HttpCompletionOption completionOption, CancellationTokenSource cts, Boolean disposeCts, CancellationTokenSource pendingRequestsCts, CancellationToken originalCancellationToken)
   --- End of inner exception stack trace ---
   at System.Net.Http.HttpClient.HandleFailure(Exception e, Boolean telemetryStarted, HttpResponseMessage response, CancellationTokenSource cts, CancellationToken cancellationToken, CancellationTokenSource pendingRequestsCts)
   at System.Net.Http.HttpClient.<SendAsync>g__Core|83_0(HttpRequestMessage request, HttpCompletionOption completionOption, CancellationTokenSource cts, Boolean disposeCts, CancellationTokenSource pendingRequestsCts, CancellationToken originalCancellationToken)
   at Sdk.WebApi.WebApi.RawHttpClientBase.SendAsync(HttpRequestMessage message, HttpCompletionOption completionOption, Object userState, CancellationToken cancellationToken)
   at Sdk.WebApi.WebApi.RawHttpClientBase.SendAsync[T](HttpRequestMessage message, Boolean readErrorBody, Object userState, CancellationToken cancellationToken)
   at Sdk.WebApi.WebApi.RawHttpClientBase.SendAsync[T](HttpMethod method, IEnumerable`1 additionalHeaders, Uri requestUri, HttpContent content, IEnumerable`1 queryParameters, Boolean readErrorBody, Object userState, CancellationToken cancellationToken)
   at GitHub.Actions.RunService.WebApi.BrokerHttpClient.GetRunnerMessageAsync(Nullable`1 sessionId, String runnerVersion, Nullable`1 status, String os, String architecture, Nullable`1 disableUpdate, CancellationToken cancellationToken)
   at GitHub.Runner.Common.BrokerServer.<>c__DisplayClass7_0.<<GetRunnerMessageAsync>b__0>d.MoveNext()
--- End of stack trace from previous location ---
   at GitHub.Runner.Common.RunnerService.RetryRequest[T](Func`1 func, CancellationToken cancellationToken, Int32 maxAttempts, Func`2 shouldRetry)
[2026-10-04 03:37:40Z ERR  BrokerServer] #####################################################
[2026-10-04 03:37:40Z ERR  BrokerServer] System.Threading.Tasks.TaskCanceledException: The operation was canceled.
 ---> System.IO.IOException: Unable to read data from the transport connection: The I/O operation has been aborted because of either a thread exit or an application request..
 ---> System.Net.Sockets.SocketException (995): The I/O operation has been aborted because of either a thread exit or an application request.
   --- End of inner exception stack trace ---
   at System.Net.Sockets.Socket.AwaitableSocketAsyncEventArgs.System.Threading.Tasks.Sources.IValueTaskSource<System.Int32>.GetResult(Int16 token)
   at System.Net.Security.SslStream.EnsureFullTlsFrameAsync[TIOAdapter](CancellationToken cancellationToken, Int32 estimatedSize)
   at System.Runtime.CompilerServices.PoolingAsyncValueTaskMethodBuilder`1.StateMachineBox`1.System.Threading.Tasks.Sources.IValueTaskSource<TResult>.GetResult(Int16 token)
   at System.Net.Security.SslStream.ReadAsyncInternal[TIOAdapter](Memory`1 buffer, CancellationToken cancellationToken)
   at System.Runtime.CompilerServices.PoolingAsyncValueTaskMethodBuilder`1.StateMachineBox`1.System.Threading.Tasks.Sources.IValueTaskSource<TResult>.GetResult(Int16 token)
   at System.Net.Http.HttpConnection.<EnsureReadAheadTaskHasStarted>g__ReadAheadWithZeroByteReadAsync|40_0()
   at System.Net.Http.HttpConnection.SendAsync(HttpRequestMessage request, Boolean async, CancellationToken cancellationToken)
   --- End of inner exception stack trace ---
   at System.Net.Http.HttpConnection.SendAsync(HttpRequestMessage request, Boolean async, CancellationToken cancellationToken)
   at System.Net.Http.AuthenticationHelper.SendWithNtAuthAsync(HttpRequestMessage request, Uri authUri, Boolean async, ICredentials credentials, Boolean isProxyAuth, HttpConnection connection, HttpConnectionPool connectionPool, CancellationToken cancellationToken)
   at System.Net.Http.HttpConnectionPool.SendWithVersionDetectionAndRetryAsync(HttpRequestMessage request, Boolean async, Boolean doRequestAuth, CancellationToken cancellationToken)
   at System.Net.Http.AuthenticationHelper.SendWithAuthAsync(HttpRequestMessage request, Uri authUri, Boolean async, ICredentials credentials, Boolean preAuthenticate, Boolean isProxyAuth, Boolean doRequestAuth, HttpConnectionPool pool, CancellationToken cancellationToken)
   at System.Net.Http.RedirectHandler.SendAsync(HttpRequestMessage request, Boolean async, CancellationToken cancellationToken)
   at GitHub.Services.Common.RawHttpMessageHandler.SendAsync(HttpRequestMessage request, CancellationToken cancellationToken)
   at GitHub.Services.Common.VssHttpRetryMessageHandler.SendAsync(HttpRequestMessage request, CancellationToken cancellationToken)
   at System.Net.Http.HttpClient.<SendAsync>g__Core|83_0(HttpRequestMessage request, HttpCompletionOption completionOption, CancellationTokenSource cts, Boolean disposeCts, CancellationTokenSource pendingRequestsCts, CancellationToken originalCancellationToken)
[2026-10-04 03:37:40Z ERR  BrokerServer] #####################################################
[2026-10-04 03:37:40Z ERR  BrokerServer] System.IO.IOException: Unable to read data from the transport connection: The I/O operation has been aborted because of either a thread exit or an application request..
 ---> System.Net.Sockets.SocketException (995): The I/O operation has been aborted because of either a thread exit or an application request.
   --- End of inner exception stack trace ---
   at System.Net.Sockets.Socket.AwaitableSocketAsyncEventArgs.System.Threading.Tasks.Sources.IValueTaskSource<System.Int32>.GetResult(Int16 token)
   at System.Net.Security.SslStream.EnsureFullTlsFrameAsync[TIOAdapter](CancellationToken cancellationToken, Int32 estimatedSize)
   at System.Runtime.CompilerServices.PoolingAsyncValueTaskMethodBuilder`1.StateMachineBox`1.System.Threading.Tasks.Sources.IValueTaskSource<TResult>.GetResult(Int16 token)
   at System.Net.Security.SslStream.ReadAsyncInternal[TIOAdapter](Memory`1 buffer, CancellationToken cancellationToken)
   at System.Runtime.CompilerServices.PoolingAsyncValueTaskMethodBuilder`1.StateMachineBox`1.System.Threading.Tasks.Sources.IValueTaskSource<TResult>.GetResult(Int16 token)
   at System.Net.Http.HttpConnection.<EnsureReadAheadTaskHasStarted>g__ReadAheadWithZeroByteReadAsync|40_0()
   at System.Net.Http.HttpConnection.SendAsync(HttpRequestMessage request, Boolean async, CancellationToken cancellationToken)
[2026-10-04 03:37:40Z ERR  BrokerServer] #####################################################
[2026-10-04 03:37:40Z ERR  BrokerServer] System.Net.Sockets.SocketException (995): The I/O operation has been aborted because of either a thread exit or an application request.
[2026-10-04 03:37:40Z WARN BrokerServer] Back off 11.909 seconds before next retry. 4 attempt left.
[2026-10-04 03:37:40Z INFO BrokerMessageListener] Get messages has been cancelled using local token source. Continue to get messages with new status.
[2026-10-04 03:37:41Z INFO BrokerMessageListener] Acknowledging runner request '882adf55-801a-5a1b-863a-2b0008a0fa04'.
[2026-10-04 03:37:41Z INFO ConfigurationStore] HasCredentials()
[2026-10-04 03:37:41Z INFO ConfigurationStore] stored True
[2026-10-04 03:37:41Z INFO CredentialManager] GetCredentialProvider
[2026-10-04 03:37:41Z INFO CredentialManager] Creating type OAuth
[2026-10-04 03:37:41Z INFO CredentialManager] Creating credential type: OAuth
[2026-10-04 03:37:41Z INFO RSAEncryptedFileKeyManager] Loading RSA key parameters from file C:\Users\chella\Desktop\devopsassignment\devops-assignment\actions-runner\.credentials_rsaparams
[2026-10-04 03:37:41Z INFO RSAEncryptedFileKeyManager] Loading RSA key parameters from file C:\Users\chella\Desktop\devopsassignment\devops-assignment\actions-runner\.credentials_rsaparams
[2026-10-04 03:37:41Z INFO RSAEncryptedFileKeyManager] Loading RSA key parameters from file C:\Users\chella\Desktop\devopsassignment\devops-assignment\actions-runner\.credentials_rsaparams
[2026-10-04 03:37:42Z INFO GitHubActionsService] AAD Correlation ID for this token request: Unknown
[2026-10-04 03:37:43Z INFO JobDispatcher] Job request 0 for plan 3849da48-eee1-8caf-be67-720c8493c5fc job 882adf55-801a-5a1b-863a-2b0008a0fa04 received.
[2026-10-04 03:37:43Z INFO JobDispatcher] Pull OrchestrationId 3849da48-eee1-8caf-be67-720c8493c5fc.trigger-jenkins.__default from JWT claims
[2026-10-04 03:37:43Z INFO BrokerMessageListener] Received job status event. JobState: Busy
[2026-10-04 03:37:43Z INFO BrokerMessageListener] _getMessagesTokenSource is already disposed.
[2026-10-04 03:37:43Z INFO JobDispatcher] Job request a49aade4-9aab-5b4d-8ee2-ef0f4383e2c9 processed succeed.
[2026-10-04 03:37:43Z INFO Terminal] WRITE LINE: 2026-10-04 03:37:43Z: Running job: Trigger Jenkins Pipeline
[2026-10-04 03:37:43Z INFO JobDispatcher] Start renew job request 0 for job 882adf55-801a-5a1b-863a-2b0008a0fa04.
[2026-10-04 03:37:44Z INFO JobDispatcher] Successfully renew job 882adf55-801a-5a1b-863a-2b0008a0fa04, job is valid till 04-10-2026 03:47:44
[2026-10-04 03:37:44Z INFO HostContext] Well known directory 'Bin': 'C:\Users\chella\Desktop\devopsassignment\devops-assignment\actions-runner\bin'
[2026-10-04 03:37:44Z INFO ProcessInvokerWrapper] Starting process:
[2026-10-04 03:37:44Z INFO ProcessInvokerWrapper]   File name: 'C:\Users\chella\Desktop\devopsassignment\devops-assignment\actions-runner\bin\Runner.Worker.exe'
[2026-10-04 03:37:44Z INFO ProcessInvokerWrapper]   Arguments: 'spawnclient 2872 2840'
[2026-10-04 03:37:44Z INFO ProcessInvokerWrapper]   Working directory: 'C:\Users\chella\Desktop\devopsassignment\devops-assignment\actions-runner\bin'
[2026-10-04 03:37:44Z INFO ProcessInvokerWrapper]   Require exit code zero: 'False'
[2026-10-04 03:37:44Z INFO ProcessInvokerWrapper]   Encoding web name:  ; code page: ''
[2026-10-04 03:37:44Z INFO ProcessInvokerWrapper]   Force kill process on cancellation: 'True'
[2026-10-04 03:37:44Z INFO ProcessInvokerWrapper]   Redirected STDIN: 'False'
[2026-10-04 03:37:44Z INFO ProcessInvokerWrapper]   Persist current code page: 'False'
[2026-10-04 03:37:44Z INFO ProcessInvokerWrapper]   Keep redirected STDIN open: 'False'
[2026-10-04 03:37:44Z INFO ProcessInvokerWrapper]   High priority process: 'True'
[2026-10-04 03:37:44Z INFO ProcessInvokerWrapper] Process started with process id 356, waiting for process exit.
[2026-10-04 03:37:44Z INFO JobDispatcher] Send job request message to worker for job 882adf55-801a-5a1b-863a-2b0008a0fa04.
[2026-10-04 03:37:44Z INFO ProcessChannel] Sending message of length 24402, with hash '613691251c540ac1fa051d161582be23c49563d4ee80c6389baeb4910613a533'
[2026-10-04 03:37:44Z INFO JobNotification] Entering JobStarted Notification
[2026-10-04 03:37:44Z INFO JobNotification] Entering StartMonitor
[2026-10-04 03:37:53Z INFO ProcessInvokerWrapper] STDOUT/STDERR stream read finished.
[2026-10-04 03:37:53Z INFO ProcessInvokerWrapper] STDOUT/STDERR stream read finished.
[2026-10-04 03:37:53Z INFO ProcessInvokerWrapper] Finished process 356 with exit code 100, and elapsed time 00:00:08.5730199.
[2026-10-04 03:37:53Z INFO JobDispatcher] Worker finished for job 882adf55-801a-5a1b-863a-2b0008a0fa04. Code: 100
[2026-10-04 03:37:53Z INFO JobDispatcher] finish job request for job 882adf55-801a-5a1b-863a-2b0008a0fa04 with result: Succeeded
[2026-10-04 03:37:53Z INFO Terminal] WRITE LINE: 2026-10-04 03:37:53Z: Job Trigger Jenkins Pipeline completed with result: Succeeded
[2026-10-04 03:37:53Z INFO JobDispatcher] Stop renew job request for job 882adf55-801a-5a1b-863a-2b0008a0fa04.
[2026-10-04 03:37:53Z INFO JobDispatcher] job renew has been cancelled, stop renew job 882adf55-801a-5a1b-863a-2b0008a0fa04.
[2026-10-04 03:37:53Z INFO JobNotification] Entering JobCompleted Notification
[2026-10-04 03:37:53Z INFO JobNotification] Entering EndMonitor
[2026-10-04 03:37:53Z INFO BrokerMessageListener] Received job status event. JobState: Online
[2026-10-04 03:37:53Z WARN GitHubActionsService] GET request to https://broker.actions.githubusercontent.com/message?sessionId=a47dfb11-058d-4927-8f6d-b9690a996ac2&status=Busy&runnerVersion=2.337.0&os=Windows&architecture=X64&disableUpdate=false has been cancelled.
[2026-10-04 03:37:53Z ERR  BrokerServer] Catch exception during request
[2026-10-04 03:37:53Z ERR  BrokerServer] System.Threading.Tasks.TaskCanceledException: The operation was canceled.
 ---> System.Threading.Tasks.TaskCanceledException: The operation was canceled.
 ---> System.IO.IOException: Unable to read data from the transport connection: The I/O operation has been aborted because of either a thread exit or an application request..
 ---> System.Net.Sockets.SocketException (995): The I/O operation has been aborted because of either a thread exit or an application request.
   --- End of inner exception stack trace ---
   at System.Net.Sockets.Socket.AwaitableSocketAsyncEventArgs.System.Threading.Tasks.Sources.IValueTaskSource<System.Int32>.GetResult(Int16 token)
   at System.Net.Security.SslStream.EnsureFullTlsFrameAsync[TIOAdapter](CancellationToken cancellationToken, Int32 estimatedSize)
   at System.Runtime.CompilerServices.PoolingAsyncValueTaskMethodBuilder`1.StateMachineBox`1.System.Threading.Tasks.Sources.IValueTaskSource<TResult>.GetResult(Int16 token)
   at System.Net.Security.SslStream.ReadAsyncInternal[TIOAdapter](Memory`1 buffer, CancellationToken cancellationToken)
   at System.Runtime.CompilerServices.PoolingAsyncValueTaskMethodBuilder`1.StateMachineBox`1.System.Threading.Tasks.Sources.IValueTaskSource<TResult>.GetResult(Int16 token)
   at System.Net.Http.HttpConnection.SendAsync(HttpRequestMessage request, Boolean async, CancellationToken cancellationToken)
   --- End of inner exception stack trace ---
   at System.Net.Http.HttpConnection.SendAsync(HttpRequestMessage request, Boolean async, CancellationToken cancellationToken)
   at System.Net.Http.AuthenticationHelper.SendWithNtAuthAsync(HttpRequestMessage request, Uri authUri, Boolean async, ICredentials credentials, Boolean isProxyAuth, HttpConnection connection, HttpConnectionPool connectionPool, CancellationToken cancellationToken)
   at System.Net.Http.HttpConnectionPool.SendWithVersionDetectionAndRetryAsync(HttpRequestMessage request, Boolean async, Boolean doRequestAuth, CancellationToken cancellationToken)
   at System.Net.Http.AuthenticationHelper.SendWithAuthAsync(HttpRequestMessage request, Uri authUri, Boolean async, ICredentials credentials, Boolean preAuthenticate, Boolean isProxyAuth, Boolean doRequestAuth, HttpConnectionPool pool, CancellationToken cancellationToken)
   at System.Net.Http.RedirectHandler.SendAsync(HttpRequestMessage request, Boolean async, CancellationToken cancellationToken)
   at GitHub.Services.Common.RawHttpMessageHandler.SendAsync(HttpRequestMessage request, CancellationToken cancellationToken)
   at GitHub.Services.Common.VssHttpRetryMessageHandler.SendAsync(HttpRequestMessage request, CancellationToken cancellationToken)
   at System.Net.Http.HttpClient.<SendAsync>g__Core|83_0(HttpRequestMessage request, HttpCompletionOption completionOption, CancellationTokenSource cts, Boolean disposeCts, CancellationTokenSource pendingRequestsCts, CancellationToken originalCancellationToken)
   --- End of inner exception stack trace ---
   at System.Net.Http.HttpClient.HandleFailure(Exception e, Boolean telemetryStarted, HttpResponseMessage response, CancellationTokenSource cts, CancellationToken cancellationToken, CancellationTokenSource pendingRequestsCts)
   at System.Net.Http.HttpClient.<SendAsync>g__Core|83_0(HttpRequestMessage request, HttpCompletionOption completionOption, CancellationTokenSource cts, Boolean disposeCts, CancellationTokenSource pendingRequestsCts, CancellationToken originalCancellationToken)
   at Sdk.WebApi.WebApi.RawHttpClientBase.SendAsync(HttpRequestMessage message, HttpCompletionOption completionOption, Object userState, CancellationToken cancellationToken)
   at Sdk.WebApi.WebApi.RawHttpClientBase.SendAsync[T](HttpRequestMessage message, Boolean readErrorBody, Object userState, CancellationToken cancellationToken)
   at Sdk.WebApi.WebApi.RawHttpClientBase.SendAsync[T](HttpMethod method, IEnumerable`1 additionalHeaders, Uri requestUri, HttpContent content, IEnumerable`1 queryParameters, Boolean readErrorBody, Object userState, CancellationToken cancellationToken)
   at GitHub.Actions.RunService.WebApi.BrokerHttpClient.GetRunnerMessageAsync(Nullable`1 sessionId, String runnerVersion, Nullable`1 status, String os, String architecture, Nullable`1 disableUpdate, CancellationToken cancellationToken)
   at GitHub.Runner.Common.BrokerServer.<>c__DisplayClass7_0.<<GetRunnerMessageAsync>b__0>d.MoveNext()
--- End of stack trace from previous location ---
   at GitHub.Runner.Common.RunnerService.RetryRequest[T](Func`1 func, CancellationToken cancellationToken, Int32 maxAttempts, Func`2 shouldRetry)
[2026-10-04 03:37:53Z ERR  BrokerServer] #####################################################
[2026-10-04 03:37:53Z ERR  BrokerServer] System.Threading.Tasks.TaskCanceledException: The operation was canceled.
 ---> System.IO.IOException: Unable to read data from the transport connection: The I/O operation has been aborted because of either a thread exit or an application request..
 ---> System.Net.Sockets.SocketException (995): The I/O operation has been aborted because of either a thread exit or an application request.
   --- End of inner exception stack trace ---
   at System.Net.Sockets.Socket.AwaitableSocketAsyncEventArgs.System.Threading.Tasks.Sources.IValueTaskSource<System.Int32>.GetResult(Int16 token)
   at System.Net.Security.SslStream.EnsureFullTlsFrameAsync[TIOAdapter](CancellationToken cancellationToken, Int32 estimatedSize)
   at System.Runtime.CompilerServices.PoolingAsyncValueTaskMethodBuilder`1.StateMachineBox`1.System.Threading.Tasks.Sources.IValueTaskSource<TResult>.GetResult(Int16 token)
   at System.Net.Security.SslStream.ReadAsyncInternal[TIOAdapter](Memory`1 buffer, CancellationToken cancellationToken)
   at System.Runtime.CompilerServices.PoolingAsyncValueTaskMethodBuilder`1.StateMachineBox`1.System.Threading.Tasks.Sources.IValueTaskSource<TResult>.GetResult(Int16 token)
   at System.Net.Http.HttpConnection.SendAsync(HttpRequestMessage request, Boolean async, CancellationToken cancellationToken)
   --- End of inner exception stack trace ---
   at System.Net.Http.HttpConnection.SendAsync(HttpRequestMessage request, Boolean async, CancellationToken cancellationToken)
   at System.Net.Http.AuthenticationHelper.SendWithNtAuthAsync(HttpRequestMessage request, Uri authUri, Boolean async, ICredentials credentials, Boolean isProxyAuth, HttpConnection connection, HttpConnectionPool connectionPool, CancellationToken cancellationToken)
   at System.Net.Http.HttpConnectionPool.SendWithVersionDetectionAndRetryAsync(HttpRequestMessage request, Boolean async, Boolean doRequestAuth, CancellationToken cancellationToken)
   at System.Net.Http.AuthenticationHelper.SendWithAuthAsync(HttpRequestMessage request, Uri authUri, Boolean async, ICredentials credentials, Boolean preAuthenticate, Boolean isProxyAuth, Boolean doRequestAuth, HttpConnectionPool pool, CancellationToken cancellationToken)
   at System.Net.Http.RedirectHandler.SendAsync(HttpRequestMessage request, Boolean async, CancellationToken cancellationToken)
   at GitHub.Services.Common.RawHttpMessageHandler.SendAsync(HttpRequestMessage request, CancellationToken cancellationToken)
   at GitHub.Services.Common.VssHttpRetryMessageHandler.SendAsync(HttpRequestMessage request, CancellationToken cancellationToken)
   at System.Net.Http.HttpClient.<SendAsync>g__Core|83_0(HttpRequestMessage request, HttpCompletionOption completionOption, CancellationTokenSource cts, Boolean disposeCts, CancellationTokenSource pendingRequestsCts, CancellationToken originalCancellationToken)
[2026-10-04 03:37:53Z ERR  BrokerServer] #####################################################
[2026-10-04 03:37:53Z ERR  BrokerServer] System.IO.IOException: Unable to read data from the transport connection: The I/O operation has been aborted because of either a thread exit or an application request..
 ---> System.Net.Sockets.SocketException (995): The I/O operation has been aborted because of either a thread exit or an application request.
   --- End of inner exception stack trace ---
   at System.Net.Sockets.Socket.AwaitableSocketAsyncEventArgs.System.Threading.Tasks.Sources.IValueTaskSource<System.Int32>.GetResult(Int16 token)
   at System.Net.Security.SslStream.EnsureFullTlsFrameAsync[TIOAdapter](CancellationToken cancellationToken, Int32 estimatedSize)
   at System.Runtime.CompilerServices.PoolingAsyncValueTaskMethodBuilder`1.StateMachineBox`1.System.Threading.Tasks.Sources.IValueTaskSource<TResult>.GetResult(Int16 token)
   at System.Net.Security.SslStream.ReadAsyncInternal[TIOAdapter](Memory`1 buffer, CancellationToken cancellationToken)
   at System.Runtime.CompilerServices.PoolingAsyncValueTaskMethodBuilder`1.StateMachineBox`1.System.Threading.Tasks.Sources.IValueTaskSource<TResult>.GetResult(Int16 token)
   at System.Net.Http.HttpConnection.SendAsync(HttpRequestMessage request, Boolean async, CancellationToken cancellationToken)
[2026-10-04 03:37:53Z ERR  BrokerServer] #####################################################
[2026-10-04 03:37:53Z ERR  BrokerServer] System.Net.Sockets.SocketException (995): The I/O operation has been aborted because of either a thread exit or an application request.
[2026-10-04 03:37:53Z WARN BrokerServer] Back off 13.389 seconds before next retry. 4 attempt left.
[2026-10-04 03:37:53Z INFO BrokerMessageListener] Get messages has been cancelled using local token source. Continue to get messages with new status.
[2026-10-04 03:40:14Z INFO BrokerMessageListener] Acknowledging runner request '25020bd5-6a02-5c21-b10a-18eacae473eb'.
[2026-10-04 03:40:14Z INFO ConfigurationStore] HasCredentials()
[2026-10-04 03:40:14Z INFO ConfigurationStore] stored True
[2026-10-04 03:40:14Z INFO CredentialManager] GetCredentialProvider
[2026-10-04 03:40:14Z INFO CredentialManager] Creating type OAuth
[2026-10-04 03:40:14Z INFO CredentialManager] Creating credential type: OAuth
[2026-10-04 03:40:14Z INFO RSAEncryptedFileKeyManager] Loading RSA key parameters from file C:\Users\chella\Desktop\devopsassignment\devops-assignment\actions-runner\.credentials_rsaparams
[2026-10-04 03:40:14Z INFO RSAEncryptedFileKeyManager] Loading RSA key parameters from file C:\Users\chella\Desktop\devopsassignment\devops-assignment\actions-runner\.credentials_rsaparams
[2026-10-04 03:40:14Z INFO RSAEncryptedFileKeyManager] Loading RSA key parameters from file C:\Users\chella\Desktop\devopsassignment\devops-assignment\actions-runner\.credentials_rsaparams
[2026-10-04 03:40:15Z INFO GitHubActionsService] AAD Correlation ID for this token request: Unknown
[2026-10-04 03:40:16Z INFO JobDispatcher] Job request 0 for plan 7b367e65-daa0-81ec-b101-456fa7d70290 job 25020bd5-6a02-5c21-b10a-18eacae473eb received.
[2026-10-04 03:40:16Z INFO JobDispatcher] Pull OrchestrationId 7b367e65-daa0-81ec-b101-456fa7d70290.trigger-jenkins.__default from JWT claims
[2026-10-04 03:40:16Z INFO BrokerMessageListener] Received job status event. JobState: Busy
[2026-10-04 03:40:16Z INFO BrokerMessageListener] _getMessagesTokenSource is already disposed.
[2026-10-04 03:40:16Z INFO JobDispatcher] Job request 882adf55-801a-5a1b-863a-2b0008a0fa04 processed succeed.
[2026-10-04 03:40:16Z INFO Terminal] WRITE LINE: 2026-10-04 03:40:16Z: Running job: Trigger Jenkins Pipeline
[2026-10-04 03:40:16Z INFO JobDispatcher] Start renew job request 0 for job 25020bd5-6a02-5c21-b10a-18eacae473eb.
[2026-10-04 03:40:16Z INFO JobDispatcher] Successfully renew job 25020bd5-6a02-5c21-b10a-18eacae473eb, job is valid till 04-10-2026 03:50:17
[2026-10-04 03:40:16Z INFO HostContext] Well known directory 'Bin': 'C:\Users\chella\Desktop\devopsassignment\devops-assignment\actions-runner\bin'
[2026-10-04 03:40:16Z INFO ProcessInvokerWrapper] Starting process:
[2026-10-04 03:40:16Z INFO ProcessInvokerWrapper]   File name: 'C:\Users\chella\Desktop\devopsassignment\devops-assignment\actions-runner\bin\Runner.Worker.exe'
[2026-10-04 03:40:16Z INFO ProcessInvokerWrapper]   Arguments: 'spawnclient 2820 2616'
[2026-10-04 03:40:16Z INFO ProcessInvokerWrapper]   Working directory: 'C:\Users\chella\Desktop\devopsassignment\devops-assignment\actions-runner\bin'
[2026-10-04 03:40:16Z INFO ProcessInvokerWrapper]   Require exit code zero: 'False'
[2026-10-04 03:40:16Z INFO ProcessInvokerWrapper]   Encoding web name:  ; code page: ''
[2026-10-04 03:40:16Z INFO ProcessInvokerWrapper]   Force kill process on cancellation: 'True'
[2026-10-04 03:40:16Z INFO ProcessInvokerWrapper]   Redirected STDIN: 'False'
[2026-10-04 03:40:16Z INFO ProcessInvokerWrapper]   Persist current code page: 'False'
[2026-10-04 03:40:16Z INFO ProcessInvokerWrapper]   Keep redirected STDIN open: 'False'
[2026-10-04 03:40:16Z INFO ProcessInvokerWrapper]   High priority process: 'True'
[2026-10-04 03:40:16Z INFO ProcessInvokerWrapper] Process started with process id 7968, waiting for process exit.
[2026-10-04 03:40:16Z INFO JobDispatcher] Send job request message to worker for job 25020bd5-6a02-5c21-b10a-18eacae473eb.
[2026-10-04 03:40:16Z INFO ProcessChannel] Sending message of length 24362, with hash 'f31095f280d366a0ec8b99bf087f911ed6322f587b593671065c9cc1e49e2594'
[2026-10-04 03:40:17Z INFO JobNotification] Entering JobStarted Notification
[2026-10-04 03:40:17Z INFO JobNotification] Entering StartMonitor
[2026-10-04 03:40:25Z INFO ProcessInvokerWrapper] STDOUT/STDERR stream read finished.
[2026-10-04 03:40:25Z INFO ProcessInvokerWrapper] STDOUT/STDERR stream read finished.
[2026-10-04 03:40:25Z INFO ProcessInvokerWrapper] Finished process 7968 with exit code 100, and elapsed time 00:00:08.4779478.
[2026-10-04 03:40:25Z INFO JobDispatcher] Worker finished for job 25020bd5-6a02-5c21-b10a-18eacae473eb. Code: 100
[2026-10-04 03:40:25Z INFO JobDispatcher] finish job request for job 25020bd5-6a02-5c21-b10a-18eacae473eb with result: Succeeded
[2026-10-04 03:40:25Z INFO Terminal] WRITE LINE: 2026-10-04 03:40:25Z: Job Trigger Jenkins Pipeline completed with result: Succeeded
[2026-10-04 03:40:25Z INFO JobDispatcher] Stop renew job request for job 25020bd5-6a02-5c21-b10a-18eacae473eb.
[2026-10-04 03:40:25Z INFO JobDispatcher] job renew has been cancelled, stop renew job 25020bd5-6a02-5c21-b10a-18eacae473eb.
[2026-10-04 03:40:25Z INFO JobNotification] Entering JobCompleted Notification
[2026-10-04 03:40:25Z INFO JobNotification] Entering EndMonitor
[2026-10-04 03:40:25Z INFO BrokerMessageListener] Received job status event. JobState: Online
[2026-10-04 03:40:25Z WARN GitHubActionsService] GET request to https://broker.actions.githubusercontent.com/message?sessionId=a47dfb11-058d-4927-8f6d-b9690a996ac2&status=Busy&runnerVersion=2.337.0&os=Windows&architecture=X64&disableUpdate=false has been cancelled.
[2026-10-04 03:40:25Z ERR  BrokerServer] Catch exception during request
[2026-10-04 03:40:25Z ERR  BrokerServer] System.Threading.Tasks.TaskCanceledException: The operation was canceled.
 ---> System.Threading.Tasks.TaskCanceledException: The operation was canceled.
 ---> System.IO.IOException: Unable to read data from the transport connection: The I/O operation has been aborted because of either a thread exit or an application request..
 ---> System.Net.Sockets.SocketException (995): The I/O operation has been aborted because of either a thread exit or an application request.
   --- End of inner exception stack trace ---
   at System.Net.Sockets.Socket.AwaitableSocketAsyncEventArgs.System.Threading.Tasks.Sources.IValueTaskSource<System.Int32>.GetResult(Int16 token)
   at System.Net.Security.SslStream.EnsureFullTlsFrameAsync[TIOAdapter](CancellationToken cancellationToken, Int32 estimatedSize)
   at System.Runtime.CompilerServices.PoolingAsyncValueTaskMethodBuilder`1.StateMachineBox`1.System.Threading.Tasks.Sources.IValueTaskSource<TResult>.GetResult(Int16 token)
   at System.Net.Security.SslStream.ReadAsyncInternal[TIOAdapter](Memory`1 buffer, CancellationToken cancellationToken)
   at System.Runtime.CompilerServices.PoolingAsyncValueTaskMethodBuilder`1.StateMachineBox`1.System.Threading.Tasks.Sources.IValueTaskSource<TResult>.GetResult(Int16 token)
   at System.Net.Http.HttpConnection.<EnsureReadAheadTaskHasStarted>g__ReadAheadWithZeroByteReadAsync|40_0()
   at System.Net.Http.HttpConnection.SendAsync(HttpRequestMessage request, Boolean async, CancellationToken cancellationToken)
   --- End of inner exception stack trace ---
   at System.Net.Http.HttpConnection.SendAsync(HttpRequestMessage request, Boolean async, CancellationToken cancellationToken)
   at System.Net.Http.AuthenticationHelper.SendWithNtAuthAsync(HttpRequestMessage request, Uri authUri, Boolean async, ICredentials credentials, Boolean isProxyAuth, HttpConnection connection, HttpConnectionPool connectionPool, CancellationToken cancellationToken)
   at System.Net.Http.HttpConnectionPool.SendWithVersionDetectionAndRetryAsync(HttpRequestMessage request, Boolean async, Boolean doRequestAuth, CancellationToken cancellationToken)
   at System.Net.Http.AuthenticationHelper.SendWithAuthAsync(HttpRequestMessage request, Uri authUri, Boolean async, ICredentials credentials, Boolean preAuthenticate, Boolean isProxyAuth, Boolean doRequestAuth, HttpConnectionPool pool, CancellationToken cancellationToken)
   at System.Net.Http.RedirectHandler.SendAsync(HttpRequestMessage request, Boolean async, CancellationToken cancellationToken)
   at GitHub.Services.Common.RawHttpMessageHandler.SendAsync(HttpRequestMessage request, CancellationToken cancellationToken)
   at GitHub.Services.Common.VssHttpRetryMessageHandler.SendAsync(HttpRequestMessage request, CancellationToken cancellationToken)
   at System.Net.Http.HttpClient.<SendAsync>g__Core|83_0(HttpRequestMessage request, HttpCompletionOption completionOption, CancellationTokenSource cts, Boolean disposeCts, CancellationTokenSource pendingRequestsCts, CancellationToken originalCancellationToken)
   --- End of inner exception stack trace ---
   at System.Net.Http.HttpClient.HandleFailure(Exception e, Boolean telemetryStarted, HttpResponseMessage response, CancellationTokenSource cts, CancellationToken cancellationToken, CancellationTokenSource pendingRequestsCts)
   at System.Net.Http.HttpClient.<SendAsync>g__Core|83_0(HttpRequestMessage request, HttpCompletionOption completionOption, CancellationTokenSource cts, Boolean disposeCts, CancellationTokenSource pendingRequestsCts, CancellationToken originalCancellationToken)
   at Sdk.WebApi.WebApi.RawHttpClientBase.SendAsync(HttpRequestMessage message, HttpCompletionOption completionOption, Object userState, CancellationToken cancellationToken)
   at Sdk.WebApi.WebApi.RawHttpClientBase.SendAsync[T](HttpRequestMessage message, Boolean readErrorBody, Object userState, CancellationToken cancellationToken)
   at Sdk.WebApi.WebApi.RawHttpClientBase.SendAsync[T](HttpMethod method, IEnumerable`1 additionalHeaders, Uri requestUri, HttpContent content, IEnumerable`1 queryParameters, Boolean readErrorBody, Object userState, CancellationToken cancellationToken)
   at GitHub.Actions.RunService.WebApi.BrokerHttpClient.GetRunnerMessageAsync(Nullable`1 sessionId, String runnerVersion, Nullable`1 status, String os, String architecture, Nullable`1 disableUpdate, CancellationToken cancellationToken)
   at GitHub.Runner.Common.BrokerServer.<>c__DisplayClass7_0.<<GetRunnerMessageAsync>b__0>d.MoveNext()
--- End of stack trace from previous location ---
   at GitHub.Runner.Common.RunnerService.RetryRequest[T](Func`1 func, CancellationToken cancellationToken, Int32 maxAttempts, Func`2 shouldRetry)
[2026-10-04 03:40:25Z ERR  BrokerServer] #####################################################
[2026-10-04 03:40:25Z ERR  BrokerServer] System.Threading.Tasks.TaskCanceledException: The operation was canceled.
 ---> System.IO.IOException: Unable to read data from the transport connection: The I/O operation has been aborted because of either a thread exit or an application request..
 ---> System.Net.Sockets.SocketException (995): The I/O operation has been aborted because of either a thread exit or an application request.
   --- End of inner exception stack trace ---
   at System.Net.Sockets.Socket.AwaitableSocketAsyncEventArgs.System.Threading.Tasks.Sources.IValueTaskSource<System.Int32>.GetResult(Int16 token)
   at System.Net.Security.SslStream.EnsureFullTlsFrameAsync[TIOAdapter](CancellationToken cancellationToken, Int32 estimatedSize)
   at System.Runtime.CompilerServices.PoolingAsyncValueTaskMethodBuilder`1.StateMachineBox`1.System.Threading.Tasks.Sources.IValueTaskSource<TResult>.GetResult(Int16 token)
   at System.Net.Security.SslStream.ReadAsyncInternal[TIOAdapter](Memory`1 buffer, CancellationToken cancellationToken)
   at System.Runtime.CompilerServices.PoolingAsyncValueTaskMethodBuilder`1.StateMachineBox`1.System.Threading.Tasks.Sources.IValueTaskSource<TResult>.GetResult(Int16 token)
   at System.Net.Http.HttpConnection.<EnsureReadAheadTaskHasStarted>g__ReadAheadWithZeroByteReadAsync|40_0()
   at System.Net.Http.HttpConnection.SendAsync(HttpRequestMessage request, Boolean async, CancellationToken cancellationToken)
   --- End of inner exception stack trace ---
   at System.Net.Http.HttpConnection.SendAsync(HttpRequestMessage request, Boolean async, CancellationToken cancellationToken)
   at System.Net.Http.AuthenticationHelper.SendWithNtAuthAsync(HttpRequestMessage request, Uri authUri, Boolean async, ICredentials credentials, Boolean isProxyAuth, HttpConnection connection, HttpConnectionPool connectionPool, CancellationToken cancellationToken)
   at System.Net.Http.HttpConnectionPool.SendWithVersionDetectionAndRetryAsync(HttpRequestMessage request, Boolean async, Boolean doRequestAuth, CancellationToken cancellationToken)
   at System.Net.Http.AuthenticationHelper.SendWithAuthAsync(HttpRequestMessage request, Uri authUri, Boolean async, ICredentials credentials, Boolean preAuthenticate, Boolean isProxyAuth, Boolean doRequestAuth, HttpConnectionPool pool, CancellationToken cancellationToken)
   at System.Net.Http.RedirectHandler.SendAsync(HttpRequestMessage request, Boolean async, CancellationToken cancellationToken)
   at GitHub.Services.Common.RawHttpMessageHandler.SendAsync(HttpRequestMessage request, CancellationToken cancellationToken)
   at GitHub.Services.Common.VssHttpRetryMessageHandler.SendAsync(HttpRequestMessage request, CancellationToken cancellationToken)
   at System.Net.Http.HttpClient.<SendAsync>g__Core|83_0(HttpRequestMessage request, HttpCompletionOption completionOption, CancellationTokenSource cts, Boolean disposeCts, CancellationTokenSource pendingRequestsCts, CancellationToken originalCancellationToken)
[2026-10-04 03:40:25Z ERR  BrokerServer] #####################################################
[2026-10-04 03:40:25Z ERR  BrokerServer] System.IO.IOException: Unable to read data from the transport connection: The I/O operation has been aborted because of either a thread exit or an application request..
 ---> System.Net.Sockets.SocketException (995): The I/O operation has been aborted because of either a thread exit or an application request.
   --- End of inner exception stack trace ---
   at System.Net.Sockets.Socket.AwaitableSocketAsyncEventArgs.System.Threading.Tasks.Sources.IValueTaskSource<System.Int32>.GetResult(Int16 token)
   at System.Net.Security.SslStream.EnsureFullTlsFrameAsync[TIOAdapter](CancellationToken cancellationToken, Int32 estimatedSize)
   at System.Runtime.CompilerServices.PoolingAsyncValueTaskMethodBuilder`1.StateMachineBox`1.System.Threading.Tasks.Sources.IValueTaskSource<TResult>.GetResult(Int16 token)
   at System.Net.Security.SslStream.ReadAsyncInternal[TIOAdapter](Memory`1 buffer, CancellationToken cancellationToken)
   at System.Runtime.CompilerServices.PoolingAsyncValueTaskMethodBuilder`1.StateMachineBox`1.System.Threading.Tasks.Sources.IValueTaskSource<TResult>.GetResult(Int16 token)
   at System.Net.Http.HttpConnection.<EnsureReadAheadTaskHasStarted>g__ReadAheadWithZeroByteReadAsync|40_0()
   at System.Net.Http.HttpConnection.SendAsync(HttpRequestMessage request, Boolean async, CancellationToken cancellationToken)
[2026-10-04 03:40:25Z ERR  BrokerServer] #####################################################
[2026-10-04 03:40:25Z ERR  BrokerServer] System.Net.Sockets.SocketException (995): The I/O operation has been aborted because of either a thread exit or an application request.
[2026-10-04 03:40:25Z WARN BrokerServer] Back off 8.606 seconds before next retry. 4 attempt left.
[2026-10-04 03:40:25Z INFO BrokerMessageListener] Get messages has been cancelled using local token source. Continue to get messages with new status.
[2026-10-04 03:40:26Z INFO BrokerMessageListener] Acknowledging runner request '5d26a4fa-eda8-5e2e-b006-139032ac88ae'.
[2026-10-04 03:40:26Z INFO ConfigurationStore] HasCredentials()
[2026-10-04 03:40:26Z INFO ConfigurationStore] stored True
[2026-10-04 03:40:26Z INFO CredentialManager] GetCredentialProvider
[2026-10-04 03:40:26Z INFO CredentialManager] Creating type OAuth
[2026-10-04 03:40:26Z INFO CredentialManager] Creating credential type: OAuth
[2026-10-04 03:40:26Z INFO RSAEncryptedFileKeyManager] Loading RSA key parameters from file C:\Users\chella\Desktop\devopsassignment\devops-assignment\actions-runner\.credentials_rsaparams
[2026-10-04 03:40:26Z INFO RSAEncryptedFileKeyManager] Loading RSA key parameters from file C:\Users\chella\Desktop\devopsassignment\devops-assignment\actions-runner\.credentials_rsaparams
[2026-10-04 03:40:26Z INFO RSAEncryptedFileKeyManager] Loading RSA key parameters from file C:\Users\chella\Desktop\devopsassignment\devops-assignment\actions-runner\.credentials_rsaparams
[2026-10-04 03:40:27Z INFO GitHubActionsService] AAD Correlation ID for this token request: Unknown
[2026-10-04 03:40:28Z INFO JobDispatcher] Job request 0 for plan b491ff55-9456-811e-b8f8-d98a69507e9b job 5d26a4fa-eda8-5e2e-b006-139032ac88ae received.
[2026-10-04 03:40:28Z INFO JobDispatcher] Pull OrchestrationId b491ff55-9456-811e-b8f8-d98a69507e9b.trigger-jenkins.__default from JWT claims
[2026-10-04 03:40:28Z INFO BrokerMessageListener] Received job status event. JobState: Busy
[2026-10-04 03:40:28Z INFO BrokerMessageListener] _getMessagesTokenSource is already disposed.
[2026-10-04 03:40:28Z INFO JobDispatcher] Job request 25020bd5-6a02-5c21-b10a-18eacae473eb processed succeed.
[2026-10-04 03:40:28Z INFO Terminal] WRITE LINE: 2026-10-04 03:40:28Z: Running job: trigger-jenkins
[2026-10-04 03:40:28Z INFO JobDispatcher] Start renew job request 0 for job 5d26a4fa-eda8-5e2e-b006-139032ac88ae.
[2026-10-04 03:40:28Z INFO JobDispatcher] Successfully renew job 5d26a4fa-eda8-5e2e-b006-139032ac88ae, job is valid till 04-10-2026 03:50:29
[2026-10-04 03:40:28Z INFO HostContext] Well known directory 'Bin': 'C:\Users\chella\Desktop\devopsassignment\devops-assignment\actions-runner\bin'
[2026-10-04 03:40:28Z INFO ProcessInvokerWrapper] Starting process:
[2026-10-04 03:40:28Z INFO ProcessInvokerWrapper]   File name: 'C:\Users\chella\Desktop\devopsassignment\devops-assignment\actions-runner\bin\Runner.Worker.exe'
[2026-10-04 03:40:28Z INFO ProcessInvokerWrapper]   Arguments: 'spawnclient 2804 2788'
[2026-10-04 03:40:28Z INFO ProcessInvokerWrapper]   Working directory: 'C:\Users\chella\Desktop\devopsassignment\devops-assignment\actions-runner\bin'
[2026-10-04 03:40:28Z INFO ProcessInvokerWrapper]   Require exit code zero: 'False'
[2026-10-04 03:40:28Z INFO ProcessInvokerWrapper]   Encoding web name:  ; code page: ''
[2026-10-04 03:40:28Z INFO ProcessInvokerWrapper]   Force kill process on cancellation: 'True'
[2026-10-04 03:40:28Z INFO ProcessInvokerWrapper]   Redirected STDIN: 'False'
[2026-10-04 03:40:28Z INFO ProcessInvokerWrapper]   Persist current code page: 'False'
[2026-10-04 03:40:28Z INFO ProcessInvokerWrapper]   Keep redirected STDIN open: 'False'
[2026-10-04 03:40:28Z INFO ProcessInvokerWrapper]   High priority process: 'True'
[2026-10-04 03:40:28Z INFO ProcessInvokerWrapper] Process started with process id 27676, waiting for process exit.
[2026-10-04 03:40:28Z INFO JobDispatcher] Send job request message to worker for job 5d26a4fa-eda8-5e2e-b006-139032ac88ae.
[2026-10-04 03:40:28Z INFO ProcessChannel] Sending message of length 24398, with hash '2ae0e95dcf7e5aa7d9023f88318dd7cdcd4dfd60707c5677741eb895673ad8cc'
[2026-10-04 03:40:29Z INFO JobNotification] Entering JobStarted Notification
[2026-10-04 03:40:29Z INFO JobNotification] Entering StartMonitor
[2026-10-04 03:40:36Z INFO ProcessInvokerWrapper] STDOUT/STDERR stream read finished.
[2026-10-04 03:40:36Z INFO ProcessInvokerWrapper] STDOUT/STDERR stream read finished.
[2026-10-04 03:40:36Z INFO ProcessInvokerWrapper] Finished process 27676 with exit code 100, and elapsed time 00:00:07.8665607.
[2026-10-04 03:40:36Z INFO JobDispatcher] Worker finished for job 5d26a4fa-eda8-5e2e-b006-139032ac88ae. Code: 100
[2026-10-04 03:40:36Z INFO JobDispatcher] finish job request for job 5d26a4fa-eda8-5e2e-b006-139032ac88ae with result: Succeeded
[2026-10-04 03:40:36Z INFO Terminal] WRITE LINE: 2026-10-04 03:40:36Z: Job trigger-jenkins completed with result: Succeeded
[2026-10-04 03:40:36Z INFO JobDispatcher] Stop renew job request for job 5d26a4fa-eda8-5e2e-b006-139032ac88ae.
[2026-10-04 03:40:36Z INFO JobDispatcher] job renew has been cancelled, stop renew job 5d26a4fa-eda8-5e2e-b006-139032ac88ae.
[2026-10-04 03:40:36Z INFO JobNotification] Entering JobCompleted Notification
[2026-10-04 03:40:36Z INFO JobNotification] Entering EndMonitor
[2026-10-04 03:40:36Z INFO BrokerMessageListener] Received job status event. JobState: Online
[2026-10-04 03:40:36Z WARN GitHubActionsService] GET request to https://broker.actions.githubusercontent.com/message?sessionId=a47dfb11-058d-4927-8f6d-b9690a996ac2&status=Busy&runnerVersion=2.337.0&os=Windows&architecture=X64&disableUpdate=false has been cancelled.
[2026-10-04 03:40:36Z ERR  BrokerServer] Catch exception during request
[2026-10-04 03:40:36Z ERR  BrokerServer] System.Threading.Tasks.TaskCanceledException: The operation was canceled.
 ---> System.Threading.Tasks.TaskCanceledException: The operation was canceled.
 ---> System.IO.IOException: Unable to read data from the transport connection: The I/O operation has been aborted because of either a thread exit or an application request..
 ---> System.Net.Sockets.SocketException (995): The I/O operation has been aborted because of either a thread exit or an application request.
   --- End of inner exception stack trace ---
   at System.Net.Sockets.Socket.AwaitableSocketAsyncEventArgs.System.Threading.Tasks.Sources.IValueTaskSource<System.Int32>.GetResult(Int16 token)
   at System.Net.Security.SslStream.EnsureFullTlsFrameAsync[TIOAdapter](CancellationToken cancellationToken, Int32 estimatedSize)
   at System.Runtime.CompilerServices.PoolingAsyncValueTaskMethodBuilder`1.StateMachineBox`1.System.Threading.Tasks.Sources.IValueTaskSource<TResult>.GetResult(Int16 token)
   at System.Net.Security.SslStream.ReadAsyncInternal[TIOAdapter](Memory`1 buffer, CancellationToken cancellationToken)
   at System.Runtime.CompilerServices.PoolingAsyncValueTaskMethodBuilder`1.StateMachineBox`1.System.Threading.Tasks.Sources.IValueTaskSource<TResult>.GetResult(Int16 token)
   at System.Net.Http.HttpConnection.SendAsync(HttpRequestMessage request, Boolean async, CancellationToken cancellationToken)
   --- End of inner exception stack trace ---
   at System.Net.Http.HttpConnection.SendAsync(HttpRequestMessage request, Boolean async, CancellationToken cancellationToken)
   at System.Net.Http.AuthenticationHelper.SendWithNtAuthAsync(HttpRequestMessage request, Uri authUri, Boolean async, ICredentials credentials, Boolean isProxyAuth, HttpConnection connection, HttpConnectionPool connectionPool, CancellationToken cancellationToken)
   at System.Net.Http.HttpConnectionPool.SendWithVersionDetectionAndRetryAsync(HttpRequestMessage request, Boolean async, Boolean doRequestAuth, CancellationToken cancellationToken)
   at System.Net.Http.AuthenticationHelper.SendWithAuthAsync(HttpRequestMessage request, Uri authUri, Boolean async, ICredentials credentials, Boolean preAuthenticate, Boolean isProxyAuth, Boolean doRequestAuth, HttpConnectionPool pool, CancellationToken cancellationToken)
   at System.Net.Http.RedirectHandler.SendAsync(HttpRequestMessage request, Boolean async, CancellationToken cancellationToken)
   at GitHub.Services.Common.RawHttpMessageHandler.SendAsync(HttpRequestMessage request, CancellationToken cancellationToken)
   at GitHub.Services.Common.VssHttpRetryMessageHandler.SendAsync(HttpRequestMessage request, CancellationToken cancellationToken)
   at System.Net.Http.HttpClient.<SendAsync>g__Core|83_0(HttpRequestMessage request, HttpCompletionOption completionOption, CancellationTokenSource cts, Boolean disposeCts, CancellationTokenSource pendingRequestsCts, CancellationToken originalCancellationToken)
   --- End of inner exception stack trace ---
   at System.Net.Http.HttpClient.HandleFailure(Exception e, Boolean telemetryStarted, HttpResponseMessage response, CancellationTokenSource cts, CancellationToken cancellationToken, CancellationTokenSource pendingRequestsCts)
   at System.Net.Http.HttpClient.<SendAsync>g__Core|83_0(HttpRequestMessage request, HttpCompletionOption completionOption, CancellationTokenSource cts, Boolean disposeCts, CancellationTokenSource pendingRequestsCts, CancellationToken originalCancellationToken)
   at Sdk.WebApi.WebApi.RawHttpClientBase.SendAsync(HttpRequestMessage message, HttpCompletionOption completionOption, Object userState, CancellationToken cancellationToken)
   at Sdk.WebApi.WebApi.RawHttpClientBase.SendAsync[T](HttpRequestMessage message, Boolean readErrorBody, Object userState, CancellationToken cancellationToken)
   at Sdk.WebApi.WebApi.RawHttpClientBase.SendAsync[T](HttpMethod method, IEnumerable`1 additionalHeaders, Uri requestUri, HttpContent content, IEnumerable`1 queryParameters, Boolean readErrorBody, Object userState, CancellationToken cancellationToken)
   at GitHub.Actions.RunService.WebApi.BrokerHttpClient.GetRunnerMessageAsync(Nullable`1 sessionId, String runnerVersion, Nullable`1 status, String os, String architecture, Nullable`1 disableUpdate, CancellationToken cancellationToken)
   at GitHub.Runner.Common.BrokerServer.<>c__DisplayClass7_0.<<GetRunnerMessageAsync>b__0>d.MoveNext()
--- End of stack trace from previous location ---
   at GitHub.Runner.Common.RunnerService.RetryRequest[T](Func`1 func, CancellationToken cancellationToken, Int32 maxAttempts, Func`2 shouldRetry)
[2026-10-04 03:40:36Z ERR  BrokerServer] #####################################################
[2026-10-04 03:40:36Z ERR  BrokerServer] System.Threading.Tasks.TaskCanceledException: The operation was canceled.
 ---> System.IO.IOException: Unable to read data from the transport connection: The I/O operation has been aborted because of either a thread exit or an application request..
 ---> System.Net.Sockets.SocketException (995): The I/O operation has been aborted because of either a thread exit or an application request.
   --- End of inner exception stack trace ---
   at System.Net.Sockets.Socket.AwaitableSocketAsyncEventArgs.System.Threading.Tasks.Sources.IValueTaskSource<System.Int32>.GetResult(Int16 token)
   at System.Net.Security.SslStream.EnsureFullTlsFrameAsync[TIOAdapter](CancellationToken cancellationToken, Int32 estimatedSize)
   at System.Runtime.CompilerServices.PoolingAsyncValueTaskMethodBuilder`1.StateMachineBox`1.System.Threading.Tasks.Sources.IValueTaskSource<TResult>.GetResult(Int16 token)
   at System.Net.Security.SslStream.ReadAsyncInternal[TIOAdapter](Memory`1 buffer, CancellationToken cancellationToken)
   at System.Runtime.CompilerServices.PoolingAsyncValueTaskMethodBuilder`1.StateMachineBox`1.System.Threading.Tasks.Sources.IValueTaskSource<TResult>.GetResult(Int16 token)
   at System.Net.Http.HttpConnection.SendAsync(HttpRequestMessage request, Boolean async, CancellationToken cancellationToken)
   --- End of inner exception stack trace ---
   at System.Net.Http.HttpConnection.SendAsync(HttpRequestMessage request, Boolean async, CancellationToken cancellationToken)
   at System.Net.Http.AuthenticationHelper.SendWithNtAuthAsync(HttpRequestMessage request, Uri authUri, Boolean async, ICredentials credentials, Boolean isProxyAuth, HttpConnection connection, HttpConnectionPool connectionPool, CancellationToken cancellationToken)
   at System.Net.Http.HttpConnectionPool.SendWithVersionDetectionAndRetryAsync(HttpRequestMessage request, Boolean async, Boolean doRequestAuth, CancellationToken cancellationToken)
   at System.Net.Http.AuthenticationHelper.SendWithAuthAsync(HttpRequestMessage request, Uri authUri, Boolean async, ICredentials credentials, Boolean preAuthenticate, Boolean isProxyAuth, Boolean doRequestAuth, HttpConnectionPool pool, CancellationToken cancellationToken)
   at System.Net.Http.RedirectHandler.SendAsync(HttpRequestMessage request, Boolean async, CancellationToken cancellationToken)
   at GitHub.Services.Common.RawHttpMessageHandler.SendAsync(HttpRequestMessage request, CancellationToken cancellationToken)
   at GitHub.Services.Common.VssHttpRetryMessageHandler.SendAsync(HttpRequestMessage request, CancellationToken cancellationToken)
   at System.Net.Http.HttpClient.<SendAsync>g__Core|83_0(HttpRequestMessage request, HttpCompletionOption completionOption, CancellationTokenSource cts, Boolean disposeCts, CancellationTokenSource pendingRequestsCts, CancellationToken originalCancellationToken)
[2026-10-04 03:40:36Z ERR  BrokerServer] #####################################################
[2026-10-04 03:40:36Z ERR  BrokerServer] System.IO.IOException: Unable to read data from the transport connection: The I/O operation has been aborted because of either a thread exit or an application request..
 ---> System.Net.Sockets.SocketException (995): The I/O operation has been aborted because of either a thread exit or an application request.
   --- End of inner exception stack trace ---
   at System.Net.Sockets.Socket.AwaitableSocketAsyncEventArgs.System.Threading.Tasks.Sources.IValueTaskSource<System.Int32>.GetResult(Int16 token)
   at System.Net.Security.SslStream.EnsureFullTlsFrameAsync[TIOAdapter](CancellationToken cancellationToken, Int32 estimatedSize)
   at System.Runtime.CompilerServices.PoolingAsyncValueTaskMethodBuilder`1.StateMachineBox`1.System.Threading.Tasks.Sources.IValueTaskSource<TResult>.GetResult(Int16 token)
   at System.Net.Security.SslStream.ReadAsyncInternal[TIOAdapter](Memory`1 buffer, CancellationToken cancellationToken)
   at System.Runtime.CompilerServices.PoolingAsyncValueTaskMethodBuilder`1.StateMachineBox`1.System.Threading.Tasks.Sources.IValueTaskSource<TResult>.GetResult(Int16 token)
   at System.Net.Http.HttpConnection.SendAsync(HttpRequestMessage request, Boolean async, CancellationToken cancellationToken)
[2026-10-04 03:40:36Z ERR  BrokerServer] #####################################################
[2026-10-04 03:40:36Z ERR  BrokerServer] System.Net.Sockets.SocketException (995): The I/O operation has been aborted because of either a thread exit or an application request.
[2026-10-04 03:40:36Z WARN BrokerServer] Back off 9.675 seconds before next retry. 4 attempt left.
[2026-10-04 03:40:36Z INFO BrokerMessageListener] Get messages has been cancelled using local token source. Continue to get messages with new status.
[2026-10-04 03:54:16Z INFO BrokerMessageListener] Acknowledging runner request '6d0230dc-75e5-53dc-8706-65b46c5e2d5d'.
[2026-10-04 03:54:16Z INFO ConfigurationStore] HasCredentials()
[2026-10-04 03:54:16Z INFO ConfigurationStore] stored True
[2026-10-04 03:54:16Z INFO CredentialManager] GetCredentialProvider
[2026-10-04 03:54:16Z INFO CredentialManager] Creating type OAuth
[2026-10-04 03:54:16Z INFO CredentialManager] Creating credential type: OAuth
[2026-10-04 03:54:16Z INFO RSAEncryptedFileKeyManager] Loading RSA key parameters from file C:\Users\chella\Desktop\devopsassignment\devops-assignment\actions-runner\.credentials_rsaparams
[2026-10-04 03:54:16Z INFO RSAEncryptedFileKeyManager] Loading RSA key parameters from file C:\Users\chella\Desktop\devopsassignment\devops-assignment\actions-runner\.credentials_rsaparams
[2026-10-04 03:54:16Z INFO RSAEncryptedFileKeyManager] Loading RSA key parameters from file C:\Users\chella\Desktop\devopsassignment\devops-assignment\actions-runner\.credentials_rsaparams
[2026-10-04 03:54:17Z INFO GitHubActionsService] AAD Correlation ID for this token request: Unknown
[2026-10-04 03:54:18Z INFO JobDispatcher] Job request 0 for plan 2c513d61-dd66-85fc-92c7-7129ef6de4f2 job 6d0230dc-75e5-53dc-8706-65b46c5e2d5d received.
[2026-10-04 03:54:18Z INFO JobDispatcher] Pull OrchestrationId 2c513d61-dd66-85fc-92c7-7129ef6de4f2.trigger-jenkins.__default from JWT claims
[2026-10-04 03:54:18Z INFO BrokerMessageListener] Received job status event. JobState: Busy
[2026-10-04 03:54:18Z INFO BrokerMessageListener] _getMessagesTokenSource is already disposed.
[2026-10-04 03:54:18Z INFO JobDispatcher] Job request 5d26a4fa-eda8-5e2e-b006-139032ac88ae processed succeed.
[2026-10-04 03:54:18Z INFO Terminal] WRITE LINE: 2026-10-04 03:54:18Z: Running job: Trigger Jenkins Pipeline
[2026-10-04 03:54:18Z INFO JobDispatcher] Start renew job request 0 for job 6d0230dc-75e5-53dc-8706-65b46c5e2d5d.
[2026-10-04 03:54:19Z INFO JobDispatcher] Successfully renew job 6d0230dc-75e5-53dc-8706-65b46c5e2d5d, job is valid till 04-10-2026 04:04:20
[2026-10-04 03:54:19Z INFO HostContext] Well known directory 'Bin': 'C:\Users\chella\Desktop\devopsassignment\devops-assignment\actions-runner\bin'
[2026-10-04 03:54:19Z INFO ProcessInvokerWrapper] Starting process:
[2026-10-04 03:54:19Z INFO ProcessInvokerWrapper]   File name: 'C:\Users\chella\Desktop\devopsassignment\devops-assignment\actions-runner\bin\Runner.Worker.exe'
[2026-10-04 03:54:19Z INFO ProcessInvokerWrapper]   Arguments: 'spawnclient 2980 2908'
[2026-10-04 03:54:19Z INFO ProcessInvokerWrapper]   Working directory: 'C:\Users\chella\Desktop\devopsassignment\devops-assignment\actions-runner\bin'
[2026-10-04 03:54:19Z INFO ProcessInvokerWrapper]   Require exit code zero: 'False'
[2026-10-04 03:54:19Z INFO ProcessInvokerWrapper]   Encoding web name:  ; code page: ''
[2026-10-04 03:54:19Z INFO ProcessInvokerWrapper]   Force kill process on cancellation: 'True'
[2026-10-04 03:54:19Z INFO ProcessInvokerWrapper]   Redirected STDIN: 'False'
[2026-10-04 03:54:19Z INFO ProcessInvokerWrapper]   Persist current code page: 'False'
[2026-10-04 03:54:19Z INFO ProcessInvokerWrapper]   Keep redirected STDIN open: 'False'
[2026-10-04 03:54:19Z INFO ProcessInvokerWrapper]   High priority process: 'True'
[2026-10-04 03:54:19Z INFO ProcessInvokerWrapper] Process started with process id 29624, waiting for process exit.
[2026-10-04 03:54:19Z INFO JobDispatcher] Send job request message to worker for job 6d0230dc-75e5-53dc-8706-65b46c5e2d5d.
[2026-10-04 03:54:19Z INFO ProcessChannel] Sending message of length 24346, with hash 'fcac7aa2d117084f3910fd785096902c3c7b96bb1616a6d319636c312622b28c'
[2026-10-04 03:54:19Z INFO JobNotification] Entering JobStarted Notification
[2026-10-04 03:54:19Z INFO JobNotification] Entering StartMonitor
[2026-10-04 03:54:27Z INFO ProcessInvokerWrapper] STDOUT/STDERR stream read finished.
[2026-10-04 03:54:27Z INFO ProcessInvokerWrapper] STDOUT/STDERR stream read finished.
[2026-10-04 03:54:27Z INFO ProcessInvokerWrapper] Finished process 29624 with exit code 100, and elapsed time 00:00:07.3833884.
[2026-10-04 03:54:27Z INFO JobDispatcher] Worker finished for job 6d0230dc-75e5-53dc-8706-65b46c5e2d5d. Code: 100
[2026-10-04 03:54:27Z INFO JobDispatcher] finish job request for job 6d0230dc-75e5-53dc-8706-65b46c5e2d5d with result: Succeeded
[2026-10-04 03:54:27Z INFO Terminal] WRITE LINE: 2026-10-04 03:54:27Z: Job Trigger Jenkins Pipeline completed with result: Succeeded
[2026-10-04 03:54:27Z INFO JobDispatcher] Stop renew job request for job 6d0230dc-75e5-53dc-8706-65b46c5e2d5d.
[2026-10-04 03:54:27Z INFO JobDispatcher] job renew has been cancelled, stop renew job 6d0230dc-75e5-53dc-8706-65b46c5e2d5d.
[2026-10-04 03:54:27Z INFO JobNotification] Entering JobCompleted Notification
[2026-10-04 03:54:27Z INFO JobNotification] Entering EndMonitor
[2026-10-04 03:54:27Z INFO BrokerMessageListener] Received job status event. JobState: Online
[2026-10-04 03:54:27Z WARN GitHubActionsService] GET request to https://broker.actions.githubusercontent.com/message?sessionId=a47dfb11-058d-4927-8f6d-b9690a996ac2&status=Busy&runnerVersion=2.337.0&os=Windows&architecture=X64&disableUpdate=false has been cancelled.
[2026-10-04 03:54:27Z ERR  BrokerServer] Catch exception during request
[2026-10-04 03:54:27Z ERR  BrokerServer] System.Threading.Tasks.TaskCanceledException: The operation was canceled.
 ---> System.Threading.Tasks.TaskCanceledException: The operation was canceled.
 ---> System.IO.IOException: Unable to read data from the transport connection: The I/O operation has been aborted because of either a thread exit or an application request..
 ---> System.Net.Sockets.SocketException (995): The I/O operation has been aborted because of either a thread exit or an application request.
   --- End of inner exception stack trace ---
   at System.Net.Sockets.Socket.AwaitableSocketAsyncEventArgs.System.Threading.Tasks.Sources.IValueTaskSource<System.Int32>.GetResult(Int16 token)
   at System.Net.Security.SslStream.EnsureFullTlsFrameAsync[TIOAdapter](CancellationToken cancellationToken, Int32 estimatedSize)
   at System.Runtime.CompilerServices.PoolingAsyncValueTaskMethodBuilder`1.StateMachineBox`1.System.Threading.Tasks.Sources.IValueTaskSource<TResult>.GetResult(Int16 token)
   at System.Net.Security.SslStream.ReadAsyncInternal[TIOAdapter](Memory`1 buffer, CancellationToken cancellationToken)
   at System.Runtime.CompilerServices.PoolingAsyncValueTaskMethodBuilder`1.StateMachineBox`1.System.Threading.Tasks.Sources.IValueTaskSource<TResult>.GetResult(Int16 token)
   at System.Net.Http.HttpConnection.SendAsync(HttpRequestMessage request, Boolean async, CancellationToken cancellationToken)
   --- End of inner exception stack trace ---
   at System.Net.Http.HttpConnection.SendAsync(HttpRequestMessage request, Boolean async, CancellationToken cancellationToken)
   at System.Net.Http.AuthenticationHelper.SendWithNtAuthAsync(HttpRequestMessage request, Uri authUri, Boolean async, ICredentials credentials, Boolean isProxyAuth, HttpConnection connection, HttpConnectionPool connectionPool, CancellationToken cancellationToken)
   at System.Net.Http.HttpConnectionPool.SendWithVersionDetectionAndRetryAsync(HttpRequestMessage request, Boolean async, Boolean doRequestAuth, CancellationToken cancellationToken)
   at System.Net.Http.AuthenticationHelper.SendWithAuthAsync(HttpRequestMessage request, Uri authUri, Boolean async, ICredentials credentials, Boolean preAuthenticate, Boolean isProxyAuth, Boolean doRequestAuth, HttpConnectionPool pool, CancellationToken cancellationToken)
   at System.Net.Http.RedirectHandler.SendAsync(HttpRequestMessage request, Boolean async, CancellationToken cancellationToken)
   at GitHub.Services.Common.RawHttpMessageHandler.SendAsync(HttpRequestMessage request, CancellationToken cancellationToken)
   at GitHub.Services.Common.VssHttpRetryMessageHandler.SendAsync(HttpRequestMessage request, CancellationToken cancellationToken)
   at System.Net.Http.HttpClient.<SendAsync>g__Core|83_0(HttpRequestMessage request, HttpCompletionOption completionOption, CancellationTokenSource cts, Boolean disposeCts, CancellationTokenSource pendingRequestsCts, CancellationToken originalCancellationToken)
   --- End of inner exception stack trace ---
   at System.Net.Http.HttpClient.HandleFailure(Exception e, Boolean telemetryStarted, HttpResponseMessage response, CancellationTokenSource cts, CancellationToken cancellationToken, CancellationTokenSource pendingRequestsCts)
   at System.Net.Http.HttpClient.<SendAsync>g__Core|83_0(HttpRequestMessage request, HttpCompletionOption completionOption, CancellationTokenSource cts, Boolean disposeCts, CancellationTokenSource pendingRequestsCts, CancellationToken originalCancellationToken)
   at Sdk.WebApi.WebApi.RawHttpClientBase.SendAsync(HttpRequestMessage message, HttpCompletionOption completionOption, Object userState, CancellationToken cancellationToken)
   at Sdk.WebApi.WebApi.RawHttpClientBase.SendAsync[T](HttpRequestMessage message, Boolean readErrorBody, Object userState, CancellationToken cancellationToken)
   at Sdk.WebApi.WebApi.RawHttpClientBase.SendAsync[T](HttpMethod method, IEnumerable`1 additionalHeaders, Uri requestUri, HttpContent content, IEnumerable`1 queryParameters, Boolean readErrorBody, Object userState, CancellationToken cancellationToken)
   at GitHub.Actions.RunService.WebApi.BrokerHttpClient.GetRunnerMessageAsync(Nullable`1 sessionId, String runnerVersion, Nullable`1 status, String os, String architecture, Nullable`1 disableUpdate, CancellationToken cancellationToken)
   at GitHub.Runner.Common.BrokerServer.<>c__DisplayClass7_0.<<GetRunnerMessageAsync>b__0>d.MoveNext()
--- End of stack trace from previous location ---
   at GitHub.Runner.Common.RunnerService.RetryRequest[T](Func`1 func, CancellationToken cancellationToken, Int32 maxAttempts, Func`2 shouldRetry)
[2026-10-04 03:54:27Z ERR  BrokerServer] #####################################################
[2026-10-04 03:54:27Z ERR  BrokerServer] System.Threading.Tasks.TaskCanceledException: The operation was canceled.
 ---> System.IO.IOException: Unable to read data from the transport connection: The I/O operation has been aborted because of either a thread exit or an application request..
 ---> System.Net.Sockets.SocketException (995): The I/O operation has been aborted because of either a thread exit or an application request.
   --- End of inner exception stack trace ---
   at System.Net.Sockets.Socket.AwaitableSocketAsyncEventArgs.System.Threading.Tasks.Sources.IValueTaskSource<System.Int32>.GetResult(Int16 token)
   at System.Net.Security.SslStream.EnsureFullTlsFrameAsync[TIOAdapter](CancellationToken cancellationToken, Int32 estimatedSize)
   at System.Runtime.CompilerServices.PoolingAsyncValueTaskMethodBuilder`1.StateMachineBox`1.System.Threading.Tasks.Sources.IValueTaskSource<TResult>.GetResult(Int16 token)
   at System.Net.Security.SslStream.ReadAsyncInternal[TIOAdapter](Memory`1 buffer, CancellationToken cancellationToken)
   at System.Runtime.CompilerServices.PoolingAsyncValueTaskMethodBuilder`1.StateMachineBox`1.System.Threading.Tasks.Sources.IValueTaskSource<TResult>.GetResult(Int16 token)
   at System.Net.Http.HttpConnection.SendAsync(HttpRequestMessage request, Boolean async, CancellationToken cancellationToken)
   --- End of inner exception stack trace ---
   at System.Net.Http.HttpConnection.SendAsync(HttpRequestMessage request, Boolean async, CancellationToken cancellationToken)
   at System.Net.Http.AuthenticationHelper.SendWithNtAuthAsync(HttpRequestMessage request, Uri authUri, Boolean async, ICredentials credentials, Boolean isProxyAuth, HttpConnection connection, HttpConnectionPool connectionPool, CancellationToken cancellationToken)
   at System.Net.Http.HttpConnectionPool.SendWithVersionDetectionAndRetryAsync(HttpRequestMessage request, Boolean async, Boolean doRequestAuth, CancellationToken cancellationToken)
   at System.Net.Http.AuthenticationHelper.SendWithAuthAsync(HttpRequestMessage request, Uri authUri, Boolean async, ICredentials credentials, Boolean preAuthenticate, Boolean isProxyAuth, Boolean doRequestAuth, HttpConnectionPool pool, CancellationToken cancellationToken)
   at System.Net.Http.RedirectHandler.SendAsync(HttpRequestMessage request, Boolean async, CancellationToken cancellationToken)
   at GitHub.Services.Common.RawHttpMessageHandler.SendAsync(HttpRequestMessage request, CancellationToken cancellationToken)
   at GitHub.Services.Common.VssHttpRetryMessageHandler.SendAsync(HttpRequestMessage request, CancellationToken cancellationToken)
   at System.Net.Http.HttpClient.<SendAsync>g__Core|83_0(HttpRequestMessage request, HttpCompletionOption completionOption, CancellationTokenSource cts, Boolean disposeCts, CancellationTokenSource pendingRequestsCts, CancellationToken originalCancellationToken)
[2026-10-04 03:54:27Z ERR  BrokerServer] #####################################################
[2026-10-04 03:54:27Z ERR  BrokerServer] System.IO.IOException: Unable to read data from the transport connection: The I/O operation has been aborted because of either a thread exit or an application request..
 ---> System.Net.Sockets.SocketException (995): The I/O operation has been aborted because of either a thread exit or an application request.
   --- End of inner exception stack trace ---
   at System.Net.Sockets.Socket.AwaitableSocketAsyncEventArgs.System.Threading.Tasks.Sources.IValueTaskSource<System.Int32>.GetResult(Int16 token)
   at System.Net.Security.SslStream.EnsureFullTlsFrameAsync[TIOAdapter](CancellationToken cancellationToken, Int32 estimatedSize)
   at System.Runtime.CompilerServices.PoolingAsyncValueTaskMethodBuilder`1.StateMachineBox`1.System.Threading.Tasks.Sources.IValueTaskSource<TResult>.GetResult(Int16 token)
   at System.Net.Security.SslStream.ReadAsyncInternal[TIOAdapter](Memory`1 buffer, CancellationToken cancellationToken)
   at System.Runtime.CompilerServices.PoolingAsyncValueTaskMethodBuilder`1.StateMachineBox`1.System.Threading.Tasks.Sources.IValueTaskSource<TResult>.GetResult(Int16 token)
   at System.Net.Http.HttpConnection.SendAsync(HttpRequestMessage request, Boolean async, CancellationToken cancellationToken)
[2026-10-04 03:54:27Z ERR  BrokerServer] #####################################################
[2026-10-04 03:54:27Z ERR  BrokerServer] System.Net.Sockets.SocketException (995): The I/O operation has been aborted because of either a thread exit or an application request.
[2026-10-04 03:54:27Z WARN BrokerServer] Back off 6.104 seconds before next retry. 4 attempt left.
[2026-10-04 03:54:27Z INFO BrokerMessageListener] Get messages has been cancelled using local token source. Continue to get messages with new status.
[2026-10-04 03:54:27Z INFO BrokerMessageListener] Acknowledging runner request '76965fdf-1a97-5ed8-a2e1-5e4b0cb0ca6c'.
[2026-10-04 03:54:27Z INFO ConfigurationStore] HasCredentials()
[2026-10-04 03:54:27Z INFO ConfigurationStore] stored True
[2026-10-04 03:54:27Z INFO CredentialManager] GetCredentialProvider
[2026-10-04 03:54:27Z INFO CredentialManager] Creating type OAuth
[2026-10-04 03:54:27Z INFO CredentialManager] Creating credential type: OAuth
[2026-10-04 03:54:27Z INFO RSAEncryptedFileKeyManager] Loading RSA key parameters from file C:\Users\chella\Desktop\devopsassignment\devops-assignment\actions-runner\.credentials_rsaparams
[2026-10-04 03:54:27Z INFO RSAEncryptedFileKeyManager] Loading RSA key parameters from file C:\Users\chella\Desktop\devopsassignment\devops-assignment\actions-runner\.credentials_rsaparams
[2026-10-04 03:54:27Z INFO RSAEncryptedFileKeyManager] Loading RSA key parameters from file C:\Users\chella\Desktop\devopsassignment\devops-assignment\actions-runner\.credentials_rsaparams
[2026-10-04 03:54:28Z INFO GitHubActionsService] AAD Correlation ID for this token request: Unknown
[2026-10-04 03:54:29Z INFO JobDispatcher] Job request 0 for plan 9378f157-ceb7-84d8-a9f7-9329c5a1f702 job 76965fdf-1a97-5ed8-a2e1-5e4b0cb0ca6c received.
[2026-10-04 03:54:29Z INFO JobDispatcher] Pull OrchestrationId 9378f157-ceb7-84d8-a9f7-9329c5a1f702.trigger-jenkins.__default from JWT claims
[2026-10-04 03:54:29Z INFO BrokerMessageListener] Received job status event. JobState: Busy
[2026-10-04 03:54:29Z INFO BrokerMessageListener] _getMessagesTokenSource is already disposed.
[2026-10-04 03:54:29Z INFO JobDispatcher] Job request 6d0230dc-75e5-53dc-8706-65b46c5e2d5d processed succeed.
[2026-10-04 03:54:29Z INFO Terminal] WRITE LINE: 2026-10-04 03:54:29Z: Running job: trigger-jenkins
[2026-10-04 03:54:29Z INFO JobDispatcher] Start renew job request 0 for job 76965fdf-1a97-5ed8-a2e1-5e4b0cb0ca6c.
[2026-10-04 03:54:30Z INFO JobDispatcher] Successfully renew job 76965fdf-1a97-5ed8-a2e1-5e4b0cb0ca6c, job is valid till 04-10-2026 04:04:31
[2026-10-04 03:54:30Z INFO HostContext] Well known directory 'Bin': 'C:\Users\chella\Desktop\devopsassignment\devops-assignment\actions-runner\bin'
[2026-10-04 03:54:30Z INFO ProcessInvokerWrapper] Starting process:
[2026-10-04 03:54:30Z INFO ProcessInvokerWrapper]   File name: 'C:\Users\chella\Desktop\devopsassignment\devops-assignment\actions-runner\bin\Runner.Worker.exe'
[2026-10-04 03:54:30Z INFO ProcessInvokerWrapper]   Arguments: 'spawnclient 1216 2728'
[2026-10-04 03:54:30Z INFO ProcessInvokerWrapper]   Working directory: 'C:\Users\chella\Desktop\devopsassignment\devops-assignment\actions-runner\bin'
[2026-10-04 03:54:30Z INFO ProcessInvokerWrapper]   Require exit code zero: 'False'
[2026-10-04 03:54:30Z INFO ProcessInvokerWrapper]   Encoding web name:  ; code page: ''
[2026-10-04 03:54:30Z INFO ProcessInvokerWrapper]   Force kill process on cancellation: 'True'
[2026-10-04 03:54:30Z INFO ProcessInvokerWrapper]   Redirected STDIN: 'False'
[2026-10-04 03:54:30Z INFO ProcessInvokerWrapper]   Persist current code page: 'False'
[2026-10-04 03:54:30Z INFO ProcessInvokerWrapper]   Keep redirected STDIN open: 'False'
[2026-10-04 03:54:30Z INFO ProcessInvokerWrapper]   High priority process: 'True'
[2026-10-04 03:54:30Z INFO ProcessInvokerWrapper] Process started with process id 25668, waiting for process exit.
[2026-10-04 03:54:30Z INFO JobDispatcher] Send job request message to worker for job 76965fdf-1a97-5ed8-a2e1-5e4b0cb0ca6c.
[2026-10-04 03:54:30Z INFO ProcessChannel] Sending message of length 24379, with hash '892f555856e4bee0a0412da490081b0963c8df8d94e7439dfe91d222edd398f4'
[2026-10-04 03:54:30Z INFO JobNotification] Entering JobStarted Notification
[2026-10-04 03:54:30Z INFO JobNotification] Entering StartMonitor
[2026-10-04 03:54:38Z INFO ProcessInvokerWrapper] STDOUT/STDERR stream read finished.
[2026-10-04 03:54:38Z INFO ProcessInvokerWrapper] STDOUT/STDERR stream read finished.
[2026-10-04 03:54:38Z INFO ProcessInvokerWrapper] Finished process 25668 with exit code 100, and elapsed time 00:00:08.1521280.
[2026-10-04 03:54:38Z INFO JobDispatcher] Worker finished for job 76965fdf-1a97-5ed8-a2e1-5e4b0cb0ca6c. Code: 100
[2026-10-04 03:54:38Z INFO JobDispatcher] finish job request for job 76965fdf-1a97-5ed8-a2e1-5e4b0cb0ca6c with result: Succeeded
[2026-10-04 03:54:38Z INFO Terminal] WRITE LINE: 2026-10-04 03:54:38Z: Job trigger-jenkins completed with result: Succeeded
[2026-10-04 03:54:38Z INFO JobDispatcher] Stop renew job request for job 76965fdf-1a97-5ed8-a2e1-5e4b0cb0ca6c.
[2026-10-04 03:54:38Z INFO JobDispatcher] job renew has been cancelled, stop renew job 76965fdf-1a97-5ed8-a2e1-5e4b0cb0ca6c.
[2026-10-04 03:54:38Z INFO JobNotification] Entering JobCompleted Notification
[2026-10-04 03:54:38Z INFO JobNotification] Entering EndMonitor
[2026-10-04 03:54:38Z INFO BrokerMessageListener] Received job status event. JobState: Online
[2026-10-04 03:54:38Z WARN GitHubActionsService] GET request to https://broker.actions.githubusercontent.com/message?sessionId=a47dfb11-058d-4927-8f6d-b9690a996ac2&status=Busy&runnerVersion=2.337.0&os=Windows&architecture=X64&disableUpdate=false has been cancelled.
[2026-10-04 03:54:38Z ERR  BrokerServer] Catch exception during request
[2026-10-04 03:54:38Z ERR  BrokerServer] System.Threading.Tasks.TaskCanceledException: The operation was canceled.
 ---> System.Threading.Tasks.TaskCanceledException: The operation was canceled.
 ---> System.IO.IOException: Unable to read data from the transport connection: The I/O operation has been aborted because of either a thread exit or an application request..
 ---> System.Net.Sockets.SocketException (995): The I/O operation has been aborted because of either a thread exit or an application request.
   --- End of inner exception stack trace ---
   at System.Net.Sockets.Socket.AwaitableSocketAsyncEventArgs.System.Threading.Tasks.Sources.IValueTaskSource<System.Int32>.GetResult(Int16 token)
   at System.Net.Security.SslStream.EnsureFullTlsFrameAsync[TIOAdapter](CancellationToken cancellationToken, Int32 estimatedSize)
   at System.Runtime.CompilerServices.PoolingAsyncValueTaskMethodBuilder`1.StateMachineBox`1.System.Threading.Tasks.Sources.IValueTaskSource<TResult>.GetResult(Int16 token)
   at System.Net.Security.SslStream.ReadAsyncInternal[TIOAdapter](Memory`1 buffer, CancellationToken cancellationToken)
   at System.Runtime.CompilerServices.PoolingAsyncValueTaskMethodBuilder`1.StateMachineBox`1.System.Threading.Tasks.Sources.IValueTaskSource<TResult>.GetResult(Int16 token)
   at System.Net.Http.HttpConnection.SendAsync(HttpRequestMessage request, Boolean async, CancellationToken cancellationToken)
   --- End of inner exception stack trace ---
   at System.Net.Http.HttpConnection.SendAsync(HttpRequestMessage request, Boolean async, CancellationToken cancellationToken)
   at System.Net.Http.AuthenticationHelper.SendWithNtAuthAsync(HttpRequestMessage request, Uri authUri, Boolean async, ICredentials credentials, Boolean isProxyAuth, HttpConnection connection, HttpConnectionPool connectionPool, CancellationToken cancellationToken)
   at System.Net.Http.HttpConnectionPool.SendWithVersionDetectionAndRetryAsync(HttpRequestMessage request, Boolean async, Boolean doRequestAuth, CancellationToken cancellationToken)
   at System.Net.Http.AuthenticationHelper.SendWithAuthAsync(HttpRequestMessage request, Uri authUri, Boolean async, ICredentials credentials, Boolean preAuthenticate, Boolean isProxyAuth, Boolean doRequestAuth, HttpConnectionPool pool, CancellationToken cancellationToken)
   at System.Net.Http.RedirectHandler.SendAsync(HttpRequestMessage request, Boolean async, CancellationToken cancellationToken)
   at GitHub.Services.Common.RawHttpMessageHandler.SendAsync(HttpRequestMessage request, CancellationToken cancellationToken)
   at GitHub.Services.Common.VssHttpRetryMessageHandler.SendAsync(HttpRequestMessage request, CancellationToken cancellationToken)
   at System.Net.Http.HttpClient.<SendAsync>g__Core|83_0(HttpRequestMessage request, HttpCompletionOption completionOption, CancellationTokenSource cts, Boolean disposeCts, CancellationTokenSource pendingRequestsCts, CancellationToken originalCancellationToken)
   --- End of inner exception stack trace ---
   at System.Net.Http.HttpClient.HandleFailure(Exception e, Boolean telemetryStarted, HttpResponseMessage response, CancellationTokenSource cts, CancellationToken cancellationToken, CancellationTokenSource pendingRequestsCts)
   at System.Net.Http.HttpClient.<SendAsync>g__Core|83_0(HttpRequestMessage request, HttpCompletionOption completionOption, CancellationTokenSource cts, Boolean disposeCts, CancellationTokenSource pendingRequestsCts, CancellationToken originalCancellationToken)
   at Sdk.WebApi.WebApi.RawHttpClientBase.SendAsync(HttpRequestMessage message, HttpCompletionOption completionOption, Object userState, CancellationToken cancellationToken)
   at Sdk.WebApi.WebApi.RawHttpClientBase.SendAsync[T](HttpRequestMessage message, Boolean readErrorBody, Object userState, CancellationToken cancellationToken)
   at Sdk.WebApi.WebApi.RawHttpClientBase.SendAsync[T](HttpMethod method, IEnumerable`1 additionalHeaders, Uri requestUri, HttpContent content, IEnumerable`1 queryParameters, Boolean readErrorBody, Object userState, CancellationToken cancellationToken)
   at GitHub.Actions.RunService.WebApi.BrokerHttpClient.GetRunnerMessageAsync(Nullable`1 sessionId, String runnerVersion, Nullable`1 status, String os, String architecture, Nullable`1 disableUpdate, CancellationToken cancellationToken)
   at GitHub.Runner.Common.BrokerServer.<>c__DisplayClass7_0.<<GetRunnerMessageAsync>b__0>d.MoveNext()
--- End of stack trace from previous location ---
   at GitHub.Runner.Common.RunnerService.RetryRequest[T](Func`1 func, CancellationToken cancellationToken, Int32 maxAttempts, Func`2 shouldRetry)
[2026-10-04 03:54:38Z ERR  BrokerServer] #####################################################
[2026-10-04 03:54:38Z ERR  BrokerServer] System.Threading.Tasks.TaskCanceledException: The operation was canceled.
 ---> System.IO.IOException: Unable to read data from the transport connection: The I/O operation has been aborted because of either a thread exit or an application request..
 ---> System.Net.Sockets.SocketException (995): The I/O operation has been aborted because of either a thread exit or an application request.
   --- End of inner exception stack trace ---
   at System.Net.Sockets.Socket.AwaitableSocketAsyncEventArgs.System.Threading.Tasks.Sources.IValueTaskSource<System.Int32>.GetResult(Int16 token)
   at System.Net.Security.SslStream.EnsureFullTlsFrameAsync[TIOAdapter](CancellationToken cancellationToken, Int32 estimatedSize)
   at System.Runtime.CompilerServices.PoolingAsyncValueTaskMethodBuilder`1.StateMachineBox`1.System.Threading.Tasks.Sources.IValueTaskSource<TResult>.GetResult(Int16 token)
   at System.Net.Security.SslStream.ReadAsyncInternal[TIOAdapter](Memory`1 buffer, CancellationToken cancellationToken)
   at System.Runtime.CompilerServices.PoolingAsyncValueTaskMethodBuilder`1.StateMachineBox`1.System.Threading.Tasks.Sources.IValueTaskSource<TResult>.GetResult(Int16 token)
   at System.Net.Http.HttpConnection.SendAsync(HttpRequestMessage request, Boolean async, CancellationToken cancellationToken)
   --- End of inner exception stack trace ---
   at System.Net.Http.HttpConnection.SendAsync(HttpRequestMessage request, Boolean async, CancellationToken cancellationToken)
   at System.Net.Http.AuthenticationHelper.SendWithNtAuthAsync(HttpRequestMessage request, Uri authUri, Boolean async, ICredentials credentials, Boolean isProxyAuth, HttpConnection connection, HttpConnectionPool connectionPool, CancellationToken cancellationToken)
   at System.Net.Http.HttpConnectionPool.SendWithVersionDetectionAndRetryAsync(HttpRequestMessage request, Boolean async, Boolean doRequestAuth, CancellationToken cancellationToken)
   at System.Net.Http.AuthenticationHelper.SendWithAuthAsync(HttpRequestMessage request, Uri authUri, Boolean async, ICredentials credentials, Boolean preAuthenticate, Boolean isProxyAuth, Boolean doRequestAuth, HttpConnectionPool pool, CancellationToken cancellationToken)
   at System.Net.Http.RedirectHandler.SendAsync(HttpRequestMessage request, Boolean async, CancellationToken cancellationToken)
   at GitHub.Services.Common.RawHttpMessageHandler.SendAsync(HttpRequestMessage request, CancellationToken cancellationToken)
   at GitHub.Services.Common.VssHttpRetryMessageHandler.SendAsync(HttpRequestMessage request, CancellationToken cancellationToken)
   at System.Net.Http.HttpClient.<SendAsync>g__Core|83_0(HttpRequestMessage request, HttpCompletionOption completionOption, CancellationTokenSource cts, Boolean disposeCts, CancellationTokenSource pendingRequestsCts, CancellationToken originalCancellationToken)
[2026-10-04 03:54:38Z ERR  BrokerServer] #####################################################
[2026-10-04 03:54:38Z ERR  BrokerServer] System.IO.IOException: Unable to read data from the transport connection: The I/O operation has been aborted because of either a thread exit or an application request..
 ---> System.Net.Sockets.SocketException (995): The I/O operation has been aborted because of either a thread exit or an application request.
   --- End of inner exception stack trace ---
   at System.Net.Sockets.Socket.AwaitableSocketAsyncEventArgs.System.Threading.Tasks.Sources.IValueTaskSource<System.Int32>.GetResult(Int16 token)
   at System.Net.Security.SslStream.EnsureFullTlsFrameAsync[TIOAdapter](CancellationToken cancellationToken, Int32 estimatedSize)
   at System.Runtime.CompilerServices.PoolingAsyncValueTaskMethodBuilder`1.StateMachineBox`1.System.Threading.Tasks.Sources.IValueTaskSource<TResult>.GetResult(Int16 token)
   at System.Net.Security.SslStream.ReadAsyncInternal[TIOAdapter](Memory`1 buffer, CancellationToken cancellationToken)
   at System.Runtime.CompilerServices.PoolingAsyncValueTaskMethodBuilder`1.StateMachineBox`1.System.Threading.Tasks.Sources.IValueTaskSource<TResult>.GetResult(Int16 token)
   at System.Net.Http.HttpConnection.SendAsync(HttpRequestMessage request, Boolean async, CancellationToken cancellationToken)
[2026-10-04 03:54:38Z ERR  BrokerServer] #####################################################
[2026-10-04 03:54:38Z ERR  BrokerServer] System.Net.Sockets.SocketException (995): The I/O operation has been aborted because of either a thread exit or an application request.
[2026-10-04 03:54:38Z WARN BrokerServer] Back off 5.305 seconds before next retry. 4 attempt left.
[2026-10-04 03:54:38Z INFO BrokerMessageListener] Get messages has been cancelled using local token source. Continue to get messages with new status.
[2026-10-04 03:58:34Z INFO BrokerMessageListener] Acknowledging runner request '85e0feba-0304-585f-b1b4-6650f5549ebc'.
[2026-10-04 03:58:34Z INFO ConfigurationStore] HasCredentials()
[2026-10-04 03:58:34Z INFO ConfigurationStore] stored True
[2026-10-04 03:58:34Z INFO CredentialManager] GetCredentialProvider
[2026-10-04 03:58:34Z INFO CredentialManager] Creating type OAuth
[2026-10-04 03:58:34Z INFO CredentialManager] Creating credential type: OAuth
[2026-10-04 03:58:34Z INFO RSAEncryptedFileKeyManager] Loading RSA key parameters from file C:\Users\chella\Desktop\devopsassignment\devops-assignment\actions-runner\.credentials_rsaparams
[2026-10-04 03:58:34Z INFO RSAEncryptedFileKeyManager] Loading RSA key parameters from file C:\Users\chella\Desktop\devopsassignment\devops-assignment\actions-runner\.credentials_rsaparams
[2026-10-04 03:58:34Z INFO RSAEncryptedFileKeyManager] Loading RSA key parameters from file C:\Users\chella\Desktop\devopsassignment\devops-assignment\actions-runner\.credentials_rsaparams
[2026-10-04 03:58:35Z INFO GitHubActionsService] AAD Correlation ID for this token request: Unknown
[2026-10-04 03:58:36Z INFO JobDispatcher] Job request 0 for plan 6c4b82f5-db8f-8cc3-af46-3585423b4036 job 85e0feba-0304-585f-b1b4-6650f5549ebc received.
[2026-10-04 03:58:36Z INFO JobDispatcher] Pull OrchestrationId 6c4b82f5-db8f-8cc3-af46-3585423b4036.trigger-jenkins.__default from JWT claims
[2026-10-04 03:58:36Z INFO BrokerMessageListener] Received job status event. JobState: Busy
[2026-10-04 03:58:36Z INFO BrokerMessageListener] _getMessagesTokenSource is already disposed.
[2026-10-04 03:58:36Z INFO JobDispatcher] Job request 76965fdf-1a97-5ed8-a2e1-5e4b0cb0ca6c processed succeed.
[2026-10-04 03:58:36Z INFO Terminal] WRITE LINE: 2026-10-04 03:58:36Z: Running job: trigger-jenkins
[2026-10-04 03:58:36Z INFO JobDispatcher] Start renew job request 0 for job 85e0feba-0304-585f-b1b4-6650f5549ebc.
[2026-10-04 03:58:37Z INFO JobDispatcher] Successfully renew job 85e0feba-0304-585f-b1b4-6650f5549ebc, job is valid till 04-10-2026 04:08:37
[2026-10-04 03:58:37Z INFO HostContext] Well known directory 'Bin': 'C:\Users\chella\Desktop\devopsassignment\devops-assignment\actions-runner\bin'
[2026-10-04 03:58:37Z INFO ProcessInvokerWrapper] Starting process:
[2026-10-04 03:58:37Z INFO ProcessInvokerWrapper]   File name: 'C:\Users\chella\Desktop\devopsassignment\devops-assignment\actions-runner\bin\Runner.Worker.exe'
[2026-10-04 03:58:37Z INFO ProcessInvokerWrapper]   Arguments: 'spawnclient 2968 1468'
[2026-10-04 03:58:37Z INFO ProcessInvokerWrapper]   Working directory: 'C:\Users\chella\Desktop\devopsassignment\devops-assignment\actions-runner\bin'
[2026-10-04 03:58:37Z INFO ProcessInvokerWrapper]   Require exit code zero: 'False'
[2026-10-04 03:58:37Z INFO ProcessInvokerWrapper]   Encoding web name:  ; code page: ''
[2026-10-04 03:58:37Z INFO ProcessInvokerWrapper]   Force kill process on cancellation: 'True'
[2026-10-04 03:58:37Z INFO ProcessInvokerWrapper]   Redirected STDIN: 'False'
[2026-10-04 03:58:37Z INFO ProcessInvokerWrapper]   Persist current code page: 'False'
[2026-10-04 03:58:37Z INFO ProcessInvokerWrapper]   Keep redirected STDIN open: 'False'
[2026-10-04 03:58:37Z INFO ProcessInvokerWrapper]   High priority process: 'True'
[2026-10-04 03:58:37Z INFO ProcessInvokerWrapper] Process started with process id 25780, waiting for process exit.
[2026-10-04 03:58:37Z INFO JobDispatcher] Send job request message to worker for job 85e0feba-0304-585f-b1b4-6650f5549ebc.
[2026-10-04 03:58:37Z INFO ProcessChannel] Sending message of length 24405, with hash '02d990a4ddb05d7959b8356af92dbc417c6af24327c9c6130335d72307fa4e45'
[2026-10-04 03:58:37Z INFO JobNotification] Entering JobStarted Notification
[2026-10-04 03:58:37Z INFO JobNotification] Entering StartMonitor
[2026-10-04 03:58:44Z INFO ProcessInvokerWrapper] STDOUT/STDERR stream read finished.
[2026-10-04 03:58:44Z INFO ProcessInvokerWrapper] STDOUT/STDERR stream read finished.
[2026-10-04 03:58:44Z INFO ProcessInvokerWrapper] Finished process 25780 with exit code 100, and elapsed time 00:00:07.3738601.
[2026-10-04 03:58:44Z INFO JobDispatcher] Worker finished for job 85e0feba-0304-585f-b1b4-6650f5549ebc. Code: 100
[2026-10-04 03:58:44Z INFO JobDispatcher] finish job request for job 85e0feba-0304-585f-b1b4-6650f5549ebc with result: Succeeded
[2026-10-04 03:58:44Z INFO Terminal] WRITE LINE: 2026-10-04 03:58:44Z: Job trigger-jenkins completed with result: Succeeded
[2026-10-04 03:58:44Z INFO JobDispatcher] Stop renew job request for job 85e0feba-0304-585f-b1b4-6650f5549ebc.
[2026-10-04 03:58:44Z INFO JobDispatcher] job renew has been cancelled, stop renew job 85e0feba-0304-585f-b1b4-6650f5549ebc.
[2026-10-04 03:58:44Z INFO JobNotification] Entering JobCompleted Notification
[2026-10-04 03:58:44Z INFO JobNotification] Entering EndMonitor
[2026-10-04 03:58:44Z INFO BrokerMessageListener] Received job status event. JobState: Online
[2026-10-04 03:58:44Z WARN GitHubActionsService] GET request to https://broker.actions.githubusercontent.com/message?sessionId=a47dfb11-058d-4927-8f6d-b9690a996ac2&status=Busy&runnerVersion=2.337.0&os=Windows&architecture=X64&disableUpdate=false has been cancelled.
[2026-10-04 03:58:44Z ERR  BrokerServer] Catch exception during request
[2026-10-04 03:58:44Z ERR  BrokerServer] System.Threading.Tasks.TaskCanceledException: The operation was canceled.
 ---> System.Threading.Tasks.TaskCanceledException: The operation was canceled.
 ---> System.IO.IOException: Unable to read data from the transport connection: The I/O operation has been aborted because of either a thread exit or an application request..
 ---> System.Net.Sockets.SocketException (995): The I/O operation has been aborted because of either a thread exit or an application request.
   --- End of inner exception stack trace ---
   at System.Net.Sockets.Socket.AwaitableSocketAsyncEventArgs.System.Threading.Tasks.Sources.IValueTaskSource<System.Int32>.GetResult(Int16 token)
   at System.Net.Security.SslStream.EnsureFullTlsFrameAsync[TIOAdapter](CancellationToken cancellationToken, Int32 estimatedSize)
   at System.Runtime.CompilerServices.PoolingAsyncValueTaskMethodBuilder`1.StateMachineBox`1.System.Threading.Tasks.Sources.IValueTaskSource<TResult>.GetResult(Int16 token)
   at System.Net.Security.SslStream.ReadAsyncInternal[TIOAdapter](Memory`1 buffer, CancellationToken cancellationToken)
   at System.Runtime.CompilerServices.PoolingAsyncValueTaskMethodBuilder`1.StateMachineBox`1.System.Threading.Tasks.Sources.IValueTaskSource<TResult>.GetResult(Int16 token)
   at System.Net.Http.HttpConnection.SendAsync(HttpRequestMessage request, Boolean async, CancellationToken cancellationToken)
   --- End of inner exception stack trace ---
   at System.Net.Http.HttpConnection.SendAsync(HttpRequestMessage request, Boolean async, CancellationToken cancellationToken)
   at System.Net.Http.AuthenticationHelper.SendWithNtAuthAsync(HttpRequestMessage request, Uri authUri, Boolean async, ICredentials credentials, Boolean isProxyAuth, HttpConnection connection, HttpConnectionPool connectionPool, CancellationToken cancellationToken)
   at System.Net.Http.HttpConnectionPool.SendWithVersionDetectionAndRetryAsync(HttpRequestMessage request, Boolean async, Boolean doRequestAuth, CancellationToken cancellationToken)
   at System.Net.Http.AuthenticationHelper.SendWithAuthAsync(HttpRequestMessage request, Uri authUri, Boolean async, ICredentials credentials, Boolean preAuthenticate, Boolean isProxyAuth, Boolean doRequestAuth, HttpConnectionPool pool, CancellationToken cancellationToken)
   at System.Net.Http.RedirectHandler.SendAsync(HttpRequestMessage request, Boolean async, CancellationToken cancellationToken)
   at GitHub.Services.Common.RawHttpMessageHandler.SendAsync(HttpRequestMessage request, CancellationToken cancellationToken)
   at GitHub.Services.Common.VssHttpRetryMessageHandler.SendAsync(HttpRequestMessage request, CancellationToken cancellationToken)
   at System.Net.Http.HttpClient.<SendAsync>g__Core|83_0(HttpRequestMessage request, HttpCompletionOption completionOption, CancellationTokenSource cts, Boolean disposeCts, CancellationTokenSource pendingRequestsCts, CancellationToken originalCancellationToken)
   --- End of inner exception stack trace ---
   at System.Net.Http.HttpClient.HandleFailure(Exception e, Boolean telemetryStarted, HttpResponseMessage response, CancellationTokenSource cts, CancellationToken cancellationToken, CancellationTokenSource pendingRequestsCts)
   at System.Net.Http.HttpClient.<SendAsync>g__Core|83_0(HttpRequestMessage request, HttpCompletionOption completionOption, CancellationTokenSource cts, Boolean disposeCts, CancellationTokenSource pendingRequestsCts, CancellationToken originalCancellationToken)
   at Sdk.WebApi.WebApi.RawHttpClientBase.SendAsync(HttpRequestMessage message, HttpCompletionOption completionOption, Object userState, CancellationToken cancellationToken)
   at Sdk.WebApi.WebApi.RawHttpClientBase.SendAsync[T](HttpRequestMessage message, Boolean readErrorBody, Object userState, CancellationToken cancellationToken)
   at Sdk.WebApi.WebApi.RawHttpClientBase.SendAsync[T](HttpMethod method, IEnumerable`1 additionalHeaders, Uri requestUri, HttpContent content, IEnumerable`1 queryParameters, Boolean readErrorBody, Object userState, CancellationToken cancellationToken)
   at GitHub.Actions.RunService.WebApi.BrokerHttpClient.GetRunnerMessageAsync(Nullable`1 sessionId, String runnerVersion, Nullable`1 status, String os, String architecture, Nullable`1 disableUpdate, CancellationToken cancellationToken)
   at GitHub.Runner.Common.BrokerServer.<>c__DisplayClass7_0.<<GetRunnerMessageAsync>b__0>d.MoveNext()
--- End of stack trace from previous location ---
   at GitHub.Runner.Common.RunnerService.RetryRequest[T](Func`1 func, CancellationToken cancellationToken, Int32 maxAttempts, Func`2 shouldRetry)
[2026-10-04 03:58:44Z ERR  BrokerServer] #####################################################
[2026-10-04 03:58:44Z ERR  BrokerServer] System.Threading.Tasks.TaskCanceledException: The operation was canceled.
 ---> System.IO.IOException: Unable to read data from the transport connection: The I/O operation has been aborted because of either a thread exit or an application request..
 ---> System.Net.Sockets.SocketException (995): The I/O operation has been aborted because of either a thread exit or an application request.
   --- End of inner exception stack trace ---
   at System.Net.Sockets.Socket.AwaitableSocketAsyncEventArgs.System.Threading.Tasks.Sources.IValueTaskSource<System.Int32>.GetResult(Int16 token)
   at System.Net.Security.SslStream.EnsureFullTlsFrameAsync[TIOAdapter](CancellationToken cancellationToken, Int32 estimatedSize)
   at System.Runtime.CompilerServices.PoolingAsyncValueTaskMethodBuilder`1.StateMachineBox`1.System.Threading.Tasks.Sources.IValueTaskSource<TResult>.GetResult(Int16 token)
   at System.Net.Security.SslStream.ReadAsyncInternal[TIOAdapter](Memory`1 buffer, CancellationToken cancellationToken)
   at System.Runtime.CompilerServices.PoolingAsyncValueTaskMethodBuilder`1.StateMachineBox`1.System.Threading.Tasks.Sources.IValueTaskSource<TResult>.GetResult(Int16 token)
   at System.Net.Http.HttpConnection.SendAsync(HttpRequestMessage request, Boolean async, CancellationToken cancellationToken)
   --- End of inner exception stack trace ---
   at System.Net.Http.HttpConnection.SendAsync(HttpRequestMessage request, Boolean async, CancellationToken cancellationToken)
   at System.Net.Http.AuthenticationHelper.SendWithNtAuthAsync(HttpRequestMessage request, Uri authUri, Boolean async, ICredentials credentials, Boolean isProxyAuth, HttpConnection connection, HttpConnectionPool connectionPool, CancellationToken cancellationToken)
   at System.Net.Http.HttpConnectionPool.SendWithVersionDetectionAndRetryAsync(HttpRequestMessage request, Boolean async, Boolean doRequestAuth, CancellationToken cancellationToken)
   at System.Net.Http.AuthenticationHelper.SendWithAuthAsync(HttpRequestMessage request, Uri authUri, Boolean async, ICredentials credentials, Boolean preAuthenticate, Boolean isProxyAuth, Boolean doRequestAuth, HttpConnectionPool pool, CancellationToken cancellationToken)
   at System.Net.Http.RedirectHandler.SendAsync(HttpRequestMessage request, Boolean async, CancellationToken cancellationToken)
   at GitHub.Services.Common.RawHttpMessageHandler.SendAsync(HttpRequestMessage request, CancellationToken cancellationToken)
   at GitHub.Services.Common.VssHttpRetryMessageHandler.SendAsync(HttpRequestMessage request, CancellationToken cancellationToken)
   at System.Net.Http.HttpClient.<SendAsync>g__Core|83_0(HttpRequestMessage request, HttpCompletionOption completionOption, CancellationTokenSource cts, Boolean disposeCts, CancellationTokenSource pendingRequestsCts, CancellationToken originalCancellationToken)
[2026-10-04 03:58:44Z ERR  BrokerServer] #####################################################
[2026-10-04 03:58:44Z ERR  BrokerServer] System.IO.IOException: Unable to read data from the transport connection: The I/O operation has been aborted because of either a thread exit or an application request..
 ---> System.Net.Sockets.SocketException (995): The I/O operation has been aborted because of either a thread exit or an application request.
   --- End of inner exception stack trace ---
   at System.Net.Sockets.Socket.AwaitableSocketAsyncEventArgs.System.Threading.Tasks.Sources.IValueTaskSource<System.Int32>.GetResult(Int16 token)
   at System.Net.Security.SslStream.EnsureFullTlsFrameAsync[TIOAdapter](CancellationToken cancellationToken, Int32 estimatedSize)
   at System.Runtime.CompilerServices.PoolingAsyncValueTaskMethodBuilder`1.StateMachineBox`1.System.Threading.Tasks.Sources.IValueTaskSource<TResult>.GetResult(Int16 token)
   at System.Net.Security.SslStream.ReadAsyncInternal[TIOAdapter](Memory`1 buffer, CancellationToken cancellationToken)
   at System.Runtime.CompilerServices.PoolingAsyncValueTaskMethodBuilder`1.StateMachineBox`1.System.Threading.Tasks.Sources.IValueTaskSource<TResult>.GetResult(Int16 token)
   at System.Net.Http.HttpConnection.SendAsync(HttpRequestMessage request, Boolean async, CancellationToken cancellationToken)
[2026-10-04 03:58:44Z ERR  BrokerServer] #####################################################
[2026-10-04 03:58:44Z ERR  BrokerServer] System.Net.Sockets.SocketException (995): The I/O operation has been aborted because of either a thread exit or an application request.
[2026-10-04 03:58:44Z WARN BrokerServer] Back off 14.369 seconds before next retry. 4 attempt left.
[2026-10-04 03:58:44Z INFO BrokerMessageListener] Get messages has been cancelled using local token source. Continue to get messages with new status.
[2026-10-04 03:58:45Z INFO BrokerMessageListener] Acknowledging runner request '97d1c781-d162-5b88-8c5b-c73e2cddc81c'.
[2026-10-04 03:58:45Z INFO ConfigurationStore] HasCredentials()
[2026-10-04 03:58:45Z INFO ConfigurationStore] stored True
[2026-10-04 03:58:45Z INFO CredentialManager] GetCredentialProvider
[2026-10-04 03:58:45Z INFO CredentialManager] Creating type OAuth
[2026-10-04 03:58:45Z INFO CredentialManager] Creating credential type: OAuth
[2026-10-04 03:58:45Z INFO RSAEncryptedFileKeyManager] Loading RSA key parameters from file C:\Users\chella\Desktop\devopsassignment\devops-assignment\actions-runner\.credentials_rsaparams
[2026-10-04 03:58:45Z INFO RSAEncryptedFileKeyManager] Loading RSA key parameters from file C:\Users\chella\Desktop\devopsassignment\devops-assignment\actions-runner\.credentials_rsaparams
[2026-10-04 03:58:45Z INFO RSAEncryptedFileKeyManager] Loading RSA key parameters from file C:\Users\chella\Desktop\devopsassignment\devops-assignment\actions-runner\.credentials_rsaparams
[2026-10-04 03:58:46Z INFO GitHubActionsService] AAD Correlation ID for this token request: Unknown
[2026-10-04 03:58:47Z INFO JobDispatcher] Job request 0 for plan e1866754-47bd-8bc0-802b-f5b48f438256 job 97d1c781-d162-5b88-8c5b-c73e2cddc81c received.
[2026-10-04 03:58:47Z INFO JobDispatcher] Pull OrchestrationId e1866754-47bd-8bc0-802b-f5b48f438256.trigger-jenkins.__default from JWT claims
[2026-10-04 03:58:47Z INFO BrokerMessageListener] Received job status event. JobState: Busy
[2026-10-04 03:58:47Z INFO BrokerMessageListener] _getMessagesTokenSource is already disposed.
[2026-10-04 03:58:47Z INFO JobDispatcher] Job request 85e0feba-0304-585f-b1b4-6650f5549ebc processed succeed.
[2026-10-04 03:58:47Z INFO Terminal] WRITE LINE: 2026-10-04 03:58:47Z: Running job: Trigger Jenkins Pipeline
[2026-10-04 03:58:47Z INFO JobDispatcher] Start renew job request 0 for job 97d1c781-d162-5b88-8c5b-c73e2cddc81c.
[2026-10-04 03:58:48Z INFO JobDispatcher] Successfully renew job 97d1c781-d162-5b88-8c5b-c73e2cddc81c, job is valid till 04-10-2026 04:08:48
[2026-10-04 03:58:48Z INFO HostContext] Well known directory 'Bin': 'C:\Users\chella\Desktop\devopsassignment\devops-assignment\actions-runner\bin'
[2026-10-04 03:58:48Z INFO ProcessInvokerWrapper] Starting process:
[2026-10-04 03:58:48Z INFO ProcessInvokerWrapper]   File name: 'C:\Users\chella\Desktop\devopsassignment\devops-assignment\actions-runner\bin\Runner.Worker.exe'
[2026-10-04 03:58:48Z INFO ProcessInvokerWrapper]   Arguments: 'spawnclient 2564 2356'
[2026-10-04 03:58:48Z INFO ProcessInvokerWrapper]   Working directory: 'C:\Users\chella\Desktop\devopsassignment\devops-assignment\actions-runner\bin'
[2026-10-04 03:58:48Z INFO ProcessInvokerWrapper]   Require exit code zero: 'False'
[2026-10-04 03:58:48Z INFO ProcessInvokerWrapper]   Encoding web name:  ; code page: ''
[2026-10-04 03:58:48Z INFO ProcessInvokerWrapper]   Force kill process on cancellation: 'True'
[2026-10-04 03:58:48Z INFO ProcessInvokerWrapper]   Redirected STDIN: 'False'
[2026-10-04 03:58:48Z INFO ProcessInvokerWrapper]   Persist current code page: 'False'
[2026-10-04 03:58:48Z INFO ProcessInvokerWrapper]   Keep redirected STDIN open: 'False'
[2026-10-04 03:58:48Z INFO ProcessInvokerWrapper]   High priority process: 'True'
[2026-10-04 03:58:48Z INFO ProcessInvokerWrapper] Process started with process id 29524, waiting for process exit.
[2026-10-04 03:58:48Z INFO JobDispatcher] Send job request message to worker for job 97d1c781-d162-5b88-8c5b-c73e2cddc81c.
[2026-10-04 03:58:48Z INFO ProcessChannel] Sending message of length 24371, with hash 'b54632c97bc19b068388d02a3bba41dbd499cbffafb2124f9766402dd2a7d3e4'
[2026-10-04 03:58:48Z INFO JobNotification] Entering JobStarted Notification
[2026-10-04 03:58:48Z INFO JobNotification] Entering StartMonitor
[2026-10-04 03:58:56Z INFO ProcessInvokerWrapper] STDOUT/STDERR stream read finished.
[2026-10-04 03:58:56Z INFO ProcessInvokerWrapper] STDOUT/STDERR stream read finished.
[2026-10-04 03:58:56Z INFO ProcessInvokerWrapper] Finished process 29524 with exit code 100, and elapsed time 00:00:08.0958041.
[2026-10-04 03:58:56Z INFO JobDispatcher] Worker finished for job 97d1c781-d162-5b88-8c5b-c73e2cddc81c. Code: 100
[2026-10-04 03:58:56Z INFO JobDispatcher] finish job request for job 97d1c781-d162-5b88-8c5b-c73e2cddc81c with result: Succeeded
[2026-10-04 03:58:56Z INFO Terminal] WRITE LINE: 2026-10-04 03:58:56Z: Job Trigger Jenkins Pipeline completed with result: Succeeded
[2026-10-04 03:58:56Z INFO JobDispatcher] Stop renew job request for job 97d1c781-d162-5b88-8c5b-c73e2cddc81c.
[2026-10-04 03:58:56Z INFO JobDispatcher] job renew has been cancelled, stop renew job 97d1c781-d162-5b88-8c5b-c73e2cddc81c.
[2026-10-04 03:58:56Z INFO JobNotification] Entering JobCompleted Notification
[2026-10-04 03:58:56Z INFO JobNotification] Entering EndMonitor
[2026-10-04 03:58:56Z INFO BrokerMessageListener] Received job status event. JobState: Online
[2026-10-04 03:58:56Z WARN GitHubActionsService] GET request to https://broker.actions.githubusercontent.com/message?sessionId=a47dfb11-058d-4927-8f6d-b9690a996ac2&status=Busy&runnerVersion=2.337.0&os=Windows&architecture=X64&disableUpdate=false has been cancelled.
[2026-10-04 03:58:56Z ERR  BrokerServer] Catch exception during request
[2026-10-04 03:58:56Z ERR  BrokerServer] System.Threading.Tasks.TaskCanceledException: The operation was canceled.
 ---> System.Threading.Tasks.TaskCanceledException: The operation was canceled.
 ---> System.IO.IOException: Unable to read data from the transport connection: The I/O operation has been aborted because of either a thread exit or an application request..
 ---> System.Net.Sockets.SocketException (995): The I/O operation has been aborted because of either a thread exit or an application request.
   --- End of inner exception stack trace ---
   at System.Net.Sockets.Socket.AwaitableSocketAsyncEventArgs.System.Threading.Tasks.Sources.IValueTaskSource<System.Int32>.GetResult(Int16 token)
   at System.Net.Security.SslStream.EnsureFullTlsFrameAsync[TIOAdapter](CancellationToken cancellationToken, Int32 estimatedSize)
   at System.Runtime.CompilerServices.PoolingAsyncValueTaskMethodBuilder`1.StateMachineBox`1.System.Threading.Tasks.Sources.IValueTaskSource<TResult>.GetResult(Int16 token)
   at System.Net.Security.SslStream.ReadAsyncInternal[TIOAdapter](Memory`1 buffer, CancellationToken cancellationToken)
   at System.Runtime.CompilerServices.PoolingAsyncValueTaskMethodBuilder`1.StateMachineBox`1.System.Threading.Tasks.Sources.IValueTaskSource<TResult>.GetResult(Int16 token)
   at System.Net.Http.HttpConnection.<EnsureReadAheadTaskHasStarted>g__ReadAheadWithZeroByteReadAsync|40_0()
   at System.Net.Http.HttpConnection.SendAsync(HttpRequestMessage request, Boolean async, CancellationToken cancellationToken)
   --- End of inner exception stack trace ---
   at System.Net.Http.HttpConnection.SendAsync(HttpRequestMessage request, Boolean async, CancellationToken cancellationToken)
   at System.Net.Http.AuthenticationHelper.SendWithNtAuthAsync(HttpRequestMessage request, Uri authUri, Boolean async, ICredentials credentials, Boolean isProxyAuth, HttpConnection connection, HttpConnectionPool connectionPool, CancellationToken cancellationToken)
   at System.Net.Http.HttpConnectionPool.SendWithVersionDetectionAndRetryAsync(HttpRequestMessage request, Boolean async, Boolean doRequestAuth, CancellationToken cancellationToken)
   at System.Net.Http.AuthenticationHelper.SendWithAuthAsync(HttpRequestMessage request, Uri authUri, Boolean async, ICredentials credentials, Boolean preAuthenticate, Boolean isProxyAuth, Boolean doRequestAuth, HttpConnectionPool pool, CancellationToken cancellationToken)
   at System.Net.Http.RedirectHandler.SendAsync(HttpRequestMessage request, Boolean async, CancellationToken cancellationToken)
   at GitHub.Services.Common.RawHttpMessageHandler.SendAsync(HttpRequestMessage request, CancellationToken cancellationToken)
   at GitHub.Services.Common.VssHttpRetryMessageHandler.SendAsync(HttpRequestMessage request, CancellationToken cancellationToken)
   at System.Net.Http.HttpClient.<SendAsync>g__Core|83_0(HttpRequestMessage request, HttpCompletionOption completionOption, CancellationTokenSource cts, Boolean disposeCts, CancellationTokenSource pendingRequestsCts, CancellationToken originalCancellationToken)
   --- End of inner exception stack trace ---
   at System.Net.Http.HttpClient.HandleFailure(Exception e, Boolean telemetryStarted, HttpResponseMessage response, CancellationTokenSource cts, CancellationToken cancellationToken, CancellationTokenSource pendingRequestsCts)
   at System.Net.Http.HttpClient.<SendAsync>g__Core|83_0(HttpRequestMessage request, HttpCompletionOption completionOption, CancellationTokenSource cts, Boolean disposeCts, CancellationTokenSource pendingRequestsCts, CancellationToken originalCancellationToken)
   at Sdk.WebApi.WebApi.RawHttpClientBase.SendAsync(HttpRequestMessage message, HttpCompletionOption completionOption, Object userState, CancellationToken cancellationToken)
   at Sdk.WebApi.WebApi.RawHttpClientBase.SendAsync[T](HttpRequestMessage message, Boolean readErrorBody, Object userState, CancellationToken cancellationToken)
   at Sdk.WebApi.WebApi.RawHttpClientBase.SendAsync[T](HttpMethod method, IEnumerable`1 additionalHeaders, Uri requestUri, HttpContent content, IEnumerable`1 queryParameters, Boolean readErrorBody, Object userState, CancellationToken cancellationToken)
   at GitHub.Actions.RunService.WebApi.BrokerHttpClient.GetRunnerMessageAsync(Nullable`1 sessionId, String runnerVersion, Nullable`1 status, String os, String architecture, Nullable`1 disableUpdate, CancellationToken cancellationToken)
   at GitHub.Runner.Common.BrokerServer.<>c__DisplayClass7_0.<<GetRunnerMessageAsync>b__0>d.MoveNext()
--- End of stack trace from previous location ---
   at GitHub.Runner.Common.RunnerService.RetryRequest[T](Func`1 func, CancellationToken cancellationToken, Int32 maxAttempts, Func`2 shouldRetry)
[2026-10-04 03:58:56Z ERR  BrokerServer] #####################################################
[2026-10-04 03:58:56Z ERR  BrokerServer] System.Threading.Tasks.TaskCanceledException: The operation was canceled.
 ---> System.IO.IOException: Unable to read data from the transport connection: The I/O operation has been aborted because of either a thread exit or an application request..
 ---> System.Net.Sockets.SocketException (995): The I/O operation has been aborted because of either a thread exit or an application request.
   --- End of inner exception stack trace ---
   at System.Net.Sockets.Socket.AwaitableSocketAsyncEventArgs.System.Threading.Tasks.Sources.IValueTaskSource<System.Int32>.GetResult(Int16 token)
   at System.Net.Security.SslStream.EnsureFullTlsFrameAsync[TIOAdapter](CancellationToken cancellationToken, Int32 estimatedSize)
   at System.Runtime.CompilerServices.PoolingAsyncValueTaskMethodBuilder`1.StateMachineBox`1.System.Threading.Tasks.Sources.IValueTaskSource<TResult>.GetResult(Int16 token)
   at System.Net.Security.SslStream.ReadAsyncInternal[TIOAdapter](Memory`1 buffer, CancellationToken cancellationToken)
   at System.Runtime.CompilerServices.PoolingAsyncValueTaskMethodBuilder`1.StateMachineBox`1.System.Threading.Tasks.Sources.IValueTaskSource<TResult>.GetResult(Int16 token)
   at System.Net.Http.HttpConnection.<EnsureReadAheadTaskHasStarted>g__ReadAheadWithZeroByteReadAsync|40_0()
   at System.Net.Http.HttpConnection.SendAsync(HttpRequestMessage request, Boolean async, CancellationToken cancellationToken)
   --- End of inner exception stack trace ---
   at System.Net.Http.HttpConnection.SendAsync(HttpRequestMessage request, Boolean async, CancellationToken cancellationToken)
   at System.Net.Http.AuthenticationHelper.SendWithNtAuthAsync(HttpRequestMessage request, Uri authUri, Boolean async, ICredentials credentials, Boolean isProxyAuth, HttpConnection connection, HttpConnectionPool connectionPool, CancellationToken cancellationToken)
   at System.Net.Http.HttpConnectionPool.SendWithVersionDetectionAndRetryAsync(HttpRequestMessage request, Boolean async, Boolean doRequestAuth, CancellationToken cancellationToken)
   at System.Net.Http.AuthenticationHelper.SendWithAuthAsync(HttpRequestMessage request, Uri authUri, Boolean async, ICredentials credentials, Boolean preAuthenticate, Boolean isProxyAuth, Boolean doRequestAuth, HttpConnectionPool pool, CancellationToken cancellationToken)
   at System.Net.Http.RedirectHandler.SendAsync(HttpRequestMessage request, Boolean async, CancellationToken cancellationToken)
   at GitHub.Services.Common.RawHttpMessageHandler.SendAsync(HttpRequestMessage request, CancellationToken cancellationToken)
   at GitHub.Services.Common.VssHttpRetryMessageHandler.SendAsync(HttpRequestMessage request, CancellationToken cancellationToken)
   at System.Net.Http.HttpClient.<SendAsync>g__Core|83_0(HttpRequestMessage request, HttpCompletionOption completionOption, CancellationTokenSource cts, Boolean disposeCts, CancellationTokenSource pendingRequestsCts, CancellationToken originalCancellationToken)
[2026-10-04 03:58:56Z ERR  BrokerServer] #####################################################
[2026-10-04 03:58:56Z ERR  BrokerServer] System.IO.IOException: Unable to read data from the transport connection: The I/O operation has been aborted because of either a thread exit or an application request..
 ---> System.Net.Sockets.SocketException (995): The I/O operation has been aborted because of either a thread exit or an application request.
   --- End of inner exception stack trace ---
   at System.Net.Sockets.Socket.AwaitableSocketAsyncEventArgs.System.Threading.Tasks.Sources.IValueTaskSource<System.Int32>.GetResult(Int16 token)
   at System.Net.Security.SslStream.EnsureFullTlsFrameAsync[TIOAdapter](CancellationToken cancellationToken, Int32 estimatedSize)
   at System.Runtime.CompilerServices.PoolingAsyncValueTaskMethodBuilder`1.StateMachineBox`1.System.Threading.Tasks.Sources.IValueTaskSource<TResult>.GetResult(Int16 token)
   at System.Net.Security.SslStream.ReadAsyncInternal[TIOAdapter](Memory`1 buffer, CancellationToken cancellationToken)
   at System.Runtime.CompilerServices.PoolingAsyncValueTaskMethodBuilder`1.StateMachineBox`1.System.Threading.Tasks.Sources.IValueTaskSource<TResult>.GetResult(Int16 token)
   at System.Net.Http.HttpConnection.<EnsureReadAheadTaskHasStarted>g__ReadAheadWithZeroByteReadAsync|40_0()
   at System.Net.Http.HttpConnection.SendAsync(HttpRequestMessage request, Boolean async, CancellationToken cancellationToken)
[2026-10-04 03:58:56Z ERR  BrokerServer] #####################################################
[2026-10-04 03:58:56Z ERR  BrokerServer] System.Net.Sockets.SocketException (995): The I/O operation has been aborted because of either a thread exit or an application request.
[2026-10-04 03:58:56Z WARN BrokerServer] Back off 10.184 seconds before next retry. 4 attempt left.
[2026-10-04 03:58:56Z INFO BrokerMessageListener] Get messages has been cancelled using local token source. Continue to get messages with new status.
[2026-10-04 04:02:18Z INFO BrokerMessageListener] Acknowledging runner request 'd60b45fb-6d55-564b-9d05-db96203d3d2d'.
[2026-10-04 04:02:18Z INFO ConfigurationStore] HasCredentials()
[2026-10-04 04:02:18Z INFO ConfigurationStore] stored True
[2026-10-04 04:02:18Z INFO CredentialManager] GetCredentialProvider
[2026-10-04 04:02:18Z INFO CredentialManager] Creating type OAuth
[2026-10-04 04:02:18Z INFO CredentialManager] Creating credential type: OAuth
[2026-10-04 04:02:18Z INFO RSAEncryptedFileKeyManager] Loading RSA key parameters from file C:\Users\chella\Desktop\devopsassignment\devops-assignment\actions-runner\.credentials_rsaparams
[2026-10-04 04:02:18Z INFO RSAEncryptedFileKeyManager] Loading RSA key parameters from file C:\Users\chella\Desktop\devopsassignment\devops-assignment\actions-runner\.credentials_rsaparams
[2026-10-04 04:02:18Z INFO RSAEncryptedFileKeyManager] Loading RSA key parameters from file C:\Users\chella\Desktop\devopsassignment\devops-assignment\actions-runner\.credentials_rsaparams
[2026-10-04 04:02:19Z INFO GitHubActionsService] AAD Correlation ID for this token request: Unknown
[2026-10-04 04:02:20Z INFO JobDispatcher] Job request 0 for plan 1e1179b3-a6fd-8e74-b085-b75fb9cbaf3e job d60b45fb-6d55-564b-9d05-db96203d3d2d received.
[2026-10-04 04:02:20Z INFO JobDispatcher] Pull OrchestrationId 1e1179b3-a6fd-8e74-b085-b75fb9cbaf3e.trigger-jenkins.__default from JWT claims
[2026-10-04 04:02:20Z INFO BrokerMessageListener] Received job status event. JobState: Busy
[2026-10-04 04:02:20Z INFO BrokerMessageListener] _getMessagesTokenSource is already disposed.
[2026-10-04 04:02:20Z INFO JobDispatcher] Job request 97d1c781-d162-5b88-8c5b-c73e2cddc81c processed succeed.
[2026-10-04 04:02:20Z INFO Terminal] WRITE LINE: 2026-10-04 04:02:20Z: Running job: Trigger Jenkins Pipeline
[2026-10-04 04:02:20Z INFO JobDispatcher] Start renew job request 0 for job d60b45fb-6d55-564b-9d05-db96203d3d2d.
[2026-10-04 04:02:21Z INFO JobDispatcher] Successfully renew job d60b45fb-6d55-564b-9d05-db96203d3d2d, job is valid till 04-10-2026 04:12:21
[2026-10-04 04:02:21Z INFO HostContext] Well known directory 'Bin': 'C:\Users\chella\Desktop\devopsassignment\devops-assignment\actions-runner\bin'
[2026-10-04 04:02:21Z INFO ProcessInvokerWrapper] Starting process:
[2026-10-04 04:02:21Z INFO ProcessInvokerWrapper]   File name: 'C:\Users\chella\Desktop\devopsassignment\devops-assignment\actions-runner\bin\Runner.Worker.exe'
[2026-10-04 04:02:21Z INFO ProcessInvokerWrapper]   Arguments: 'spawnclient 2580 1936'
[2026-10-04 04:02:21Z INFO ProcessInvokerWrapper]   Working directory: 'C:\Users\chella\Desktop\devopsassignment\devops-assignment\actions-runner\bin'
[2026-10-04 04:02:21Z INFO ProcessInvokerWrapper]   Require exit code zero: 'False'
[2026-10-04 04:02:21Z INFO ProcessInvokerWrapper]   Encoding web name:  ; code page: ''
[2026-10-04 04:02:21Z INFO ProcessInvokerWrapper]   Force kill process on cancellation: 'True'
[2026-10-04 04:02:21Z INFO ProcessInvokerWrapper]   Redirected STDIN: 'False'
[2026-10-04 04:02:21Z INFO ProcessInvokerWrapper]   Persist current code page: 'False'
[2026-10-04 04:02:21Z INFO ProcessInvokerWrapper]   Keep redirected STDIN open: 'False'
[2026-10-04 04:02:21Z INFO ProcessInvokerWrapper]   High priority process: 'True'
[2026-10-04 04:02:21Z INFO ProcessInvokerWrapper] Process started with process id 26340, waiting for process exit.
[2026-10-04 04:02:21Z INFO JobDispatcher] Send job request message to worker for job d60b45fb-6d55-564b-9d05-db96203d3d2d.
[2026-10-04 04:02:21Z INFO ProcessChannel] Sending message of length 24384, with hash '2c3ee66da8abf43b7ef4ea72c9405ee44a7f073748d1ea7c3b5fe8cb2cbf79f1'
[2026-10-04 04:02:21Z INFO JobNotification] Entering JobStarted Notification
[2026-10-04 04:02:21Z INFO JobNotification] Entering StartMonitor
[2026-10-04 04:02:28Z INFO ProcessInvokerWrapper] STDOUT/STDERR stream read finished.
[2026-10-04 04:02:28Z INFO ProcessInvokerWrapper] STDOUT/STDERR stream read finished.
[2026-10-04 04:02:28Z INFO ProcessInvokerWrapper] Finished process 26340 with exit code 100, and elapsed time 00:00:07.8454082.
[2026-10-04 04:02:28Z INFO JobDispatcher] Worker finished for job d60b45fb-6d55-564b-9d05-db96203d3d2d. Code: 100
[2026-10-04 04:02:28Z INFO JobDispatcher] finish job request for job d60b45fb-6d55-564b-9d05-db96203d3d2d with result: Succeeded
[2026-10-04 04:02:28Z INFO Terminal] WRITE LINE: 2026-10-04 04:02:28Z: Job Trigger Jenkins Pipeline completed with result: Succeeded
[2026-10-04 04:02:28Z INFO JobDispatcher] Stop renew job request for job d60b45fb-6d55-564b-9d05-db96203d3d2d.
[2026-10-04 04:02:28Z INFO JobDispatcher] job renew has been cancelled, stop renew job d60b45fb-6d55-564b-9d05-db96203d3d2d.
[2026-10-04 04:02:28Z INFO JobNotification] Entering JobCompleted Notification
[2026-10-04 04:02:28Z INFO JobNotification] Entering EndMonitor
[2026-10-04 04:02:28Z INFO BrokerMessageListener] Received job status event. JobState: Online
[2026-10-04 04:02:28Z WARN GitHubActionsService] GET request to https://broker.actions.githubusercontent.com/message?sessionId=a47dfb11-058d-4927-8f6d-b9690a996ac2&status=Busy&runnerVersion=2.337.0&os=Windows&architecture=X64&disableUpdate=false has been cancelled.
[2026-10-04 04:02:28Z ERR  BrokerServer] Catch exception during request
[2026-10-04 04:02:28Z ERR  BrokerServer] System.Threading.Tasks.TaskCanceledException: The operation was canceled.
 ---> System.Threading.Tasks.TaskCanceledException: The operation was canceled.
 ---> System.IO.IOException: Unable to read data from the transport connection: The I/O operation has been aborted because of either a thread exit or an application request..
 ---> System.Net.Sockets.SocketException (995): The I/O operation has been aborted because of either a thread exit or an application request.
   --- End of inner exception stack trace ---
   at System.Net.Sockets.Socket.AwaitableSocketAsyncEventArgs.System.Threading.Tasks.Sources.IValueTaskSource<System.Int32>.GetResult(Int16 token)
   at System.Net.Security.SslStream.EnsureFullTlsFrameAsync[TIOAdapter](CancellationToken cancellationToken, Int32 estimatedSize)
   at System.Runtime.CompilerServices.PoolingAsyncValueTaskMethodBuilder`1.StateMachineBox`1.System.Threading.Tasks.Sources.IValueTaskSource<TResult>.GetResult(Int16 token)
   at System.Net.Security.SslStream.ReadAsyncInternal[TIOAdapter](Memory`1 buffer, CancellationToken cancellationToken)
   at System.Runtime.CompilerServices.PoolingAsyncValueTaskMethodBuilder`1.StateMachineBox`1.System.Threading.Tasks.Sources.IValueTaskSource<TResult>.GetResult(Int16 token)
   at System.Net.Http.HttpConnection.SendAsync(HttpRequestMessage request, Boolean async, CancellationToken cancellationToken)
   --- End of inner exception stack trace ---
   at System.Net.Http.HttpConnection.SendAsync(HttpRequestMessage request, Boolean async, CancellationToken cancellationToken)
   at System.Net.Http.AuthenticationHelper.SendWithNtAuthAsync(HttpRequestMessage request, Uri authUri, Boolean async, ICredentials credentials, Boolean isProxyAuth, HttpConnection connection, HttpConnectionPool connectionPool, CancellationToken cancellationToken)
   at System.Net.Http.HttpConnectionPool.SendWithVersionDetectionAndRetryAsync(HttpRequestMessage request, Boolean async, Boolean doRequestAuth, CancellationToken cancellationToken)
   at System.Net.Http.AuthenticationHelper.SendWithAuthAsync(HttpRequestMessage request, Uri authUri, Boolean async, ICredentials credentials, Boolean preAuthenticate, Boolean isProxyAuth, Boolean doRequestAuth, HttpConnectionPool pool, CancellationToken cancellationToken)
   at System.Net.Http.RedirectHandler.SendAsync(HttpRequestMessage request, Boolean async, CancellationToken cancellationToken)
   at GitHub.Services.Common.RawHttpMessageHandler.SendAsync(HttpRequestMessage request, CancellationToken cancellationToken)
   at GitHub.Services.Common.VssHttpRetryMessageHandler.SendAsync(HttpRequestMessage request, CancellationToken cancellationToken)
   at System.Net.Http.HttpClient.<SendAsync>g__Core|83_0(HttpRequestMessage request, HttpCompletionOption completionOption, CancellationTokenSource cts, Boolean disposeCts, CancellationTokenSource pendingRequestsCts, CancellationToken originalCancellationToken)
   --- End of inner exception stack trace ---
   at System.Net.Http.HttpClient.HandleFailure(Exception e, Boolean telemetryStarted, HttpResponseMessage response, CancellationTokenSource cts, CancellationToken cancellationToken, CancellationTokenSource pendingRequestsCts)
   at System.Net.Http.HttpClient.<SendAsync>g__Core|83_0(HttpRequestMessage request, HttpCompletionOption completionOption, CancellationTokenSource cts, Boolean disposeCts, CancellationTokenSource pendingRequestsCts, CancellationToken originalCancellationToken)
   at Sdk.WebApi.WebApi.RawHttpClientBase.SendAsync(HttpRequestMessage message, HttpCompletionOption completionOption, Object userState, CancellationToken cancellationToken)
   at Sdk.WebApi.WebApi.RawHttpClientBase.SendAsync[T](HttpRequestMessage message, Boolean readErrorBody, Object userState, CancellationToken cancellationToken)
   at Sdk.WebApi.WebApi.RawHttpClientBase.SendAsync[T](HttpMethod method, IEnumerable`1 additionalHeaders, Uri requestUri, HttpContent content, IEnumerable`1 queryParameters, Boolean readErrorBody, Object userState, CancellationToken cancellationToken)
   at GitHub.Actions.RunService.WebApi.BrokerHttpClient.GetRunnerMessageAsync(Nullable`1 sessionId, String runnerVersion, Nullable`1 status, String os, String architecture, Nullable`1 disableUpdate, CancellationToken cancellationToken)
   at GitHub.Runner.Common.BrokerServer.<>c__DisplayClass7_0.<<GetRunnerMessageAsync>b__0>d.MoveNext()
--- End of stack trace from previous location ---
   at GitHub.Runner.Common.RunnerService.RetryRequest[T](Func`1 func, CancellationToken cancellationToken, Int32 maxAttempts, Func`2 shouldRetry)
[2026-10-04 04:02:28Z ERR  BrokerServer] #####################################################
[2026-10-04 04:02:28Z ERR  BrokerServer] System.Threading.Tasks.TaskCanceledException: The operation was canceled.
 ---> System.IO.IOException: Unable to read data from the transport connection: The I/O operation has been aborted because of either a thread exit or an application request..
 ---> System.Net.Sockets.SocketException (995): The I/O operation has been aborted because of either a thread exit or an application request.
   --- End of inner exception stack trace ---
   at System.Net.Sockets.Socket.AwaitableSocketAsyncEventArgs.System.Threading.Tasks.Sources.IValueTaskSource<System.Int32>.GetResult(Int16 token)
   at System.Net.Security.SslStream.EnsureFullTlsFrameAsync[TIOAdapter](CancellationToken cancellationToken, Int32 estimatedSize)
   at System.Runtime.CompilerServices.PoolingAsyncValueTaskMethodBuilder`1.StateMachineBox`1.System.Threading.Tasks.Sources.IValueTaskSource<TResult>.GetResult(Int16 token)
   at System.Net.Security.SslStream.ReadAsyncInternal[TIOAdapter](Memory`1 buffer, CancellationToken cancellationToken)
   at System.Runtime.CompilerServices.PoolingAsyncValueTaskMethodBuilder`1.StateMachineBox`1.System.Threading.Tasks.Sources.IValueTaskSource<TResult>.GetResult(Int16 token)
   at System.Net.Http.HttpConnection.SendAsync(HttpRequestMessage request, Boolean async, CancellationToken cancellationToken)
   --- End of inner exception stack trace ---
   at System.Net.Http.HttpConnection.SendAsync(HttpRequestMessage request, Boolean async, CancellationToken cancellationToken)
   at System.Net.Http.AuthenticationHelper.SendWithNtAuthAsync(HttpRequestMessage request, Uri authUri, Boolean async, ICredentials credentials, Boolean isProxyAuth, HttpConnection connection, HttpConnectionPool connectionPool, CancellationToken cancellationToken)
   at System.Net.Http.HttpConnectionPool.SendWithVersionDetectionAndRetryAsync(HttpRequestMessage request, Boolean async, Boolean doRequestAuth, CancellationToken cancellationToken)
   at System.Net.Http.AuthenticationHelper.SendWithAuthAsync(HttpRequestMessage request, Uri authUri, Boolean async, ICredentials credentials, Boolean preAuthenticate, Boolean isProxyAuth, Boolean doRequestAuth, HttpConnectionPool pool, CancellationToken cancellationToken)
   at System.Net.Http.RedirectHandler.SendAsync(HttpRequestMessage request, Boolean async, CancellationToken cancellationToken)
   at GitHub.Services.Common.RawHttpMessageHandler.SendAsync(HttpRequestMessage request, CancellationToken cancellationToken)
   at GitHub.Services.Common.VssHttpRetryMessageHandler.SendAsync(HttpRequestMessage request, CancellationToken cancellationToken)
   at System.Net.Http.HttpClient.<SendAsync>g__Core|83_0(HttpRequestMessage request, HttpCompletionOption completionOption, CancellationTokenSource cts, Boolean disposeCts, CancellationTokenSource pendingRequestsCts, CancellationToken originalCancellationToken)
[2026-10-04 04:02:28Z ERR  BrokerServer] #####################################################
[2026-10-04 04:02:28Z ERR  BrokerServer] System.IO.IOException: Unable to read data from the transport connection: The I/O operation has been aborted because of either a thread exit or an application request..
 ---> System.Net.Sockets.SocketException (995): The I/O operation has been aborted because of either a thread exit or an application request.
   --- End of inner exception stack trace ---
   at System.Net.Sockets.Socket.AwaitableSocketAsyncEventArgs.System.Threading.Tasks.Sources.IValueTaskSource<System.Int32>.GetResult(Int16 token)
   at System.Net.Security.SslStream.EnsureFullTlsFrameAsync[TIOAdapter](CancellationToken cancellationToken, Int32 estimatedSize)
   at System.Runtime.CompilerServices.PoolingAsyncValueTaskMethodBuilder`1.StateMachineBox`1.System.Threading.Tasks.Sources.IValueTaskSource<TResult>.GetResult(Int16 token)
   at System.Net.Security.SslStream.ReadAsyncInternal[TIOAdapter](Memory`1 buffer, CancellationToken cancellationToken)
   at System.Runtime.CompilerServices.PoolingAsyncValueTaskMethodBuilder`1.StateMachineBox`1.System.Threading.Tasks.Sources.IValueTaskSource<TResult>.GetResult(Int16 token)
   at System.Net.Http.HttpConnection.SendAsync(HttpRequestMessage request, Boolean async, CancellationToken cancellationToken)
[2026-10-04 04:02:28Z ERR  BrokerServer] #####################################################
[2026-10-04 04:02:28Z ERR  BrokerServer] System.Net.Sockets.SocketException (995): The I/O operation has been aborted because of either a thread exit or an application request.
[2026-10-04 04:02:28Z WARN BrokerServer] Back off 14.761 seconds before next retry. 4 attempt left.
[2026-10-04 04:02:28Z INFO BrokerMessageListener] Get messages has been cancelled using local token source. Continue to get messages with new status.
[2026-10-04 04:02:29Z INFO BrokerMessageListener] Acknowledging runner request 'e7a1ee89-abf7-5e0e-9361-495653455bcd'.
[2026-10-04 04:02:29Z INFO ConfigurationStore] HasCredentials()
[2026-10-04 04:02:29Z INFO ConfigurationStore] stored True
[2026-10-04 04:02:29Z INFO CredentialManager] GetCredentialProvider
[2026-10-04 04:02:29Z INFO CredentialManager] Creating type OAuth
[2026-10-04 04:02:29Z INFO CredentialManager] Creating credential type: OAuth
[2026-10-04 04:02:29Z INFO RSAEncryptedFileKeyManager] Loading RSA key parameters from file C:\Users\chella\Desktop\devopsassignment\devops-assignment\actions-runner\.credentials_rsaparams
[2026-10-04 04:02:29Z INFO RSAEncryptedFileKeyManager] Loading RSA key parameters from file C:\Users\chella\Desktop\devopsassignment\devops-assignment\actions-runner\.credentials_rsaparams
[2026-10-04 04:02:29Z INFO RSAEncryptedFileKeyManager] Loading RSA key parameters from file C:\Users\chella\Desktop\devopsassignment\devops-assignment\actions-runner\.credentials_rsaparams
[2026-10-04 04:02:30Z INFO GitHubActionsService] AAD Correlation ID for this token request: Unknown
[2026-10-04 04:02:31Z INFO JobDispatcher] Job request 0 for plan 0606344d-2b8c-8853-83ee-95a749459766 job e7a1ee89-abf7-5e0e-9361-495653455bcd received.
[2026-10-04 04:02:31Z INFO JobDispatcher] Pull OrchestrationId 0606344d-2b8c-8853-83ee-95a749459766.trigger-jenkins.__default from JWT claims
[2026-10-04 04:02:31Z INFO BrokerMessageListener] Received job status event. JobState: Busy
[2026-10-04 04:02:31Z INFO BrokerMessageListener] _getMessagesTokenSource is already disposed.
[2026-10-04 04:02:31Z INFO JobDispatcher] Job request d60b45fb-6d55-564b-9d05-db96203d3d2d processed succeed.
[2026-10-04 04:02:31Z INFO Terminal] WRITE LINE: 2026-10-04 04:02:31Z: Running job: trigger-jenkins
[2026-10-04 04:02:31Z INFO JobDispatcher] Start renew job request 0 for job e7a1ee89-abf7-5e0e-9361-495653455bcd.
[2026-10-04 04:02:32Z INFO JobDispatcher] Successfully renew job e7a1ee89-abf7-5e0e-9361-495653455bcd, job is valid till 04-10-2026 04:12:32
[2026-10-04 04:02:32Z INFO HostContext] Well known directory 'Bin': 'C:\Users\chella\Desktop\devopsassignment\devops-assignment\actions-runner\bin'
[2026-10-04 04:02:32Z INFO ProcessInvokerWrapper] Starting process:
[2026-10-04 04:02:32Z INFO ProcessInvokerWrapper]   File name: 'C:\Users\chella\Desktop\devopsassignment\devops-assignment\actions-runner\bin\Runner.Worker.exe'
[2026-10-04 04:02:32Z INFO ProcessInvokerWrapper]   Arguments: 'spawnclient 2588 2768'
[2026-10-04 04:02:32Z INFO ProcessInvokerWrapper]   Working directory: 'C:\Users\chella\Desktop\devopsassignment\devops-assignment\actions-runner\bin'
[2026-10-04 04:02:32Z INFO ProcessInvokerWrapper]   Require exit code zero: 'False'
[2026-10-04 04:02:32Z INFO ProcessInvokerWrapper]   Encoding web name:  ; code page: ''
[2026-10-04 04:02:32Z INFO ProcessInvokerWrapper]   Force kill process on cancellation: 'True'
[2026-10-04 04:02:32Z INFO ProcessInvokerWrapper]   Redirected STDIN: 'False'
[2026-10-04 04:02:32Z INFO ProcessInvokerWrapper]   Persist current code page: 'False'
[2026-10-04 04:02:32Z INFO ProcessInvokerWrapper]   Keep redirected STDIN open: 'False'
[2026-10-04 04:02:32Z INFO ProcessInvokerWrapper]   High priority process: 'True'
[2026-10-04 04:02:32Z INFO ProcessInvokerWrapper] Process started with process id 15168, waiting for process exit.
[2026-10-04 04:02:32Z INFO JobDispatcher] Send job request message to worker for job e7a1ee89-abf7-5e0e-9361-495653455bcd.
[2026-10-04 04:02:32Z INFO ProcessChannel] Sending message of length 24418, with hash '0a0190017d738a10bec78ece86fb3bad0e0e929a83aa071f7ca4c385dd4c6b85'
[2026-10-04 04:02:32Z INFO JobNotification] Entering JobStarted Notification
[2026-10-04 04:02:32Z INFO JobNotification] Entering StartMonitor
[2026-10-04 04:02:40Z INFO ProcessInvokerWrapper] STDOUT/STDERR stream read finished.
[2026-10-04 04:02:40Z INFO ProcessInvokerWrapper] STDOUT/STDERR stream read finished.
[2026-10-04 04:02:40Z INFO ProcessInvokerWrapper] Finished process 15168 with exit code 100, and elapsed time 00:00:07.8141767.
[2026-10-04 04:02:40Z INFO JobDispatcher] Worker finished for job e7a1ee89-abf7-5e0e-9361-495653455bcd. Code: 100
[2026-10-04 04:02:40Z INFO JobDispatcher] finish job request for job e7a1ee89-abf7-5e0e-9361-495653455bcd with result: Succeeded
[2026-10-04 04:02:40Z INFO Terminal] WRITE LINE: 2026-10-04 04:02:40Z: Job trigger-jenkins completed with result: Succeeded
[2026-10-04 04:02:40Z INFO JobDispatcher] Stop renew job request for job e7a1ee89-abf7-5e0e-9361-495653455bcd.
[2026-10-04 04:02:40Z INFO JobDispatcher] job renew has been cancelled, stop renew job e7a1ee89-abf7-5e0e-9361-495653455bcd.
[2026-10-04 04:02:40Z INFO JobNotification] Entering JobCompleted Notification
[2026-10-04 04:02:40Z INFO JobNotification] Entering EndMonitor
[2026-10-04 04:02:40Z INFO BrokerMessageListener] Received job status event. JobState: Online
[2026-10-04 04:02:40Z WARN GitHubActionsService] GET request to https://broker.actions.githubusercontent.com/message?sessionId=a47dfb11-058d-4927-8f6d-b9690a996ac2&status=Busy&runnerVersion=2.337.0&os=Windows&architecture=X64&disableUpdate=false has been cancelled.
[2026-10-04 04:02:40Z ERR  BrokerServer] Catch exception during request
[2026-10-04 04:02:40Z ERR  BrokerServer] System.Threading.Tasks.TaskCanceledException: The operation was canceled.
 ---> System.Threading.Tasks.TaskCanceledException: The operation was canceled.
 ---> System.IO.IOException: Unable to read data from the transport connection: The I/O operation has been aborted because of either a thread exit or an application request..
 ---> System.Net.Sockets.SocketException (995): The I/O operation has been aborted because of either a thread exit or an application request.
   --- End of inner exception stack trace ---
   at System.Net.Sockets.Socket.AwaitableSocketAsyncEventArgs.System.Threading.Tasks.Sources.IValueTaskSource<System.Int32>.GetResult(Int16 token)
   at System.Net.Security.SslStream.EnsureFullTlsFrameAsync[TIOAdapter](CancellationToken cancellationToken, Int32 estimatedSize)
   at System.Runtime.CompilerServices.PoolingAsyncValueTaskMethodBuilder`1.StateMachineBox`1.System.Threading.Tasks.Sources.IValueTaskSource<TResult>.GetResult(Int16 token)
   at System.Net.Security.SslStream.ReadAsyncInternal[TIOAdapter](Memory`1 buffer, CancellationToken cancellationToken)
   at System.Runtime.CompilerServices.PoolingAsyncValueTaskMethodBuilder`1.StateMachineBox`1.System.Threading.Tasks.Sources.IValueTaskSource<TResult>.GetResult(Int16 token)
   at System.Net.Http.HttpConnection.<EnsureReadAheadTaskHasStarted>g__ReadAheadWithZeroByteReadAsync|40_0()
   at System.Net.Http.HttpConnection.SendAsync(HttpRequestMessage request, Boolean async, CancellationToken cancellationToken)
   --- End of inner exception stack trace ---
   at System.Net.Http.HttpConnection.SendAsync(HttpRequestMessage request, Boolean async, CancellationToken cancellationToken)
   at System.Net.Http.AuthenticationHelper.SendWithNtAuthAsync(HttpRequestMessage request, Uri authUri, Boolean async, ICredentials credentials, Boolean isProxyAuth, HttpConnection connection, HttpConnectionPool connectionPool, CancellationToken cancellationToken)
   at System.Net.Http.HttpConnectionPool.SendWithVersionDetectionAndRetryAsync(HttpRequestMessage request, Boolean async, Boolean doRequestAuth, CancellationToken cancellationToken)
   at System.Net.Http.AuthenticationHelper.SendWithAuthAsync(HttpRequestMessage request, Uri authUri, Boolean async, ICredentials credentials, Boolean preAuthenticate, Boolean isProxyAuth, Boolean doRequestAuth, HttpConnectionPool pool, CancellationToken cancellationToken)
   at System.Net.Http.RedirectHandler.SendAsync(HttpRequestMessage request, Boolean async, CancellationToken cancellationToken)
   at GitHub.Services.Common.RawHttpMessageHandler.SendAsync(HttpRequestMessage request, CancellationToken cancellationToken)
   at GitHub.Services.Common.VssHttpRetryMessageHandler.SendAsync(HttpRequestMessage request, CancellationToken cancellationToken)
   at System.Net.Http.HttpClient.<SendAsync>g__Core|83_0(HttpRequestMessage request, HttpCompletionOption completionOption, CancellationTokenSource cts, Boolean disposeCts, CancellationTokenSource pendingRequestsCts, CancellationToken originalCancellationToken)
   --- End of inner exception stack trace ---
   at System.Net.Http.HttpClient.HandleFailure(Exception e, Boolean telemetryStarted, HttpResponseMessage response, CancellationTokenSource cts, CancellationToken cancellationToken, CancellationTokenSource pendingRequestsCts)
   at System.Net.Http.HttpClient.<SendAsync>g__Core|83_0(HttpRequestMessage request, HttpCompletionOption completionOption, CancellationTokenSource cts, Boolean disposeCts, CancellationTokenSource pendingRequestsCts, CancellationToken originalCancellationToken)
   at Sdk.WebApi.WebApi.RawHttpClientBase.SendAsync(HttpRequestMessage message, HttpCompletionOption completionOption, Object userState, CancellationToken cancellationToken)
   at Sdk.WebApi.WebApi.RawHttpClientBase.SendAsync[T](HttpRequestMessage message, Boolean readErrorBody, Object userState, CancellationToken cancellationToken)
   at Sdk.WebApi.WebApi.RawHttpClientBase.SendAsync[T](HttpMethod method, IEnumerable`1 additionalHeaders, Uri requestUri, HttpContent content, IEnumerable`1 queryParameters, Boolean readErrorBody, Object userState, CancellationToken cancellationToken)
   at GitHub.Actions.RunService.WebApi.BrokerHttpClient.GetRunnerMessageAsync(Nullable`1 sessionId, String runnerVersion, Nullable`1 status, String os, String architecture, Nullable`1 disableUpdate, CancellationToken cancellationToken)
   at GitHub.Runner.Common.BrokerServer.<>c__DisplayClass7_0.<<GetRunnerMessageAsync>b__0>d.MoveNext()
--- End of stack trace from previous location ---
   at GitHub.Runner.Common.RunnerService.RetryRequest[T](Func`1 func, CancellationToken cancellationToken, Int32 maxAttempts, Func`2 shouldRetry)
[2026-10-04 04:02:40Z ERR  BrokerServer] #####################################################
[2026-10-04 04:02:40Z ERR  BrokerServer] System.Threading.Tasks.TaskCanceledException: The operation was canceled.
 ---> System.IO.IOException: Unable to read data from the transport connection: The I/O operation has been aborted because of either a thread exit or an application request..
 ---> System.Net.Sockets.SocketException (995): The I/O operation has been aborted because of either a thread exit or an application request.
   --- End of inner exception stack trace ---
   at System.Net.Sockets.Socket.AwaitableSocketAsyncEventArgs.System.Threading.Tasks.Sources.IValueTaskSource<System.Int32>.GetResult(Int16 token)
   at System.Net.Security.SslStream.EnsureFullTlsFrameAsync[TIOAdapter](CancellationToken cancellationToken, Int32 estimatedSize)
   at System.Runtime.CompilerServices.PoolingAsyncValueTaskMethodBuilder`1.StateMachineBox`1.System.Threading.Tasks.Sources.IValueTaskSource<TResult>.GetResult(Int16 token)
   at System.Net.Security.SslStream.ReadAsyncInternal[TIOAdapter](Memory`1 buffer, CancellationToken cancellationToken)
   at System.Runtime.CompilerServices.PoolingAsyncValueTaskMethodBuilder`1.StateMachineBox`1.System.Threading.Tasks.Sources.IValueTaskSource<TResult>.GetResult(Int16 token)
   at System.Net.Http.HttpConnection.<EnsureReadAheadTaskHasStarted>g__ReadAheadWithZeroByteReadAsync|40_0()
   at System.Net.Http.HttpConnection.SendAsync(HttpRequestMessage request, Boolean async, CancellationToken cancellationToken)
   --- End of inner exception stack trace ---
   at System.Net.Http.HttpConnection.SendAsync(HttpRequestMessage request, Boolean async, CancellationToken cancellationToken)
   at System.Net.Http.AuthenticationHelper.SendWithNtAuthAsync(HttpRequestMessage request, Uri authUri, Boolean async, ICredentials credentials, Boolean isProxyAuth, HttpConnection connection, HttpConnectionPool connectionPool, CancellationToken cancellationToken)
   at System.Net.Http.HttpConnectionPool.SendWithVersionDetectionAndRetryAsync(HttpRequestMessage request, Boolean async, Boolean doRequestAuth, CancellationToken cancellationToken)
   at System.Net.Http.AuthenticationHelper.SendWithAuthAsync(HttpRequestMessage request, Uri authUri, Boolean async, ICredentials credentials, Boolean preAuthenticate, Boolean isProxyAuth, Boolean doRequestAuth, HttpConnectionPool pool, CancellationToken cancellationToken)
   at System.Net.Http.RedirectHandler.SendAsync(HttpRequestMessage request, Boolean async, CancellationToken cancellationToken)
   at GitHub.Services.Common.RawHttpMessageHandler.SendAsync(HttpRequestMessage request, CancellationToken cancellationToken)
   at GitHub.Services.Common.VssHttpRetryMessageHandler.SendAsync(HttpRequestMessage request, CancellationToken cancellationToken)
   at System.Net.Http.HttpClient.<SendAsync>g__Core|83_0(HttpRequestMessage request, HttpCompletionOption completionOption, CancellationTokenSource cts, Boolean disposeCts, CancellationTokenSource pendingRequestsCts, CancellationToken originalCancellationToken)
[2026-10-04 04:02:40Z ERR  BrokerServer] #####################################################
[2026-10-04 04:02:40Z ERR  BrokerServer] System.IO.IOException: Unable to read data from the transport connection: The I/O operation has been aborted because of either a thread exit or an application request..
 ---> System.Net.Sockets.SocketException (995): The I/O operation has been aborted because of either a thread exit or an application request.
   --- End of inner exception stack trace ---
   at System.Net.Sockets.Socket.AwaitableSocketAsyncEventArgs.System.Threading.Tasks.Sources.IValueTaskSource<System.Int32>.GetResult(Int16 token)
   at System.Net.Security.SslStream.EnsureFullTlsFrameAsync[TIOAdapter](CancellationToken cancellationToken, Int32 estimatedSize)
   at System.Runtime.CompilerServices.PoolingAsyncValueTaskMethodBuilder`1.StateMachineBox`1.System.Threading.Tasks.Sources.IValueTaskSource<TResult>.GetResult(Int16 token)
   at System.Net.Security.SslStream.ReadAsyncInternal[TIOAdapter](Memory`1 buffer, CancellationToken cancellationToken)
   at System.Runtime.CompilerServices.PoolingAsyncValueTaskMethodBuilder`1.StateMachineBox`1.System.Threading.Tasks.Sources.IValueTaskSource<TResult>.GetResult(Int16 token)
   at System.Net.Http.HttpConnection.<EnsureReadAheadTaskHasStarted>g__ReadAheadWithZeroByteReadAsync|40_0()
   at System.Net.Http.HttpConnection.SendAsync(HttpRequestMessage request, Boolean async, CancellationToken cancellationToken)
[2026-10-04 04:02:40Z ERR  BrokerServer] #####################################################
[2026-10-04 04:02:40Z ERR  BrokerServer] System.Net.Sockets.SocketException (995): The I/O operation has been aborted because of either a thread exit or an application request.
[2026-10-04 04:02:40Z WARN BrokerServer] Back off 10.006 seconds before next retry. 4 attempt left.
[2026-10-04 04:02:40Z INFO BrokerMessageListener] Get messages has been cancelled using local token source. Continue to get messages with new status.
[2026-10-04 04:09:11Z INFO BrokerMessageListener] Acknowledging runner request '54007200-3f57-512a-9c63-c6d4453509c2'.
[2026-10-04 04:09:12Z INFO ConfigurationStore] HasCredentials()
[2026-10-04 04:09:12Z INFO ConfigurationStore] stored True
[2026-10-04 04:09:12Z INFO CredentialManager] GetCredentialProvider
[2026-10-04 04:09:12Z INFO CredentialManager] Creating type OAuth
[2026-10-04 04:09:12Z INFO CredentialManager] Creating credential type: OAuth
[2026-10-04 04:09:12Z INFO RSAEncryptedFileKeyManager] Loading RSA key parameters from file C:\Users\chella\Desktop\devopsassignment\devops-assignment\actions-runner\.credentials_rsaparams
[2026-10-04 04:09:12Z INFO RSAEncryptedFileKeyManager] Loading RSA key parameters from file C:\Users\chella\Desktop\devopsassignment\devops-assignment\actions-runner\.credentials_rsaparams
[2026-10-04 04:09:12Z INFO RSAEncryptedFileKeyManager] Loading RSA key parameters from file C:\Users\chella\Desktop\devopsassignment\devops-assignment\actions-runner\.credentials_rsaparams
[2026-10-04 04:09:12Z INFO GitHubActionsService] AAD Correlation ID for this token request: Unknown
[2026-10-04 04:09:13Z INFO JobDispatcher] Job request 0 for plan af96dbc2-cd2f-8e55-8689-f688bca906e0 job 54007200-3f57-512a-9c63-c6d4453509c2 received.
[2026-10-04 04:09:13Z INFO JobDispatcher] Pull OrchestrationId af96dbc2-cd2f-8e55-8689-f688bca906e0.trigger-jenkins.__default from JWT claims
[2026-10-04 04:09:13Z INFO BrokerMessageListener] Received job status event. JobState: Busy
[2026-10-04 04:09:13Z INFO BrokerMessageListener] _getMessagesTokenSource is already disposed.
[2026-10-04 04:09:13Z INFO JobDispatcher] Job request e7a1ee89-abf7-5e0e-9361-495653455bcd processed succeed.
[2026-10-04 04:09:13Z INFO Terminal] WRITE LINE: 2026-10-04 04:09:13Z: Running job: trigger-jenkins
[2026-10-04 04:09:13Z INFO JobDispatcher] Start renew job request 0 for job 54007200-3f57-512a-9c63-c6d4453509c2.
[2026-10-04 04:09:14Z INFO JobDispatcher] Successfully renew job 54007200-3f57-512a-9c63-c6d4453509c2, job is valid till 04-10-2026 04:19:15
[2026-10-04 04:09:14Z INFO HostContext] Well known directory 'Bin': 'C:\Users\chella\Desktop\devopsassignment\devops-assignment\actions-runner\bin'
[2026-10-04 04:09:14Z INFO ProcessInvokerWrapper] Starting process:
[2026-10-04 04:09:14Z INFO ProcessInvokerWrapper]   File name: 'C:\Users\chella\Desktop\devopsassignment\devops-assignment\actions-runner\bin\Runner.Worker.exe'
[2026-10-04 04:09:14Z INFO ProcessInvokerWrapper]   Arguments: 'spawnclient 2512 2560'
[2026-10-04 04:09:14Z INFO ProcessInvokerWrapper]   Working directory: 'C:\Users\chella\Desktop\devopsassignment\devops-assignment\actions-runner\bin'
[2026-10-04 04:09:14Z INFO ProcessInvokerWrapper]   Require exit code zero: 'False'
[2026-10-04 04:09:14Z INFO ProcessInvokerWrapper]   Encoding web name:  ; code page: ''
[2026-10-04 04:09:14Z INFO ProcessInvokerWrapper]   Force kill process on cancellation: 'True'
[2026-10-04 04:09:14Z INFO ProcessInvokerWrapper]   Redirected STDIN: 'False'
[2026-10-04 04:09:14Z INFO ProcessInvokerWrapper]   Persist current code page: 'False'
[2026-10-04 04:09:14Z INFO ProcessInvokerWrapper]   Keep redirected STDIN open: 'False'
[2026-10-04 04:09:14Z INFO ProcessInvokerWrapper]   High priority process: 'True'
[2026-10-04 04:09:14Z INFO ProcessInvokerWrapper] Process started with process id 25868, waiting for process exit.
[2026-10-04 04:09:14Z INFO JobDispatcher] Send job request message to worker for job 54007200-3f57-512a-9c63-c6d4453509c2.
[2026-10-04 04:09:14Z INFO ProcessChannel] Sending message of length 24369, with hash '57877618b50aa6bb1887e8020bb4f733b057dd3072c1747b808896c96e8e9b4a'
[2026-10-04 04:09:14Z INFO JobNotification] Entering JobStarted Notification
[2026-10-04 04:09:14Z INFO JobNotification] Entering StartMonitor
[2026-10-04 04:09:21Z INFO ProcessInvokerWrapper] STDOUT/STDERR stream read finished.
[2026-10-04 04:09:21Z INFO ProcessInvokerWrapper] STDOUT/STDERR stream read finished.
[2026-10-04 04:09:21Z INFO ProcessInvokerWrapper] Finished process 25868 with exit code 100, and elapsed time 00:00:07.3433241.
[2026-10-04 04:09:21Z INFO JobDispatcher] Worker finished for job 54007200-3f57-512a-9c63-c6d4453509c2. Code: 100
[2026-10-04 04:09:21Z INFO JobDispatcher] finish job request for job 54007200-3f57-512a-9c63-c6d4453509c2 with result: Succeeded
[2026-10-04 04:09:21Z INFO Terminal] WRITE LINE: 2026-10-04 04:09:21Z: Job trigger-jenkins completed with result: Succeeded
[2026-10-04 04:09:21Z INFO JobDispatcher] Stop renew job request for job 54007200-3f57-512a-9c63-c6d4453509c2.
[2026-10-04 04:09:21Z INFO JobDispatcher] job renew has been cancelled, stop renew job 54007200-3f57-512a-9c63-c6d4453509c2.
[2026-10-04 04:09:21Z INFO JobNotification] Entering JobCompleted Notification
[2026-10-04 04:09:21Z INFO JobNotification] Entering EndMonitor
[2026-10-04 04:09:21Z INFO BrokerMessageListener] Received job status event. JobState: Online
[2026-10-04 04:09:21Z WARN GitHubActionsService] GET request to https://broker.actions.githubusercontent.com/message?sessionId=a47dfb11-058d-4927-8f6d-b9690a996ac2&status=Busy&runnerVersion=2.337.0&os=Windows&architecture=X64&disableUpdate=false has been cancelled.
[2026-10-04 04:09:21Z ERR  BrokerServer] Catch exception during request
[2026-10-04 04:09:21Z ERR  BrokerServer] System.Threading.Tasks.TaskCanceledException: The operation was canceled.
 ---> System.Threading.Tasks.TaskCanceledException: The operation was canceled.
 ---> System.IO.IOException: Unable to read data from the transport connection: The I/O operation has been aborted because of either a thread exit or an application request..
 ---> System.Net.Sockets.SocketException (995): The I/O operation has been aborted because of either a thread exit or an application request.
   --- End of inner exception stack trace ---
   at System.Net.Sockets.Socket.AwaitableSocketAsyncEventArgs.System.Threading.Tasks.Sources.IValueTaskSource<System.Int32>.GetResult(Int16 token)
   at System.Net.Security.SslStream.EnsureFullTlsFrameAsync[TIOAdapter](CancellationToken cancellationToken, Int32 estimatedSize)
   at System.Runtime.CompilerServices.PoolingAsyncValueTaskMethodBuilder`1.StateMachineBox`1.System.Threading.Tasks.Sources.IValueTaskSource<TResult>.GetResult(Int16 token)
   at System.Net.Security.SslStream.ReadAsyncInternal[TIOAdapter](Memory`1 buffer, CancellationToken cancellationToken)
   at System.Runtime.CompilerServices.PoolingAsyncValueTaskMethodBuilder`1.StateMachineBox`1.System.Threading.Tasks.Sources.IValueTaskSource<TResult>.GetResult(Int16 token)
   at System.Net.Http.HttpConnection.SendAsync(HttpRequestMessage request, Boolean async, CancellationToken cancellationToken)
   --- End of inner exception stack trace ---
   at System.Net.Http.HttpConnection.SendAsync(HttpRequestMessage request, Boolean async, CancellationToken cancellationToken)
   at System.Net.Http.AuthenticationHelper.SendWithNtAuthAsync(HttpRequestMessage request, Uri authUri, Boolean async, ICredentials credentials, Boolean isProxyAuth, HttpConnection connection, HttpConnectionPool connectionPool, CancellationToken cancellationToken)
   at System.Net.Http.HttpConnectionPool.SendWithVersionDetectionAndRetryAsync(HttpRequestMessage request, Boolean async, Boolean doRequestAuth, CancellationToken cancellationToken)
   at System.Net.Http.AuthenticationHelper.SendWithAuthAsync(HttpRequestMessage request, Uri authUri, Boolean async, ICredentials credentials, Boolean preAuthenticate, Boolean isProxyAuth, Boolean doRequestAuth, HttpConnectionPool pool, CancellationToken cancellationToken)
   at System.Net.Http.RedirectHandler.SendAsync(HttpRequestMessage request, Boolean async, CancellationToken cancellationToken)
   at GitHub.Services.Common.RawHttpMessageHandler.SendAsync(HttpRequestMessage request, CancellationToken cancellationToken)
   at GitHub.Services.Common.VssHttpRetryMessageHandler.SendAsync(HttpRequestMessage request, CancellationToken cancellationToken)
   at System.Net.Http.HttpClient.<SendAsync>g__Core|83_0(HttpRequestMessage request, HttpCompletionOption completionOption, CancellationTokenSource cts, Boolean disposeCts, CancellationTokenSource pendingRequestsCts, CancellationToken originalCancellationToken)
   --- End of inner exception stack trace ---
   at System.Net.Http.HttpClient.HandleFailure(Exception e, Boolean telemetryStarted, HttpResponseMessage response, CancellationTokenSource cts, CancellationToken cancellationToken, CancellationTokenSource pendingRequestsCts)
   at System.Net.Http.HttpClient.<SendAsync>g__Core|83_0(HttpRequestMessage request, HttpCompletionOption completionOption, CancellationTokenSource cts, Boolean disposeCts, CancellationTokenSource pendingRequestsCts, CancellationToken originalCancellationToken)
   at Sdk.WebApi.WebApi.RawHttpClientBase.SendAsync(HttpRequestMessage message, HttpCompletionOption completionOption, Object userState, CancellationToken cancellationToken)
   at Sdk.WebApi.WebApi.RawHttpClientBase.SendAsync[T](HttpRequestMessage message, Boolean readErrorBody, Object userState, CancellationToken cancellationToken)
   at Sdk.WebApi.WebApi.RawHttpClientBase.SendAsync[T](HttpMethod method, IEnumerable`1 additionalHeaders, Uri requestUri, HttpContent content, IEnumerable`1 queryParameters, Boolean readErrorBody, Object userState, CancellationToken cancellationToken)
   at GitHub.Actions.RunService.WebApi.BrokerHttpClient.GetRunnerMessageAsync(Nullable`1 sessionId, String runnerVersion, Nullable`1 status, String os, String architecture, Nullable`1 disableUpdate, CancellationToken cancellationToken)
   at GitHub.Runner.Common.BrokerServer.<>c__DisplayClass7_0.<<GetRunnerMessageAsync>b__0>d.MoveNext()
--- End of stack trace from previous location ---
   at GitHub.Runner.Common.RunnerService.RetryRequest[T](Func`1 func, CancellationToken cancellationToken, Int32 maxAttempts, Func`2 shouldRetry)
[2026-10-04 04:09:21Z ERR  BrokerServer] #####################################################
[2026-10-04 04:09:21Z ERR  BrokerServer] System.Threading.Tasks.TaskCanceledException: The operation was canceled.
 ---> System.IO.IOException: Unable to read data from the transport connection: The I/O operation has been aborted because of either a thread exit or an application request..
 ---> System.Net.Sockets.SocketException (995): The I/O operation has been aborted because of either a thread exit or an application request.
   --- End of inner exception stack trace ---
   at System.Net.Sockets.Socket.AwaitableSocketAsyncEventArgs.System.Threading.Tasks.Sources.IValueTaskSource<System.Int32>.GetResult(Int16 token)
   at System.Net.Security.SslStream.EnsureFullTlsFrameAsync[TIOAdapter](CancellationToken cancellationToken, Int32 estimatedSize)
   at System.Runtime.CompilerServices.PoolingAsyncValueTaskMethodBuilder`1.StateMachineBox`1.System.Threading.Tasks.Sources.IValueTaskSource<TResult>.GetResult(Int16 token)
   at System.Net.Security.SslStream.ReadAsyncInternal[TIOAdapter](Memory`1 buffer, CancellationToken cancellationToken)
   at System.Runtime.CompilerServices.PoolingAsyncValueTaskMethodBuilder`1.StateMachineBox`1.System.Threading.Tasks.Sources.IValueTaskSource<TResult>.GetResult(Int16 token)
   at System.Net.Http.HttpConnection.SendAsync(HttpRequestMessage request, Boolean async, CancellationToken cancellationToken)
   --- End of inner exception stack trace ---
   at System.Net.Http.HttpConnection.SendAsync(HttpRequestMessage request, Boolean async, CancellationToken cancellationToken)
   at System.Net.Http.AuthenticationHelper.SendWithNtAuthAsync(HttpRequestMessage request, Uri authUri, Boolean async, ICredentials credentials, Boolean isProxyAuth, HttpConnection connection, HttpConnectionPool connectionPool, CancellationToken cancellationToken)
   at System.Net.Http.HttpConnectionPool.SendWithVersionDetectionAndRetryAsync(HttpRequestMessage request, Boolean async, Boolean doRequestAuth, CancellationToken cancellationToken)
   at System.Net.Http.AuthenticationHelper.SendWithAuthAsync(HttpRequestMessage request, Uri authUri, Boolean async, ICredentials credentials, Boolean preAuthenticate, Boolean isProxyAuth, Boolean doRequestAuth, HttpConnectionPool pool, CancellationToken cancellationToken)
   at System.Net.Http.RedirectHandler.SendAsync(HttpRequestMessage request, Boolean async, CancellationToken cancellationToken)
   at GitHub.Services.Common.RawHttpMessageHandler.SendAsync(HttpRequestMessage request, CancellationToken cancellationToken)
   at GitHub.Services.Common.VssHttpRetryMessageHandler.SendAsync(HttpRequestMessage request, CancellationToken cancellationToken)
   at System.Net.Http.HttpClient.<SendAsync>g__Core|83_0(HttpRequestMessage request, HttpCompletionOption completionOption, CancellationTokenSource cts, Boolean disposeCts, CancellationTokenSource pendingRequestsCts, CancellationToken originalCancellationToken)
[2026-10-04 04:09:21Z ERR  BrokerServer] #####################################################
[2026-10-04 04:09:21Z ERR  BrokerServer] System.IO.IOException: Unable to read data from the transport connection: The I/O operation has been aborted because of either a thread exit or an application request..
 ---> System.Net.Sockets.SocketException (995): The I/O operation has been aborted because of either a thread exit or an application request.
   --- End of inner exception stack trace ---
   at System.Net.Sockets.Socket.AwaitableSocketAsyncEventArgs.System.Threading.Tasks.Sources.IValueTaskSource<System.Int32>.GetResult(Int16 token)
   at System.Net.Security.SslStream.EnsureFullTlsFrameAsync[TIOAdapter](CancellationToken cancellationToken, Int32 estimatedSize)
   at System.Runtime.CompilerServices.PoolingAsyncValueTaskMethodBuilder`1.StateMachineBox`1.System.Threading.Tasks.Sources.IValueTaskSource<TResult>.GetResult(Int16 token)
   at System.Net.Security.SslStream.ReadAsyncInternal[TIOAdapter](Memory`1 buffer, CancellationToken cancellationToken)
   at System.Runtime.CompilerServices.PoolingAsyncValueTaskMethodBuilder`1.StateMachineBox`1.System.Threading.Tasks.Sources.IValueTaskSource<TResult>.GetResult(Int16 token)
   at System.Net.Http.HttpConnection.SendAsync(HttpRequestMessage request, Boolean async, CancellationToken cancellationToken)
[2026-10-04 04:09:21Z ERR  BrokerServer] #####################################################
[2026-10-04 04:09:21Z ERR  BrokerServer] System.Net.Sockets.SocketException (995): The I/O operation has been aborted because of either a thread exit or an application request.
[2026-10-04 04:09:21Z WARN BrokerServer] Back off 12.29 seconds before next retry. 4 attempt left.
[2026-10-04 04:09:21Z INFO BrokerMessageListener] Get messages has been cancelled using local token source. Continue to get messages with new status.
[2026-10-04 04:09:22Z INFO BrokerMessageListener] Acknowledging runner request 'ac9a6c1f-f718-5507-8819-8ed820968d0b'.
[2026-10-04 04:09:22Z INFO ConfigurationStore] HasCredentials()
[2026-10-04 04:09:22Z INFO ConfigurationStore] stored True
[2026-10-04 04:09:22Z INFO CredentialManager] GetCredentialProvider
[2026-10-04 04:09:22Z INFO CredentialManager] Creating type OAuth
[2026-10-04 04:09:22Z INFO CredentialManager] Creating credential type: OAuth
[2026-10-04 04:09:22Z INFO RSAEncryptedFileKeyManager] Loading RSA key parameters from file C:\Users\chella\Desktop\devopsassignment\devops-assignment\actions-runner\.credentials_rsaparams
[2026-10-04 04:09:22Z INFO RSAEncryptedFileKeyManager] Loading RSA key parameters from file C:\Users\chella\Desktop\devopsassignment\devops-assignment\actions-runner\.credentials_rsaparams
[2026-10-04 04:09:22Z INFO RSAEncryptedFileKeyManager] Loading RSA key parameters from file C:\Users\chella\Desktop\devopsassignment\devops-assignment\actions-runner\.credentials_rsaparams
[2026-10-04 04:09:23Z INFO GitHubActionsService] AAD Correlation ID for this token request: Unknown
[2026-10-04 04:09:24Z INFO JobDispatcher] Job request 0 for plan 3c532238-6725-831c-bbd1-fbd09711cb4b job ac9a6c1f-f718-5507-8819-8ed820968d0b received.
[2026-10-04 04:09:24Z INFO JobDispatcher] Pull OrchestrationId 3c532238-6725-831c-bbd1-fbd09711cb4b.trigger-jenkins.__default from JWT claims
[2026-10-04 04:09:24Z INFO BrokerMessageListener] Received job status event. JobState: Busy
[2026-10-04 04:09:24Z INFO BrokerMessageListener] _getMessagesTokenSource is already disposed.
[2026-10-04 04:09:24Z INFO JobDispatcher] Job request 54007200-3f57-512a-9c63-c6d4453509c2 processed succeed.
[2026-10-04 04:09:24Z INFO Terminal] WRITE LINE: 2026-10-04 04:09:24Z: Running job: Trigger Jenkins Pipeline
[2026-10-04 04:09:24Z INFO JobDispatcher] Start renew job request 0 for job ac9a6c1f-f718-5507-8819-8ed820968d0b.
[2026-10-04 04:09:25Z INFO JobDispatcher] Successfully renew job ac9a6c1f-f718-5507-8819-8ed820968d0b, job is valid till 04-10-2026 04:19:26
[2026-10-04 04:09:25Z INFO HostContext] Well known directory 'Bin': 'C:\Users\chella\Desktop\devopsassignment\devops-assignment\actions-runner\bin'
[2026-10-04 04:09:25Z INFO ProcessInvokerWrapper] Starting process:
[2026-10-04 04:09:25Z INFO ProcessInvokerWrapper]   File name: 'C:\Users\chella\Desktop\devopsassignment\devops-assignment\actions-runner\bin\Runner.Worker.exe'
[2026-10-04 04:09:25Z INFO ProcessInvokerWrapper]   Arguments: 'spawnclient 984 3040'
[2026-10-04 04:09:25Z INFO ProcessInvokerWrapper]   Working directory: 'C:\Users\chella\Desktop\devopsassignment\devops-assignment\actions-runner\bin'
[2026-10-04 04:09:25Z INFO ProcessInvokerWrapper]   Require exit code zero: 'False'
[2026-10-04 04:09:25Z INFO ProcessInvokerWrapper]   Encoding web name:  ; code page: ''
[2026-10-04 04:09:25Z INFO ProcessInvokerWrapper]   Force kill process on cancellation: 'True'
[2026-10-04 04:09:25Z INFO ProcessInvokerWrapper]   Redirected STDIN: 'False'
[2026-10-04 04:09:25Z INFO ProcessInvokerWrapper]   Persist current code page: 'False'
[2026-10-04 04:09:25Z INFO ProcessInvokerWrapper]   Keep redirected STDIN open: 'False'
[2026-10-04 04:09:25Z INFO ProcessInvokerWrapper]   High priority process: 'True'
[2026-10-04 04:09:25Z INFO ProcessInvokerWrapper] Process started with process id 19136, waiting for process exit.
[2026-10-04 04:09:25Z INFO JobDispatcher] Send job request message to worker for job ac9a6c1f-f718-5507-8819-8ed820968d0b.
[2026-10-04 04:09:25Z INFO ProcessChannel] Sending message of length 24334, with hash '595f7cc2653065497ef7eac4c246715a50132cfa01ebd2a25bab56da6d7522bc'
[2026-10-04 04:09:25Z INFO JobNotification] Entering JobStarted Notification
[2026-10-04 04:09:25Z INFO JobNotification] Entering StartMonitor
[2026-10-04 04:09:32Z INFO ProcessInvokerWrapper] STDOUT/STDERR stream read finished.
[2026-10-04 04:09:32Z INFO ProcessInvokerWrapper] STDOUT/STDERR stream read finished.
[2026-10-04 04:09:32Z INFO ProcessInvokerWrapper] Finished process 19136 with exit code 100, and elapsed time 00:00:07.4201575.
[2026-10-04 04:09:32Z INFO JobDispatcher] Worker finished for job ac9a6c1f-f718-5507-8819-8ed820968d0b. Code: 100
[2026-10-04 04:09:32Z INFO JobDispatcher] finish job request for job ac9a6c1f-f718-5507-8819-8ed820968d0b with result: Succeeded
[2026-10-04 04:09:32Z INFO Terminal] WRITE LINE: 2026-10-04 04:09:32Z: Job Trigger Jenkins Pipeline completed with result: Succeeded
[2026-10-04 04:09:32Z INFO JobDispatcher] Stop renew job request for job ac9a6c1f-f718-5507-8819-8ed820968d0b.
[2026-10-04 04:09:32Z INFO JobDispatcher] job renew has been cancelled, stop renew job ac9a6c1f-f718-5507-8819-8ed820968d0b.
[2026-10-04 04:09:32Z INFO JobNotification] Entering JobCompleted Notification
[2026-10-04 04:09:32Z INFO JobNotification] Entering EndMonitor
[2026-10-04 04:09:32Z INFO BrokerMessageListener] Received job status event. JobState: Online
[2026-10-04 04:09:32Z WARN GitHubActionsService] GET request to https://broker.actions.githubusercontent.com/message?sessionId=a47dfb11-058d-4927-8f6d-b9690a996ac2&status=Busy&runnerVersion=2.337.0&os=Windows&architecture=X64&disableUpdate=false has been cancelled.
[2026-10-04 04:09:32Z ERR  BrokerServer] Catch exception during request
[2026-10-04 04:09:32Z ERR  BrokerServer] System.Threading.Tasks.TaskCanceledException: The operation was canceled.
 ---> System.Threading.Tasks.TaskCanceledException: The operation was canceled.
 ---> System.IO.IOException: Unable to read data from the transport connection: The I/O operation has been aborted because of either a thread exit or an application request..
 ---> System.Net.Sockets.SocketException (995): The I/O operation has been aborted because of either a thread exit or an application request.
   --- End of inner exception stack trace ---
   at System.Net.Sockets.Socket.AwaitableSocketAsyncEventArgs.System.Threading.Tasks.Sources.IValueTaskSource<System.Int32>.GetResult(Int16 token)
   at System.Net.Security.SslStream.EnsureFullTlsFrameAsync[TIOAdapter](CancellationToken cancellationToken, Int32 estimatedSize)
   at System.Runtime.CompilerServices.PoolingAsyncValueTaskMethodBuilder`1.StateMachineBox`1.System.Threading.Tasks.Sources.IValueTaskSource<TResult>.GetResult(Int16 token)
   at System.Net.Security.SslStream.ReadAsyncInternal[TIOAdapter](Memory`1 buffer, CancellationToken cancellationToken)
   at System.Runtime.CompilerServices.PoolingAsyncValueTaskMethodBuilder`1.StateMachineBox`1.System.Threading.Tasks.Sources.IValueTaskSource<TResult>.GetResult(Int16 token)
   at System.Net.Http.HttpConnection.SendAsync(HttpRequestMessage request, Boolean async, CancellationToken cancellationToken)
   --- End of inner exception stack trace ---
   at System.Net.Http.HttpConnection.SendAsync(HttpRequestMessage request, Boolean async, CancellationToken cancellationToken)
   at System.Net.Http.AuthenticationHelper.SendWithNtAuthAsync(HttpRequestMessage request, Uri authUri, Boolean async, ICredentials credentials, Boolean isProxyAuth, HttpConnection connection, HttpConnectionPool connectionPool, CancellationToken cancellationToken)
   at System.Net.Http.HttpConnectionPool.SendWithVersionDetectionAndRetryAsync(HttpRequestMessage request, Boolean async, Boolean doRequestAuth, CancellationToken cancellationToken)
   at System.Net.Http.AuthenticationHelper.SendWithAuthAsync(HttpRequestMessage request, Uri authUri, Boolean async, ICredentials credentials, Boolean preAuthenticate, Boolean isProxyAuth, Boolean doRequestAuth, HttpConnectionPool pool, CancellationToken cancellationToken)
   at System.Net.Http.RedirectHandler.SendAsync(HttpRequestMessage request, Boolean async, CancellationToken cancellationToken)
   at GitHub.Services.Common.RawHttpMessageHandler.SendAsync(HttpRequestMessage request, CancellationToken cancellationToken)
   at GitHub.Services.Common.VssHttpRetryMessageHandler.SendAsync(HttpRequestMessage request, CancellationToken cancellationToken)
   at System.Net.Http.HttpClient.<SendAsync>g__Core|83_0(HttpRequestMessage request, HttpCompletionOption completionOption, CancellationTokenSource cts, Boolean disposeCts, CancellationTokenSource pendingRequestsCts, CancellationToken originalCancellationToken)
   --- End of inner exception stack trace ---
   at System.Net.Http.HttpClient.HandleFailure(Exception e, Boolean telemetryStarted, HttpResponseMessage response, CancellationTokenSource cts, CancellationToken cancellationToken, CancellationTokenSource pendingRequestsCts)
   at System.Net.Http.HttpClient.<SendAsync>g__Core|83_0(HttpRequestMessage request, HttpCompletionOption completionOption, CancellationTokenSource cts, Boolean disposeCts, CancellationTokenSource pendingRequestsCts, CancellationToken originalCancellationToken)
   at Sdk.WebApi.WebApi.RawHttpClientBase.SendAsync(HttpRequestMessage message, HttpCompletionOption completionOption, Object userState, CancellationToken cancellationToken)
   at Sdk.WebApi.WebApi.RawHttpClientBase.SendAsync[T](HttpRequestMessage message, Boolean readErrorBody, Object userState, CancellationToken cancellationToken)
   at Sdk.WebApi.WebApi.RawHttpClientBase.SendAsync[T](HttpMethod method, IEnumerable`1 additionalHeaders, Uri requestUri, HttpContent content, IEnumerable`1 queryParameters, Boolean readErrorBody, Object userState, CancellationToken cancellationToken)
   at GitHub.Actions.RunService.WebApi.BrokerHttpClient.GetRunnerMessageAsync(Nullable`1 sessionId, String runnerVersion, Nullable`1 status, String os, String architecture, Nullable`1 disableUpdate, CancellationToken cancellationToken)
   at GitHub.Runner.Common.BrokerServer.<>c__DisplayClass7_0.<<GetRunnerMessageAsync>b__0>d.MoveNext()
--- End of stack trace from previous location ---
   at GitHub.Runner.Common.RunnerService.RetryRequest[T](Func`1 func, CancellationToken cancellationToken, Int32 maxAttempts, Func`2 shouldRetry)
[2026-10-04 04:09:32Z ERR  BrokerServer] #####################################################
[2026-10-04 04:09:32Z ERR  BrokerServer] System.Threading.Tasks.TaskCanceledException: The operation was canceled.
 ---> System.IO.IOException: Unable to read data from the transport connection: The I/O operation has been aborted because of either a thread exit or an application request..
 ---> System.Net.Sockets.SocketException (995): The I/O operation has been aborted because of either a thread exit or an application request.
   --- End of inner exception stack trace ---
   at System.Net.Sockets.Socket.AwaitableSocketAsyncEventArgs.System.Threading.Tasks.Sources.IValueTaskSource<System.Int32>.GetResult(Int16 token)
   at System.Net.Security.SslStream.EnsureFullTlsFrameAsync[TIOAdapter](CancellationToken cancellationToken, Int32 estimatedSize)
   at System.Runtime.CompilerServices.PoolingAsyncValueTaskMethodBuilder`1.StateMachineBox`1.System.Threading.Tasks.Sources.IValueTaskSource<TResult>.GetResult(Int16 token)
   at System.Net.Security.SslStream.ReadAsyncInternal[TIOAdapter](Memory`1 buffer, CancellationToken cancellationToken)
   at System.Runtime.CompilerServices.PoolingAsyncValueTaskMethodBuilder`1.StateMachineBox`1.System.Threading.Tasks.Sources.IValueTaskSource<TResult>.GetResult(Int16 token)
   at System.Net.Http.HttpConnection.SendAsync(HttpRequestMessage request, Boolean async, CancellationToken cancellationToken)
   --- End of inner exception stack trace ---
   at System.Net.Http.HttpConnection.SendAsync(HttpRequestMessage request, Boolean async, CancellationToken cancellationToken)
   at System.Net.Http.AuthenticationHelper.SendWithNtAuthAsync(HttpRequestMessage request, Uri authUri, Boolean async, ICredentials credentials, Boolean isProxyAuth, HttpConnection connection, HttpConnectionPool connectionPool, CancellationToken cancellationToken)
   at System.Net.Http.HttpConnectionPool.SendWithVersionDetectionAndRetryAsync(HttpRequestMessage request, Boolean async, Boolean doRequestAuth, CancellationToken cancellationToken)
   at System.Net.Http.AuthenticationHelper.SendWithAuthAsync(HttpRequestMessage request, Uri authUri, Boolean async, ICredentials credentials, Boolean preAuthenticate, Boolean isProxyAuth, Boolean doRequestAuth, HttpConnectionPool pool, CancellationToken cancellationToken)
   at System.Net.Http.RedirectHandler.SendAsync(HttpRequestMessage request, Boolean async, CancellationToken cancellationToken)
   at GitHub.Services.Common.RawHttpMessageHandler.SendAsync(HttpRequestMessage request, CancellationToken cancellationToken)
   at GitHub.Services.Common.VssHttpRetryMessageHandler.SendAsync(HttpRequestMessage request, CancellationToken cancellationToken)
   at System.Net.Http.HttpClient.<SendAsync>g__Core|83_0(HttpRequestMessage request, HttpCompletionOption completionOption, CancellationTokenSource cts, Boolean disposeCts, CancellationTokenSource pendingRequestsCts, CancellationToken originalCancellationToken)
[2026-10-04 04:09:32Z ERR  BrokerServer] #####################################################
[2026-10-04 04:09:32Z ERR  BrokerServer] System.IO.IOException: Unable to read data from the transport connection: The I/O operation has been aborted because of either a thread exit or an application request..
 ---> System.Net.Sockets.SocketException (995): The I/O operation has been aborted because of either a thread exit or an application request.
   --- End of inner exception stack trace ---
   at System.Net.Sockets.Socket.AwaitableSocketAsyncEventArgs.System.Threading.Tasks.Sources.IValueTaskSource<System.Int32>.GetResult(Int16 token)
   at System.Net.Security.SslStream.EnsureFullTlsFrameAsync[TIOAdapter](CancellationToken cancellationToken, Int32 estimatedSize)
   at System.Runtime.CompilerServices.PoolingAsyncValueTaskMethodBuilder`1.StateMachineBox`1.System.Threading.Tasks.Sources.IValueTaskSource<TResult>.GetResult(Int16 token)
   at System.Net.Security.SslStream.ReadAsyncInternal[TIOAdapter](Memory`1 buffer, CancellationToken cancellationToken)
   at System.Runtime.CompilerServices.PoolingAsyncValueTaskMethodBuilder`1.StateMachineBox`1.System.Threading.Tasks.Sources.IValueTaskSource<TResult>.GetResult(Int16 token)
   at System.Net.Http.HttpConnection.SendAsync(HttpRequestMessage request, Boolean async, CancellationToken cancellationToken)
[2026-10-04 04:09:32Z ERR  BrokerServer] #####################################################
[2026-10-04 04:09:32Z ERR  BrokerServer] System.Net.Sockets.SocketException (995): The I/O operation has been aborted because of either a thread exit or an application request.
[2026-10-04 04:09:32Z WARN BrokerServer] Back off 8.712 seconds before next retry. 4 attempt left.
[2026-10-04 04:09:32Z INFO BrokerMessageListener] Get messages has been cancelled using local token source. Continue to get messages with new status.
[2026-10-04 04:10:32Z INFO Runner] Received RunnerRefreshConfigMessage for 'runner' config file
[2026-10-04 04:10:32Z INFO RunnerConfigUpdater] Verifying runner qualified id: U_kgDOE2_gBw/R_kgDOU5t-jw/self-hosted/23
[2026-10-04 04:10:32Z INFO HostContext] Well known directory 'Bin': 'C:\Users\chella\Desktop\devopsassignment\devops-assignment\actions-runner\bin'
[2026-10-04 04:10:32Z INFO HostContext] Well known directory 'Root': 'C:\Users\chella\Desktop\devopsassignment\devops-assignment\actions-runner'
[2026-10-04 04:10:32Z INFO HostContext] Well known config file 'Runner': 'C:\Users\chella\Desktop\devopsassignment\devops-assignment\actions-runner\.runner'
[2026-10-04 04:10:32Z INFO RSAEncryptedFileKeyManager] Loading RSA key parameters from file C:\Users\chella\Desktop\devopsassignment\devops-assignment\actions-runner\.credentials_rsaparams
[2026-10-04 04:10:32Z INFO RSAEncryptedFileKeyManager] Loading RSA key parameters from file C:\Users\chella\Desktop\devopsassignment\devops-assignment\actions-runner\.credentials_rsaparams
[2026-10-04 04:10:33Z INFO GitHubActionsService] AAD Correlation ID for this token request: Unknown
[2026-10-04 04:10:34Z INFO ConfigurationStore] Saving runner migrated settings
[2026-10-04 04:10:34Z INFO ConfigurationStore] Migrated Settings Saved.
[2026-10-04 04:10:34Z INFO Runner] Runner configuration was updated. Session restart has been scheduled
[2026-10-04 04:10:34Z INFO Runner] Pending session restart detected and job dispatcher is not busy. Restarting session now.
[2026-10-04 04:10:34Z INFO JobDispatcher] Shutting down JobDispatcher. Make sure all WorkerDispatcher has finished.
[2026-10-04 04:10:34Z INFO JobDispatcher] Ensure WorkerDispatcher for job ac9a6c1f-f718-5507-8819-8ed820968d0b run to finish, cancel any running job.
[2026-10-04 04:10:34Z INFO JobDispatcher] Job request ac9a6c1f-f718-5507-8819-8ed820968d0b processed succeed.
[2026-10-04 04:10:34Z INFO Runner] Deleting Runner Session...
[2026-10-04 04:10:34Z INFO Runner] Restarting runner session after config update...
[2026-10-04 04:10:34Z INFO Runner] Runner configuration was refreshed, restarting session...
[2026-10-04 04:10:34Z INFO ConfigurationManager] LoadSettings
[2026-10-04 04:10:34Z INFO ConfigurationStore] IsConfigured()
[2026-10-04 04:10:34Z INFO ConfigurationStore] IsConfigured: True
[2026-10-04 04:10:34Z INFO ConfigurationManager] Is configured: True
[2026-10-04 04:10:34Z INFO ConfigurationManager] Settings Loaded
[2026-10-04 04:10:34Z INFO Runner] RunAsync
[2026-10-04 04:10:34Z INFO HostContext] Well known directory 'Bin': 'C:\Users\chella\Desktop\devopsassignment\devops-assignment\actions-runner\bin'
[2026-10-04 04:10:34Z INFO HostContext] Well known directory 'Root': 'C:\Users\chella\Desktop\devopsassignment\devops-assignment\actions-runner'
[2026-10-04 04:10:34Z INFO HostContext] Well known directory 'Work': 'C:\Users\chella\Desktop\devopsassignment\devops-assignment\actions-runner\_work'
[2026-10-04 04:10:34Z INFO Runner] Validating directory permissions for: 'C:\Users\chella\Desktop\devopsassignment\devops-assignment\actions-runner\_work'
[2026-10-04 04:10:34Z INFO ConfigurationManager] LoadMigratedSettings
[2026-10-04 04:10:34Z INFO ConfigurationStore] IsMigratedConfigured()
[2026-10-04 04:10:34Z INFO ConfigurationStore] IsMigratedConfigured: True
[2026-10-04 04:10:34Z INFO ConfigurationStore] Read migrated setting file: 416 chars
[2026-10-04 04:10:34Z INFO ConfigurationManager] Migrated Settings Loaded
[2026-10-04 04:10:34Z INFO Runner] Loaded migrated settings from .runner_migrated file
[2026-10-04 04:10:34Z INFO Runner] {
  "AgentId": 23,
  "AgentName": "windows-jenkins-runner",
  "PoolId": 1,
  "PoolName": "Default",
  "ServerUrl": "https://pipelinesghubeus24.actions.githubusercontent.com/je6Z9G489BmDuyRYs4elUKGeJpqRRkZnGFdbRMpFP9gKvYNvQP/",
  "GitHubUrl": "https://github.com/2025tm93069/devops-assignment",
  "WorkFolder": "_work",
  "UseV2Flow": true,
  "ServerUrlV2": "https://broker.actions.githubusercontent.com/"
}
[2026-10-04 04:10:34Z INFO Runner] Attempting to create session using migrated settings
[2026-10-04 04:10:34Z INFO Runner] Using BrokerMessageListener
[2026-10-04 04:10:34Z INFO BrokerMessageListener] Using provided settings
[2026-10-04 04:10:34Z INFO BrokerMessageListener] Using migrated settings from .runner_migrated
[2026-10-04 04:10:34Z INFO BrokerMessageListener] {
  "AgentId": 23,
  "AgentName": "windows-jenkins-runner",
  "PoolId": 1,
  "PoolName": "Default",
  "ServerUrl": "https://pipelinesghubeus24.actions.githubusercontent.com/je6Z9G489BmDuyRYs4elUKGeJpqRRkZnGFdbRMpFP9gKvYNvQP/",
  "GitHubUrl": "https://github.com/2025tm93069/devops-assignment",
  "WorkFolder": "_work",
  "UseV2Flow": true,
  "ServerUrlV2": "https://broker.actions.githubusercontent.com/"
}
[2026-10-04 04:10:34Z INFO BrokerMessageListener] Loading Credentials
[2026-10-04 04:10:34Z INFO ConfigurationStore] HasCredentials()
[2026-10-04 04:10:34Z INFO ConfigurationStore] stored True
[2026-10-04 04:10:34Z INFO CredentialManager] GetCredentialProvider
[2026-10-04 04:10:34Z INFO CredentialManager] Creating type OAuth
[2026-10-04 04:10:34Z INFO CredentialManager] Creating credential type: OAuth
[2026-10-04 04:10:34Z INFO RSAEncryptedFileKeyManager] Loading RSA key parameters from file C:\Users\chella\Desktop\devopsassignment\devops-assignment\actions-runner\.credentials_rsaparams
[2026-10-04 04:10:34Z INFO BrokerMessageListener] Attempt to create session.
[2026-10-04 04:10:34Z INFO BrokerMessageListener] Connecting to the Broker Server...
[2026-10-04 04:10:34Z INFO ConfigurationStore] HasCredentials()
[2026-10-04 04:10:34Z INFO ConfigurationStore] stored True
[2026-10-04 04:10:34Z INFO CredentialManager] GetCredentialProvider
[2026-10-04 04:10:34Z INFO CredentialManager] Creating type OAuth
[2026-10-04 04:10:34Z INFO CredentialManager] Creating credential type: OAuth
[2026-10-04 04:10:34Z INFO RSAEncryptedFileKeyManager] Loading RSA key parameters from file C:\Users\chella\Desktop\devopsassignment\devops-assignment\actions-runner\.credentials_rsaparams
[2026-10-04 04:10:34Z INFO BrokerMessageListener] VssConnection created
[2026-10-04 04:10:34Z INFO BrokerMessageListener] Connecting to the Runner server...
[2026-10-04 04:10:34Z INFO RunnerServer] EstablishVssConnection
[2026-10-04 04:10:34Z INFO RunnerServer] Establish connection with 100 seconds timeout.
[2026-10-04 04:10:34Z INFO GitHubActionsService] Starting operation Location.GetConnectionData
[2026-10-04 04:10:34Z INFO RunnerServer] EstablishVssConnection
[2026-10-04 04:10:34Z INFO RunnerServer] Establish connection with 60 seconds timeout.
[2026-10-04 04:10:34Z INFO GitHubActionsService] Starting operation Location.GetConnectionData
[2026-10-04 04:10:34Z INFO RunnerServer] EstablishVssConnection
[2026-10-04 04:10:34Z INFO RunnerServer] Establish connection with 60 seconds timeout.
[2026-10-04 04:10:34Z INFO GitHubActionsService] Starting operation Location.GetConnectionData
[2026-10-04 04:10:35Z INFO GitHubActionsService] Finished operation Location.GetConnectionData
[2026-10-04 04:10:35Z INFO GitHubActionsService] Finished operation Location.GetConnectionData
[2026-10-04 04:10:35Z INFO GitHubActionsService] Finished operation Location.GetConnectionData
[2026-10-04 04:10:35Z INFO BrokerMessageListener] VssConnection created
[2026-10-04 04:10:35Z INFO Terminal] WRITE LINE: 
[2026-10-04 04:10:35Z INFO Terminal] WRITE LINE: 
[2026-10-04 04:10:35Z INFO RSAEncryptedFileKeyManager] Loading RSA key parameters from file C:\Users\chella\Desktop\devopsassignment\devops-assignment\actions-runner\.credentials_rsaparams
[2026-10-04 04:10:35Z INFO RSAEncryptedFileKeyManager] Loading RSA key parameters from file C:\Users\chella\Desktop\devopsassignment\devops-assignment\actions-runner\.credentials_rsaparams
[2026-10-04 04:10:36Z INFO GitHubActionsService] AAD Correlation ID for this token request: Unknown
[2026-10-04 04:10:36Z INFO BrokerMessageListener] Session created.
[2026-10-04 04:10:36Z INFO Runner] Successfully created session with migrated settings
[2026-10-04 04:10:36Z INFO Terminal] WRITE LINE: Current runner version: '2.337.0'
[2026-10-04 04:10:36Z INFO Terminal] WRITE LINE: 2026-10-04 04:10:36Z: Listening for Jobs
[2026-10-04 04:10:36Z INFO JobDispatcher] Set runner/worker IPC timeout to 30 seconds.
[2026-10-04 04:16:43Z INFO BrokerMessageListener] Acknowledging runner request '45d76ced-4537-5aec-a47f-9e0dc0e97e0c'.
[2026-10-04 04:16:43Z INFO ConfigurationStore] HasCredentials()
[2026-10-04 04:16:43Z INFO ConfigurationStore] stored True
[2026-10-04 04:16:43Z INFO CredentialManager] GetCredentialProvider
[2026-10-04 04:16:43Z INFO CredentialManager] Creating type OAuth
[2026-10-04 04:16:43Z INFO CredentialManager] Creating credential type: OAuth
[2026-10-04 04:16:43Z INFO RSAEncryptedFileKeyManager] Loading RSA key parameters from file C:\Users\chella\Desktop\devopsassignment\devops-assignment\actions-runner\.credentials_rsaparams
[2026-10-04 04:16:43Z INFO RSAEncryptedFileKeyManager] Loading RSA key parameters from file C:\Users\chella\Desktop\devopsassignment\devops-assignment\actions-runner\.credentials_rsaparams
[2026-10-04 04:16:43Z INFO RSAEncryptedFileKeyManager] Loading RSA key parameters from file C:\Users\chella\Desktop\devopsassignment\devops-assignment\actions-runner\.credentials_rsaparams
[2026-10-04 04:16:44Z INFO GitHubActionsService] AAD Correlation ID for this token request: Unknown
[2026-10-04 04:16:45Z INFO JobDispatcher] Job request 0 for plan 85630f33-b172-8004-9ef5-39571d22cee3 job 45d76ced-4537-5aec-a47f-9e0dc0e97e0c received.
[2026-10-04 04:16:45Z INFO JobDispatcher] Pull OrchestrationId 85630f33-b172-8004-9ef5-39571d22cee3.trigger-jenkins.__default from JWT claims
[2026-10-04 04:16:45Z INFO BrokerMessageListener] Received job status event. JobState: Busy
[2026-10-04 04:16:45Z INFO BrokerMessageListener] _getMessagesTokenSource is already disposed.
[2026-10-04 04:16:45Z INFO Terminal] WRITE LINE: 2026-10-04 04:16:45Z: Running job: trigger-jenkins
[2026-10-04 04:16:45Z INFO JobDispatcher] Start renew job request 0 for job 45d76ced-4537-5aec-a47f-9e0dc0e97e0c.
[2026-10-04 04:16:45Z INFO JobDispatcher] Successfully renew job 45d76ced-4537-5aec-a47f-9e0dc0e97e0c, job is valid till 04-10-2026 04:26:46
[2026-10-04 04:16:45Z INFO HostContext] Well known directory 'Bin': 'C:\Users\chella\Desktop\devopsassignment\devops-assignment\actions-runner\bin'
[2026-10-04 04:16:45Z INFO ProcessInvokerWrapper] Starting process:
[2026-10-04 04:16:45Z INFO ProcessInvokerWrapper]   File name: 'C:\Users\chella\Desktop\devopsassignment\devops-assignment\actions-runner\bin\Runner.Worker.exe'
[2026-10-04 04:16:45Z INFO ProcessInvokerWrapper]   Arguments: 'spawnclient 2388 2580'
[2026-10-04 04:16:45Z INFO ProcessInvokerWrapper]   Working directory: 'C:\Users\chella\Desktop\devopsassignment\devops-assignment\actions-runner\bin'
[2026-10-04 04:16:45Z INFO ProcessInvokerWrapper]   Require exit code zero: 'False'
[2026-10-04 04:16:45Z INFO ProcessInvokerWrapper]   Encoding web name:  ; code page: ''
[2026-10-04 04:16:45Z INFO ProcessInvokerWrapper]   Force kill process on cancellation: 'True'
[2026-10-04 04:16:45Z INFO ProcessInvokerWrapper]   Redirected STDIN: 'False'
[2026-10-04 04:16:45Z INFO ProcessInvokerWrapper]   Persist current code page: 'False'
[2026-10-04 04:16:45Z INFO ProcessInvokerWrapper]   Keep redirected STDIN open: 'False'
[2026-10-04 04:16:45Z INFO ProcessInvokerWrapper]   High priority process: 'True'
[2026-10-04 04:16:45Z INFO ProcessInvokerWrapper] Process started with process id 15824, waiting for process exit.
[2026-10-04 04:16:45Z INFO JobDispatcher] Send job request message to worker for job 45d76ced-4537-5aec-a47f-9e0dc0e97e0c.
[2026-10-04 04:16:45Z INFO ProcessChannel] Sending message of length 24368, with hash 'd3ec6eb27661d58f25f21b3bef6c7fbcf2c2020a4ee98d78e0c0da9f18318bc8'
[2026-10-04 04:16:46Z INFO JobNotification] Entering JobStarted Notification
[2026-10-04 04:16:46Z INFO JobNotification] Entering StartMonitor
[2026-10-04 04:16:53Z INFO ProcessInvokerWrapper] STDOUT/STDERR stream read finished.
[2026-10-04 04:16:53Z INFO ProcessInvokerWrapper] STDOUT/STDERR stream read finished.
[2026-10-04 04:16:53Z INFO ProcessInvokerWrapper] Finished process 15824 with exit code 100, and elapsed time 00:00:07.6407720.
[2026-10-04 04:16:53Z INFO JobDispatcher] Worker finished for job 45d76ced-4537-5aec-a47f-9e0dc0e97e0c. Code: 100
[2026-10-04 04:16:53Z INFO JobDispatcher] finish job request for job 45d76ced-4537-5aec-a47f-9e0dc0e97e0c with result: Succeeded
[2026-10-04 04:16:53Z INFO Terminal] WRITE LINE: 2026-10-04 04:16:53Z: Job trigger-jenkins completed with result: Succeeded
[2026-10-04 04:16:53Z INFO JobDispatcher] Stop renew job request for job 45d76ced-4537-5aec-a47f-9e0dc0e97e0c.
[2026-10-04 04:16:53Z INFO JobDispatcher] job renew has been cancelled, stop renew job 45d76ced-4537-5aec-a47f-9e0dc0e97e0c.
[2026-10-04 04:16:53Z INFO JobNotification] Entering JobCompleted Notification
[2026-10-04 04:16:53Z INFO JobNotification] Entering EndMonitor
[2026-10-04 04:16:53Z INFO BrokerMessageListener] Received job status event. JobState: Online
[2026-10-04 04:16:53Z WARN GitHubActionsService] GET request to https://broker.actions.githubusercontent.com/message?sessionId=aafadf7c-0278-4073-85d2-1c5a992436e5&status=Busy&runnerVersion=2.337.0&os=Windows&architecture=X64&disableUpdate=false has been cancelled.
[2026-10-04 04:16:53Z ERR  BrokerServer] Catch exception during request
[2026-10-04 04:16:53Z ERR  BrokerServer] System.Threading.Tasks.TaskCanceledException: The operation was canceled.
 ---> System.Threading.Tasks.TaskCanceledException: The operation was canceled.
 ---> System.IO.IOException: Unable to read data from the transport connection: The I/O operation has been aborted because of either a thread exit or an application request..
 ---> System.Net.Sockets.SocketException (995): The I/O operation has been aborted because of either a thread exit or an application request.
   --- End of inner exception stack trace ---
   at System.Net.Sockets.Socket.AwaitableSocketAsyncEventArgs.System.Threading.Tasks.Sources.IValueTaskSource<System.Int32>.GetResult(Int16 token)
   at System.Net.Security.SslStream.EnsureFullTlsFrameAsync[TIOAdapter](CancellationToken cancellationToken, Int32 estimatedSize)
   at System.Runtime.CompilerServices.PoolingAsyncValueTaskMethodBuilder`1.StateMachineBox`1.System.Threading.Tasks.Sources.IValueTaskSource<TResult>.GetResult(Int16 token)
   at System.Net.Security.SslStream.ReadAsyncInternal[TIOAdapter](Memory`1 buffer, CancellationToken cancellationToken)
   at System.Runtime.CompilerServices.PoolingAsyncValueTaskMethodBuilder`1.StateMachineBox`1.System.Threading.Tasks.Sources.IValueTaskSource<TResult>.GetResult(Int16 token)
   at System.Net.Http.HttpConnection.SendAsync(HttpRequestMessage request, Boolean async, CancellationToken cancellationToken)
   --- End of inner exception stack trace ---
   at System.Net.Http.HttpConnection.SendAsync(HttpRequestMessage request, Boolean async, CancellationToken cancellationToken)
   at System.Net.Http.AuthenticationHelper.SendWithNtAuthAsync(HttpRequestMessage request, Uri authUri, Boolean async, ICredentials credentials, Boolean isProxyAuth, HttpConnection connection, HttpConnectionPool connectionPool, CancellationToken cancellationToken)
   at System.Net.Http.HttpConnectionPool.SendWithVersionDetectionAndRetryAsync(HttpRequestMessage request, Boolean async, Boolean doRequestAuth, CancellationToken cancellationToken)
   at System.Net.Http.AuthenticationHelper.SendWithAuthAsync(HttpRequestMessage request, Uri authUri, Boolean async, ICredentials credentials, Boolean preAuthenticate, Boolean isProxyAuth, Boolean doRequestAuth, HttpConnectionPool pool, CancellationToken cancellationToken)
   at System.Net.Http.RedirectHandler.SendAsync(HttpRequestMessage request, Boolean async, CancellationToken cancellationToken)
   at GitHub.Services.Common.RawHttpMessageHandler.SendAsync(HttpRequestMessage request, CancellationToken cancellationToken)
   at GitHub.Services.Common.VssHttpRetryMessageHandler.SendAsync(HttpRequestMessage request, CancellationToken cancellationToken)
   at System.Net.Http.HttpClient.<SendAsync>g__Core|83_0(HttpRequestMessage request, HttpCompletionOption completionOption, CancellationTokenSource cts, Boolean disposeCts, CancellationTokenSource pendingRequestsCts, CancellationToken originalCancellationToken)
   --- End of inner exception stack trace ---
   at System.Net.Http.HttpClient.HandleFailure(Exception e, Boolean telemetryStarted, HttpResponseMessage response, CancellationTokenSource cts, CancellationToken cancellationToken, CancellationTokenSource pendingRequestsCts)
   at System.Net.Http.HttpClient.<SendAsync>g__Core|83_0(HttpRequestMessage request, HttpCompletionOption completionOption, CancellationTokenSource cts, Boolean disposeCts, CancellationTokenSource pendingRequestsCts, CancellationToken originalCancellationToken)
   at Sdk.WebApi.WebApi.RawHttpClientBase.SendAsync(HttpRequestMessage message, HttpCompletionOption completionOption, Object userState, CancellationToken cancellationToken)
   at Sdk.WebApi.WebApi.RawHttpClientBase.SendAsync[T](HttpRequestMessage message, Boolean readErrorBody, Object userState, CancellationToken cancellationToken)
   at Sdk.WebApi.WebApi.RawHttpClientBase.SendAsync[T](HttpMethod method, IEnumerable`1 additionalHeaders, Uri requestUri, HttpContent content, IEnumerable`1 queryParameters, Boolean readErrorBody, Object userState, CancellationToken cancellationToken)
   at GitHub.Actions.RunService.WebApi.BrokerHttpClient.GetRunnerMessageAsync(Nullable`1 sessionId, String runnerVersion, Nullable`1 status, String os, String architecture, Nullable`1 disableUpdate, CancellationToken cancellationToken)
   at GitHub.Runner.Common.BrokerServer.<>c__DisplayClass7_0.<<GetRunnerMessageAsync>b__0>d.MoveNext()
--- End of stack trace from previous location ---
   at GitHub.Runner.Common.RunnerService.RetryRequest[T](Func`1 func, CancellationToken cancellationToken, Int32 maxAttempts, Func`2 shouldRetry)
[2026-10-04 04:16:53Z ERR  BrokerServer] #####################################################
[2026-10-04 04:16:53Z ERR  BrokerServer] System.Threading.Tasks.TaskCanceledException: The operation was canceled.
 ---> System.IO.IOException: Unable to read data from the transport connection: The I/O operation has been aborted because of either a thread exit or an application request..
 ---> System.Net.Sockets.SocketException (995): The I/O operation has been aborted because of either a thread exit or an application request.
   --- End of inner exception stack trace ---
   at System.Net.Sockets.Socket.AwaitableSocketAsyncEventArgs.System.Threading.Tasks.Sources.IValueTaskSource<System.Int32>.GetResult(Int16 token)
   at System.Net.Security.SslStream.EnsureFullTlsFrameAsync[TIOAdapter](CancellationToken cancellationToken, Int32 estimatedSize)
   at System.Runtime.CompilerServices.PoolingAsyncValueTaskMethodBuilder`1.StateMachineBox`1.System.Threading.Tasks.Sources.IValueTaskSource<TResult>.GetResult(Int16 token)
   at System.Net.Security.SslStream.ReadAsyncInternal[TIOAdapter](Memory`1 buffer, CancellationToken cancellationToken)
   at System.Runtime.CompilerServices.PoolingAsyncValueTaskMethodBuilder`1.StateMachineBox`1.System.Threading.Tasks.Sources.IValueTaskSource<TResult>.GetResult(Int16 token)
   at System.Net.Http.HttpConnection.SendAsync(HttpRequestMessage request, Boolean async, CancellationToken cancellationToken)
   --- End of inner exception stack trace ---
   at System.Net.Http.HttpConnection.SendAsync(HttpRequestMessage request, Boolean async, CancellationToken cancellationToken)
   at System.Net.Http.AuthenticationHelper.SendWithNtAuthAsync(HttpRequestMessage request, Uri authUri, Boolean async, ICredentials credentials, Boolean isProxyAuth, HttpConnection connection, HttpConnectionPool connectionPool, CancellationToken cancellationToken)
   at System.Net.Http.HttpConnectionPool.SendWithVersionDetectionAndRetryAsync(HttpRequestMessage request, Boolean async, Boolean doRequestAuth, CancellationToken cancellationToken)
   at System.Net.Http.AuthenticationHelper.SendWithAuthAsync(HttpRequestMessage request, Uri authUri, Boolean async, ICredentials credentials, Boolean preAuthenticate, Boolean isProxyAuth, Boolean doRequestAuth, HttpConnectionPool pool, CancellationToken cancellationToken)
   at System.Net.Http.RedirectHandler.SendAsync(HttpRequestMessage request, Boolean async, CancellationToken cancellationToken)
   at GitHub.Services.Common.RawHttpMessageHandler.SendAsync(HttpRequestMessage request, CancellationToken cancellationToken)
   at GitHub.Services.Common.VssHttpRetryMessageHandler.SendAsync(HttpRequestMessage request, CancellationToken cancellationToken)
   at System.Net.Http.HttpClient.<SendAsync>g__Core|83_0(HttpRequestMessage request, HttpCompletionOption completionOption, CancellationTokenSource cts, Boolean disposeCts, CancellationTokenSource pendingRequestsCts, CancellationToken originalCancellationToken)
[2026-10-04 04:16:53Z ERR  BrokerServer] #####################################################
[2026-10-04 04:16:53Z ERR  BrokerServer] System.IO.IOException: Unable to read data from the transport connection: The I/O operation has been aborted because of either a thread exit or an application request..
 ---> System.Net.Sockets.SocketException (995): The I/O operation has been aborted because of either a thread exit or an application request.
   --- End of inner exception stack trace ---
   at System.Net.Sockets.Socket.AwaitableSocketAsyncEventArgs.System.Threading.Tasks.Sources.IValueTaskSource<System.Int32>.GetResult(Int16 token)
   at System.Net.Security.SslStream.EnsureFullTlsFrameAsync[TIOAdapter](CancellationToken cancellationToken, Int32 estimatedSize)
   at System.Runtime.CompilerServices.PoolingAsyncValueTaskMethodBuilder`1.StateMachineBox`1.System.Threading.Tasks.Sources.IValueTaskSource<TResult>.GetResult(Int16 token)
   at System.Net.Security.SslStream.ReadAsyncInternal[TIOAdapter](Memory`1 buffer, CancellationToken cancellationToken)
   at System.Runtime.CompilerServices.PoolingAsyncValueTaskMethodBuilder`1.StateMachineBox`1.System.Threading.Tasks.Sources.IValueTaskSource<TResult>.GetResult(Int16 token)
   at System.Net.Http.HttpConnection.SendAsync(HttpRequestMessage request, Boolean async, CancellationToken cancellationToken)
[2026-10-04 04:16:53Z ERR  BrokerServer] #####################################################
[2026-10-04 04:16:53Z ERR  BrokerServer] System.Net.Sockets.SocketException (995): The I/O operation has been aborted because of either a thread exit or an application request.
[2026-10-04 04:16:53Z WARN BrokerServer] Back off 13.552 seconds before next retry. 4 attempt left.
[2026-10-04 04:16:53Z INFO BrokerMessageListener] Get messages has been cancelled using local token source. Continue to get messages with new status.
[2026-10-04 04:16:54Z INFO BrokerMessageListener] Acknowledging runner request '9567250f-e702-5f85-913e-1ee0ca44e6b1'.
[2026-10-04 04:16:54Z INFO ConfigurationStore] HasCredentials()
[2026-10-04 04:16:54Z INFO ConfigurationStore] stored True
[2026-10-04 04:16:54Z INFO CredentialManager] GetCredentialProvider
[2026-10-04 04:16:54Z INFO CredentialManager] Creating type OAuth
[2026-10-04 04:16:54Z INFO CredentialManager] Creating credential type: OAuth
[2026-10-04 04:16:54Z INFO RSAEncryptedFileKeyManager] Loading RSA key parameters from file C:\Users\chella\Desktop\devopsassignment\devops-assignment\actions-runner\.credentials_rsaparams
[2026-10-04 04:16:54Z INFO RSAEncryptedFileKeyManager] Loading RSA key parameters from file C:\Users\chella\Desktop\devopsassignment\devops-assignment\actions-runner\.credentials_rsaparams
[2026-10-04 04:16:54Z INFO RSAEncryptedFileKeyManager] Loading RSA key parameters from file C:\Users\chella\Desktop\devopsassignment\devops-assignment\actions-runner\.credentials_rsaparams
[2026-10-04 04:16:55Z INFO GitHubActionsService] AAD Correlation ID for this token request: Unknown
[2026-10-04 04:16:56Z INFO JobDispatcher] Job request 0 for plan e0ce4332-2e95-8ca3-b820-39f8308fb1fd job 9567250f-e702-5f85-913e-1ee0ca44e6b1 received.
[2026-10-04 04:16:56Z INFO JobDispatcher] Pull OrchestrationId e0ce4332-2e95-8ca3-b820-39f8308fb1fd.trigger-jenkins.__default from JWT claims
[2026-10-04 04:16:56Z INFO BrokerMessageListener] Received job status event. JobState: Busy
[2026-10-04 04:16:56Z INFO BrokerMessageListener] _getMessagesTokenSource is already disposed.
[2026-10-04 04:16:56Z INFO JobDispatcher] Job request 45d76ced-4537-5aec-a47f-9e0dc0e97e0c processed succeed.
[2026-10-04 04:16:56Z INFO Terminal] WRITE LINE: 2026-10-04 04:16:56Z: Running job: Trigger Jenkins Pipeline
[2026-10-04 04:16:56Z INFO JobDispatcher] Start renew job request 0 for job 9567250f-e702-5f85-913e-1ee0ca44e6b1.
[2026-10-04 04:16:57Z INFO JobDispatcher] Successfully renew job 9567250f-e702-5f85-913e-1ee0ca44e6b1, job is valid till 04-10-2026 04:26:57
[2026-10-04 04:16:57Z INFO HostContext] Well known directory 'Bin': 'C:\Users\chella\Desktop\devopsassignment\devops-assignment\actions-runner\bin'
[2026-10-04 04:16:57Z INFO ProcessInvokerWrapper] Starting process:
[2026-10-04 04:16:57Z INFO ProcessInvokerWrapper]   File name: 'C:\Users\chella\Desktop\devopsassignment\devops-assignment\actions-runner\bin\Runner.Worker.exe'
[2026-10-04 04:16:57Z INFO ProcessInvokerWrapper]   Arguments: 'spawnclient 984 2072'
[2026-10-04 04:16:57Z INFO ProcessInvokerWrapper]   Working directory: 'C:\Users\chella\Desktop\devopsassignment\devops-assignment\actions-runner\bin'
[2026-10-04 04:16:57Z INFO ProcessInvokerWrapper]   Require exit code zero: 'False'
[2026-10-04 04:16:57Z INFO ProcessInvokerWrapper]   Encoding web name:  ; code page: ''
[2026-10-04 04:16:57Z INFO ProcessInvokerWrapper]   Force kill process on cancellation: 'True'
[2026-10-04 04:16:57Z INFO ProcessInvokerWrapper]   Redirected STDIN: 'False'
[2026-10-04 04:16:57Z INFO ProcessInvokerWrapper]   Persist current code page: 'False'
[2026-10-04 04:16:57Z INFO ProcessInvokerWrapper]   Keep redirected STDIN open: 'False'
[2026-10-04 04:16:57Z INFO ProcessInvokerWrapper]   High priority process: 'True'
[2026-10-04 04:16:57Z INFO ProcessInvokerWrapper] Process started with process id 26472, waiting for process exit.
[2026-10-04 04:16:57Z INFO JobDispatcher] Send job request message to worker for job 9567250f-e702-5f85-913e-1ee0ca44e6b1.
[2026-10-04 04:16:57Z INFO ProcessChannel] Sending message of length 24334, with hash '02e6c28173a770e4b966d6aa57da4d362a81e3659ef1061fcb0f57b2143473f8'
[2026-10-04 04:16:57Z INFO JobNotification] Entering JobStarted Notification
[2026-10-04 04:16:57Z INFO JobNotification] Entering StartMonitor
[2026-10-04 04:17:04Z INFO ProcessInvokerWrapper] STDOUT/STDERR stream read finished.
[2026-10-04 04:17:04Z INFO ProcessInvokerWrapper] STDOUT/STDERR stream read finished.
[2026-10-04 04:17:04Z INFO ProcessInvokerWrapper] Finished process 26472 with exit code 100, and elapsed time 00:00:07.7923933.
[2026-10-04 04:17:04Z INFO JobDispatcher] Worker finished for job 9567250f-e702-5f85-913e-1ee0ca44e6b1. Code: 100
[2026-10-04 04:17:04Z INFO JobDispatcher] finish job request for job 9567250f-e702-5f85-913e-1ee0ca44e6b1 with result: Succeeded
[2026-10-04 04:17:04Z INFO Terminal] WRITE LINE: 2026-10-04 04:17:04Z: Job Trigger Jenkins Pipeline completed with result: Succeeded
[2026-10-04 04:17:04Z INFO JobDispatcher] Stop renew job request for job 9567250f-e702-5f85-913e-1ee0ca44e6b1.
[2026-10-04 04:17:04Z INFO JobDispatcher] job renew has been cancelled, stop renew job 9567250f-e702-5f85-913e-1ee0ca44e6b1.
[2026-10-04 04:17:04Z INFO JobNotification] Entering JobCompleted Notification
[2026-10-04 04:17:04Z INFO JobNotification] Entering EndMonitor
[2026-10-04 04:17:04Z INFO BrokerMessageListener] Received job status event. JobState: Online
[2026-10-04 04:17:04Z WARN GitHubActionsService] GET request to https://broker.actions.githubusercontent.com/message?sessionId=aafadf7c-0278-4073-85d2-1c5a992436e5&status=Busy&runnerVersion=2.337.0&os=Windows&architecture=X64&disableUpdate=false has been cancelled.
[2026-10-04 04:17:04Z ERR  BrokerServer] Catch exception during request
[2026-10-04 04:17:04Z ERR  BrokerServer] System.Threading.Tasks.TaskCanceledException: The operation was canceled.
 ---> System.Threading.Tasks.TaskCanceledException: The operation was canceled.
 ---> System.IO.IOException: Unable to read data from the transport connection: The I/O operation has been aborted because of either a thread exit or an application request..
 ---> System.Net.Sockets.SocketException (995): The I/O operation has been aborted because of either a thread exit or an application request.
   --- End of inner exception stack trace ---
   at System.Net.Sockets.Socket.AwaitableSocketAsyncEventArgs.System.Threading.Tasks.Sources.IValueTaskSource<System.Int32>.GetResult(Int16 token)
   at System.Net.Security.SslStream.EnsureFullTlsFrameAsync[TIOAdapter](CancellationToken cancellationToken, Int32 estimatedSize)
   at System.Runtime.CompilerServices.PoolingAsyncValueTaskMethodBuilder`1.StateMachineBox`1.System.Threading.Tasks.Sources.IValueTaskSource<TResult>.GetResult(Int16 token)
   at System.Net.Security.SslStream.ReadAsyncInternal[TIOAdapter](Memory`1 buffer, CancellationToken cancellationToken)
   at System.Runtime.CompilerServices.PoolingAsyncValueTaskMethodBuilder`1.StateMachineBox`1.System.Threading.Tasks.Sources.IValueTaskSource<TResult>.GetResult(Int16 token)
   at System.Net.Http.HttpConnection.SendAsync(HttpRequestMessage request, Boolean async, CancellationToken cancellationToken)
   --- End of inner exception stack trace ---
   at System.Net.Http.HttpConnection.SendAsync(HttpRequestMessage request, Boolean async, CancellationToken cancellationToken)
   at System.Net.Http.AuthenticationHelper.SendWithNtAuthAsync(HttpRequestMessage request, Uri authUri, Boolean async, ICredentials credentials, Boolean isProxyAuth, HttpConnection connection, HttpConnectionPool connectionPool, CancellationToken cancellationToken)
   at System.Net.Http.HttpConnectionPool.SendWithVersionDetectionAndRetryAsync(HttpRequestMessage request, Boolean async, Boolean doRequestAuth, CancellationToken cancellationToken)
   at System.Net.Http.AuthenticationHelper.SendWithAuthAsync(HttpRequestMessage request, Uri authUri, Boolean async, ICredentials credentials, Boolean preAuthenticate, Boolean isProxyAuth, Boolean doRequestAuth, HttpConnectionPool pool, CancellationToken cancellationToken)
   at System.Net.Http.RedirectHandler.SendAsync(HttpRequestMessage request, Boolean async, CancellationToken cancellationToken)
   at GitHub.Services.Common.RawHttpMessageHandler.SendAsync(HttpRequestMessage request, CancellationToken cancellationToken)
   at GitHub.Services.Common.VssHttpRetryMessageHandler.SendAsync(HttpRequestMessage request, CancellationToken cancellationToken)
   at System.Net.Http.HttpClient.<SendAsync>g__Core|83_0(HttpRequestMessage request, HttpCompletionOption completionOption, CancellationTokenSource cts, Boolean disposeCts, CancellationTokenSource pendingRequestsCts, CancellationToken originalCancellationToken)
   --- End of inner exception stack trace ---
   at System.Net.Http.HttpClient.HandleFailure(Exception e, Boolean telemetryStarted, HttpResponseMessage response, CancellationTokenSource cts, CancellationToken cancellationToken, CancellationTokenSource pendingRequestsCts)
   at System.Net.Http.HttpClient.<SendAsync>g__Core|83_0(HttpRequestMessage request, HttpCompletionOption completionOption, CancellationTokenSource cts, Boolean disposeCts, CancellationTokenSource pendingRequestsCts, CancellationToken originalCancellationToken)
   at Sdk.WebApi.WebApi.RawHttpClientBase.SendAsync(HttpRequestMessage message, HttpCompletionOption completionOption, Object userState, CancellationToken cancellationToken)
   at Sdk.WebApi.WebApi.RawHttpClientBase.SendAsync[T](HttpRequestMessage message, Boolean readErrorBody, Object userState, CancellationToken cancellationToken)
   at Sdk.WebApi.WebApi.RawHttpClientBase.SendAsync[T](HttpMethod method, IEnumerable`1 additionalHeaders, Uri requestUri, HttpContent content, IEnumerable`1 queryParameters, Boolean readErrorBody, Object userState, CancellationToken cancellationToken)
   at GitHub.Actions.RunService.WebApi.BrokerHttpClient.GetRunnerMessageAsync(Nullable`1 sessionId, String runnerVersion, Nullable`1 status, String os, String architecture, Nullable`1 disableUpdate, CancellationToken cancellationToken)
   at GitHub.Runner.Common.BrokerServer.<>c__DisplayClass7_0.<<GetRunnerMessageAsync>b__0>d.MoveNext()
--- End of stack trace from previous location ---
   at GitHub.Runner.Common.RunnerService.RetryRequest[T](Func`1 func, CancellationToken cancellationToken, Int32 maxAttempts, Func`2 shouldRetry)
[2026-10-04 04:17:04Z ERR  BrokerServer] #####################################################
[2026-10-04 04:17:04Z ERR  BrokerServer] System.Threading.Tasks.TaskCanceledException: The operation was canceled.
 ---> System.IO.IOException: Unable to read data from the transport connection: The I/O operation has been aborted because of either a thread exit or an application request..
 ---> System.Net.Sockets.SocketException (995): The I/O operation has been aborted because of either a thread exit or an application request.
   --- End of inner exception stack trace ---
   at System.Net.Sockets.Socket.AwaitableSocketAsyncEventArgs.System.Threading.Tasks.Sources.IValueTaskSource<System.Int32>.GetResult(Int16 token)
   at System.Net.Security.SslStream.EnsureFullTlsFrameAsync[TIOAdapter](CancellationToken cancellationToken, Int32 estimatedSize)
   at System.Runtime.CompilerServices.PoolingAsyncValueTaskMethodBuilder`1.StateMachineBox`1.System.Threading.Tasks.Sources.IValueTaskSource<TResult>.GetResult(Int16 token)
   at System.Net.Security.SslStream.ReadAsyncInternal[TIOAdapter](Memory`1 buffer, CancellationToken cancellationToken)
   at System.Runtime.CompilerServices.PoolingAsyncValueTaskMethodBuilder`1.StateMachineBox`1.System.Threading.Tasks.Sources.IValueTaskSource<TResult>.GetResult(Int16 token)
   at System.Net.Http.HttpConnection.SendAsync(HttpRequestMessage request, Boolean async, CancellationToken cancellationToken)
   --- End of inner exception stack trace ---
   at System.Net.Http.HttpConnection.SendAsync(HttpRequestMessage request, Boolean async, CancellationToken cancellationToken)
   at System.Net.Http.AuthenticationHelper.SendWithNtAuthAsync(HttpRequestMessage request, Uri authUri, Boolean async, ICredentials credentials, Boolean isProxyAuth, HttpConnection connection, HttpConnectionPool connectionPool, CancellationToken cancellationToken)
   at System.Net.Http.HttpConnectionPool.SendWithVersionDetectionAndRetryAsync(HttpRequestMessage request, Boolean async, Boolean doRequestAuth, CancellationToken cancellationToken)
   at System.Net.Http.AuthenticationHelper.SendWithAuthAsync(HttpRequestMessage request, Uri authUri, Boolean async, ICredentials credentials, Boolean preAuthenticate, Boolean isProxyAuth, Boolean doRequestAuth, HttpConnectionPool pool, CancellationToken cancellationToken)
   at System.Net.Http.RedirectHandler.SendAsync(HttpRequestMessage request, Boolean async, CancellationToken cancellationToken)
   at GitHub.Services.Common.RawHttpMessageHandler.SendAsync(HttpRequestMessage request, CancellationToken cancellationToken)
   at GitHub.Services.Common.VssHttpRetryMessageHandler.SendAsync(HttpRequestMessage request, CancellationToken cancellationToken)
   at System.Net.Http.HttpClient.<SendAsync>g__Core|83_0(HttpRequestMessage request, HttpCompletionOption completionOption, CancellationTokenSource cts, Boolean disposeCts, CancellationTokenSource pendingRequestsCts, CancellationToken originalCancellationToken)
[2026-10-04 04:17:04Z ERR  BrokerServer] #####################################################
[2026-10-04 04:17:04Z ERR  BrokerServer] System.IO.IOException: Unable to read data from the transport connection: The I/O operation has been aborted because of either a thread exit or an application request..
 ---> System.Net.Sockets.SocketException (995): The I/O operation has been aborted because of either a thread exit or an application request.
   --- End of inner exception stack trace ---
   at System.Net.Sockets.Socket.AwaitableSocketAsyncEventArgs.System.Threading.Tasks.Sources.IValueTaskSource<System.Int32>.GetResult(Int16 token)
   at System.Net.Security.SslStream.EnsureFullTlsFrameAsync[TIOAdapter](CancellationToken cancellationToken, Int32 estimatedSize)
   at System.Runtime.CompilerServices.PoolingAsyncValueTaskMethodBuilder`1.StateMachineBox`1.System.Threading.Tasks.Sources.IValueTaskSource<TResult>.GetResult(Int16 token)
   at System.Net.Security.SslStream.ReadAsyncInternal[TIOAdapter](Memory`1 buffer, CancellationToken cancellationToken)
   at System.Runtime.CompilerServices.PoolingAsyncValueTaskMethodBuilder`1.StateMachineBox`1.System.Threading.Tasks.Sources.IValueTaskSource<TResult>.GetResult(Int16 token)
   at System.Net.Http.HttpConnection.SendAsync(HttpRequestMessage request, Boolean async, CancellationToken cancellationToken)
[2026-10-04 04:17:04Z ERR  BrokerServer] #####################################################
[2026-10-04 04:17:04Z ERR  BrokerServer] System.Net.Sockets.SocketException (995): The I/O operation has been aborted because of either a thread exit or an application request.
[2026-10-04 04:17:04Z WARN BrokerServer] Back off 8.812 seconds before next retry. 4 attempt left.
[2026-10-04 04:17:04Z INFO BrokerMessageListener] Get messages has been cancelled using local token source. Continue to get messages with new status.
[2026-10-04 04:24:02Z INFO Runner] Received RunnerRefreshConfigMessage for 'runner' config file
[2026-10-04 04:24:02Z INFO RunnerConfigUpdater] Verifying runner qualified id: U_kgDOE2_gBw/R_kgDOU5t-jw/self-hosted/23
[2026-10-04 04:24:02Z INFO HostContext] Well known directory 'Bin': 'C:\Users\chella\Desktop\devopsassignment\devops-assignment\actions-runner\bin'
[2026-10-04 04:24:02Z INFO HostContext] Well known directory 'Root': 'C:\Users\chella\Desktop\devopsassignment\devops-assignment\actions-runner'
[2026-10-04 04:24:02Z INFO HostContext] Well known config file 'Runner': 'C:\Users\chella\Desktop\devopsassignment\devops-assignment\actions-runner\.runner'
[2026-10-04 04:24:03Z INFO RSAEncryptedFileKeyManager] Loading RSA key parameters from file C:\Users\chella\Desktop\devopsassignment\devops-assignment\actions-runner\.credentials_rsaparams
[2026-10-04 04:24:03Z INFO RSAEncryptedFileKeyManager] Loading RSA key parameters from file C:\Users\chella\Desktop\devopsassignment\devops-assignment\actions-runner\.credentials_rsaparams
[2026-10-04 04:24:04Z INFO GitHubActionsService] AAD Correlation ID for this token request: Unknown
[2026-10-04 04:24:04Z INFO ConfigurationStore] Saving runner migrated settings
[2026-10-04 04:24:04Z INFO ConfigurationStore] Delete exist runner migrated settings file.
[2026-10-04 04:24:04Z INFO ConfigurationStore] Migrated Settings Saved.
[2026-10-04 04:24:04Z INFO Runner] Runner configuration was updated. Session restart has been scheduled
[2026-10-04 04:24:04Z INFO Runner] Pending session restart detected and job dispatcher is not busy. Restarting session now.
[2026-10-04 04:24:04Z INFO JobDispatcher] Shutting down JobDispatcher. Make sure all WorkerDispatcher has finished.
[2026-10-04 04:24:04Z INFO JobDispatcher] Ensure WorkerDispatcher for job 9567250f-e702-5f85-913e-1ee0ca44e6b1 run to finish, cancel any running job.
[2026-10-04 04:24:04Z INFO JobDispatcher] Job request 9567250f-e702-5f85-913e-1ee0ca44e6b1 processed succeed.
[2026-10-04 04:24:04Z INFO Runner] Deleting Runner Session...
[2026-10-04 04:24:05Z INFO Runner] Restarting runner session after config update...
[2026-10-04 04:24:05Z INFO Runner] Runner configuration was refreshed, restarting session...
[2026-10-04 04:24:05Z INFO ConfigurationManager] LoadSettings
[2026-10-04 04:24:05Z INFO ConfigurationStore] IsConfigured()
[2026-10-04 04:24:05Z INFO ConfigurationStore] IsConfigured: True
[2026-10-04 04:24:05Z INFO ConfigurationManager] Is configured: True
[2026-10-04 04:24:05Z INFO ConfigurationManager] Settings Loaded
[2026-10-04 04:24:05Z INFO Runner] RunAsync
[2026-10-04 04:24:05Z INFO HostContext] Well known directory 'Bin': 'C:\Users\chella\Desktop\devopsassignment\devops-assignment\actions-runner\bin'
[2026-10-04 04:24:05Z INFO HostContext] Well known directory 'Root': 'C:\Users\chella\Desktop\devopsassignment\devops-assignment\actions-runner'
[2026-10-04 04:24:05Z INFO HostContext] Well known directory 'Work': 'C:\Users\chella\Desktop\devopsassignment\devops-assignment\actions-runner\_work'
[2026-10-04 04:24:05Z INFO Runner] Validating directory permissions for: 'C:\Users\chella\Desktop\devopsassignment\devops-assignment\actions-runner\_work'
[2026-10-04 04:24:05Z INFO ConfigurationManager] LoadMigratedSettings
[2026-10-04 04:24:05Z INFO ConfigurationStore] IsMigratedConfigured()
[2026-10-04 04:24:05Z INFO ConfigurationStore] IsMigratedConfigured: True
[2026-10-04 04:24:05Z INFO ConfigurationManager] Migrated Settings Loaded
[2026-10-04 04:24:05Z INFO Runner] Loaded migrated settings from .runner_migrated file
[2026-10-04 04:24:05Z INFO Runner] {
  "AgentId": 23,
  "AgentName": "windows-jenkins-runner",
  "PoolId": 1,
  "PoolName": "Default",
  "ServerUrl": "https://pipelinesghubeus24.actions.githubusercontent.com/je6Z9G489BmDuyRYs4elUKGeJpqRRkZnGFdbRMpFP9gKvYNvQP/",
  "GitHubUrl": "https://github.com/2025tm93069/devops-assignment",
  "WorkFolder": "_work",
  "UseV2Flow": true,
  "ServerUrlV2": "https://broker.actions.githubusercontent.com/"
}
[2026-10-04 04:24:05Z INFO Runner] Attempting to create session using migrated settings
[2026-10-04 04:24:05Z INFO Runner] Using BrokerMessageListener
[2026-10-04 04:24:05Z INFO BrokerMessageListener] Using provided settings
[2026-10-04 04:24:05Z INFO BrokerMessageListener] Using migrated settings from .runner_migrated
[2026-10-04 04:24:05Z INFO BrokerMessageListener] {
  "AgentId": 23,
  "AgentName": "windows-jenkins-runner",
  "PoolId": 1,
  "PoolName": "Default",
  "ServerUrl": "https://pipelinesghubeus24.actions.githubusercontent.com/je6Z9G489BmDuyRYs4elUKGeJpqRRkZnGFdbRMpFP9gKvYNvQP/",
  "GitHubUrl": "https://github.com/2025tm93069/devops-assignment",
  "WorkFolder": "_work",
  "UseV2Flow": true,
  "ServerUrlV2": "https://broker.actions.githubusercontent.com/"
}
[2026-10-04 04:24:05Z INFO BrokerMessageListener] Loading Credentials
[2026-10-04 04:24:05Z INFO ConfigurationStore] HasCredentials()
[2026-10-04 04:24:05Z INFO ConfigurationStore] stored True
[2026-10-04 04:24:05Z INFO CredentialManager] GetCredentialProvider
[2026-10-04 04:24:05Z INFO CredentialManager] Creating type OAuth
[2026-10-04 04:24:05Z INFO CredentialManager] Creating credential type: OAuth
[2026-10-04 04:24:05Z INFO RSAEncryptedFileKeyManager] Loading RSA key parameters from file C:\Users\chella\Desktop\devopsassignment\devops-assignment\actions-runner\.credentials_rsaparams
[2026-10-04 04:24:05Z INFO BrokerMessageListener] Attempt to create session.
[2026-10-04 04:24:05Z INFO BrokerMessageListener] Connecting to the Broker Server...
[2026-10-04 04:24:05Z INFO ConfigurationStore] HasCredentials()
[2026-10-04 04:24:05Z INFO ConfigurationStore] stored True
[2026-10-04 04:24:05Z INFO CredentialManager] GetCredentialProvider
[2026-10-04 04:24:05Z INFO CredentialManager] Creating type OAuth
[2026-10-04 04:24:05Z INFO CredentialManager] Creating credential type: OAuth
[2026-10-04 04:24:05Z INFO RSAEncryptedFileKeyManager] Loading RSA key parameters from file C:\Users\chella\Desktop\devopsassignment\devops-assignment\actions-runner\.credentials_rsaparams
[2026-10-04 04:24:05Z INFO BrokerMessageListener] VssConnection created
[2026-10-04 04:24:05Z INFO BrokerMessageListener] Connecting to the Runner server...
[2026-10-04 04:24:05Z INFO RunnerServer] EstablishVssConnection
[2026-10-04 04:24:05Z INFO RunnerServer] Establish connection with 100 seconds timeout.
[2026-10-04 04:24:05Z INFO GitHubActionsService] Starting operation Location.GetConnectionData
[2026-10-04 04:24:05Z INFO RunnerServer] EstablishVssConnection
[2026-10-04 04:24:05Z INFO RunnerServer] Establish connection with 60 seconds timeout.
[2026-10-04 04:24:05Z INFO GitHubActionsService] Starting operation Location.GetConnectionData
[2026-10-04 04:24:05Z INFO RunnerServer] EstablishVssConnection
[2026-10-04 04:24:05Z INFO RunnerServer] Establish connection with 60 seconds timeout.
[2026-10-04 04:24:05Z INFO GitHubActionsService] Starting operation Location.GetConnectionData
[2026-10-04 04:24:06Z INFO GitHubActionsService] Finished operation Location.GetConnectionData
[2026-10-04 04:24:06Z INFO GitHubActionsService] Finished operation Location.GetConnectionData
[2026-10-04 04:24:06Z INFO GitHubActionsService] Finished operation Location.GetConnectionData
[2026-10-04 04:24:06Z INFO BrokerMessageListener] VssConnection created
[2026-10-04 04:24:06Z INFO Terminal] WRITE LINE: 
[2026-10-04 04:24:06Z INFO Terminal] WRITE LINE: 
[2026-10-04 04:24:06Z INFO RSAEncryptedFileKeyManager] Loading RSA key parameters from file C:\Users\chella\Desktop\devopsassignment\devops-assignment\actions-runner\.credentials_rsaparams
[2026-10-04 04:24:06Z INFO RSAEncryptedFileKeyManager] Loading RSA key parameters from file C:\Users\chella\Desktop\devopsassignment\devops-assignment\actions-runner\.credentials_rsaparams
[2026-10-04 04:24:07Z INFO GitHubActionsService] AAD Correlation ID for this token request: Unknown
[2026-10-04 04:24:07Z INFO BrokerMessageListener] Session created.
[2026-10-04 04:24:07Z INFO Runner] Successfully created session with migrated settings
[2026-10-04 04:24:07Z INFO Terminal] WRITE LINE: Current runner version: '2.337.0'
[2026-10-04 04:24:07Z INFO Terminal] WRITE LINE: 2026-10-04 04:24:07Z: Listening for Jobs
[2026-10-04 04:24:07Z INFO JobDispatcher] Set runner/worker IPC timeout to 30 seconds.
[2026-10-04 04:24:34Z INFO BrokerMessageListener] Acknowledging runner request '5e9bba72-e755-5a95-89fd-974fe7f7d843'.
[2026-10-04 04:24:34Z INFO ConfigurationStore] HasCredentials()
[2026-10-04 04:24:34Z INFO ConfigurationStore] stored True
[2026-10-04 04:24:34Z INFO CredentialManager] GetCredentialProvider
[2026-10-04 04:24:34Z INFO CredentialManager] Creating type OAuth
[2026-10-04 04:24:34Z INFO CredentialManager] Creating credential type: OAuth
[2026-10-04 04:24:34Z INFO RSAEncryptedFileKeyManager] Loading RSA key parameters from file C:\Users\chella\Desktop\devopsassignment\devops-assignment\actions-runner\.credentials_rsaparams
[2026-10-04 04:24:34Z INFO RSAEncryptedFileKeyManager] Loading RSA key parameters from file C:\Users\chella\Desktop\devopsassignment\devops-assignment\actions-runner\.credentials_rsaparams
[2026-10-04 04:24:34Z INFO RSAEncryptedFileKeyManager] Loading RSA key parameters from file C:\Users\chella\Desktop\devopsassignment\devops-assignment\actions-runner\.credentials_rsaparams
[2026-10-04 04:24:35Z INFO GitHubActionsService] AAD Correlation ID for this token request: Unknown
[2026-10-04 04:24:36Z INFO JobDispatcher] Job request 0 for plan 493b269f-ce5d-82ce-89c9-738f515d964e job 5e9bba72-e755-5a95-89fd-974fe7f7d843 received.
[2026-10-04 04:24:36Z INFO JobDispatcher] Pull OrchestrationId 493b269f-ce5d-82ce-89c9-738f515d964e.trigger-jenkins.__default from JWT claims
[2026-10-04 04:24:36Z INFO BrokerMessageListener] Received job status event. JobState: Busy
[2026-10-04 04:24:36Z INFO BrokerMessageListener] _getMessagesTokenSource is already disposed.
[2026-10-04 04:24:36Z INFO Terminal] WRITE LINE: 2026-10-04 04:24:36Z: Running job: Trigger Jenkins Pipeline
[2026-10-04 04:24:36Z INFO JobDispatcher] Start renew job request 0 for job 5e9bba72-e755-5a95-89fd-974fe7f7d843.
[2026-10-04 04:24:37Z INFO JobDispatcher] Successfully renew job 5e9bba72-e755-5a95-89fd-974fe7f7d843, job is valid till 04-10-2026 04:34:37
[2026-10-04 04:24:37Z INFO HostContext] Well known directory 'Bin': 'C:\Users\chella\Desktop\devopsassignment\devops-assignment\actions-runner\bin'
[2026-10-04 04:24:37Z INFO ProcessInvokerWrapper] Starting process:
[2026-10-04 04:24:37Z INFO ProcessInvokerWrapper]   File name: 'C:\Users\chella\Desktop\devopsassignment\devops-assignment\actions-runner\bin\Runner.Worker.exe'
[2026-10-04 04:24:37Z INFO ProcessInvokerWrapper]   Arguments: 'spawnclient 1556 2688'
[2026-10-04 04:24:37Z INFO ProcessInvokerWrapper]   Working directory: 'C:\Users\chella\Desktop\devopsassignment\devops-assignment\actions-runner\bin'
[2026-10-04 04:24:37Z INFO ProcessInvokerWrapper]   Require exit code zero: 'False'
[2026-10-04 04:24:37Z INFO ProcessInvokerWrapper]   Encoding web name:  ; code page: ''
[2026-10-04 04:24:37Z INFO ProcessInvokerWrapper]   Force kill process on cancellation: 'True'
[2026-10-04 04:24:37Z INFO ProcessInvokerWrapper]   Redirected STDIN: 'False'
[2026-10-04 04:24:37Z INFO ProcessInvokerWrapper]   Persist current code page: 'False'
[2026-10-04 04:24:37Z INFO ProcessInvokerWrapper]   Keep redirected STDIN open: 'False'
[2026-10-04 04:24:37Z INFO ProcessInvokerWrapper]   High priority process: 'True'
[2026-10-04 04:24:37Z INFO ProcessInvokerWrapper] Process started with process id 25632, waiting for process exit.
[2026-10-04 04:24:37Z INFO JobDispatcher] Send job request message to worker for job 5e9bba72-e755-5a95-89fd-974fe7f7d843.
[2026-10-04 04:24:37Z INFO ProcessChannel] Sending message of length 24544, with hash 'eb8fe15eeea5d5b6789354be542a0f8dcb33fafd792bf21f40ead01b949d63ed'
[2026-10-04 04:24:37Z INFO JobNotification] Entering JobStarted Notification
[2026-10-04 04:24:37Z INFO JobNotification] Entering StartMonitor
[2026-10-04 04:24:45Z INFO ProcessInvokerWrapper] STDOUT/STDERR stream read finished.
[2026-10-04 04:24:45Z INFO ProcessInvokerWrapper] STDOUT/STDERR stream read finished.
[2026-10-04 04:24:45Z INFO ProcessInvokerWrapper] Finished process 25632 with exit code 100, and elapsed time 00:00:08.0167932.
[2026-10-04 04:24:45Z INFO JobDispatcher] Worker finished for job 5e9bba72-e755-5a95-89fd-974fe7f7d843. Code: 100
[2026-10-04 04:24:45Z INFO JobDispatcher] finish job request for job 5e9bba72-e755-5a95-89fd-974fe7f7d843 with result: Succeeded
[2026-10-04 04:24:45Z INFO Terminal] WRITE LINE: 2026-10-04 04:24:45Z: Job Trigger Jenkins Pipeline completed with result: Succeeded
[2026-10-04 04:24:45Z INFO JobDispatcher] Stop renew job request for job 5e9bba72-e755-5a95-89fd-974fe7f7d843.
[2026-10-04 04:24:45Z INFO JobDispatcher] job renew has been cancelled, stop renew job 5e9bba72-e755-5a95-89fd-974fe7f7d843.
[2026-10-04 04:24:45Z INFO JobNotification] Entering JobCompleted Notification
[2026-10-04 04:24:45Z INFO JobNotification] Entering EndMonitor
[2026-10-04 04:24:45Z INFO BrokerMessageListener] Received job status event. JobState: Online
[2026-10-04 04:24:45Z WARN GitHubActionsService] GET request to https://broker.actions.githubusercontent.com/message?sessionId=e3fb40cf-d88d-49de-ab37-092051433bb6&status=Busy&runnerVersion=2.337.0&os=Windows&architecture=X64&disableUpdate=false has been cancelled.
[2026-10-04 04:24:45Z ERR  BrokerServer] Catch exception during request
[2026-10-04 04:24:45Z ERR  BrokerServer] System.Threading.Tasks.TaskCanceledException: The operation was canceled.
 ---> System.Threading.Tasks.TaskCanceledException: The operation was canceled.
 ---> System.IO.IOException: Unable to read data from the transport connection: The I/O operation has been aborted because of either a thread exit or an application request..
 ---> System.Net.Sockets.SocketException (995): The I/O operation has been aborted because of either a thread exit or an application request.
   --- End of inner exception stack trace ---
   at System.Net.Sockets.Socket.AwaitableSocketAsyncEventArgs.System.Threading.Tasks.Sources.IValueTaskSource<System.Int32>.GetResult(Int16 token)
   at System.Net.Security.SslStream.EnsureFullTlsFrameAsync[TIOAdapter](CancellationToken cancellationToken, Int32 estimatedSize)
   at System.Runtime.CompilerServices.PoolingAsyncValueTaskMethodBuilder`1.StateMachineBox`1.System.Threading.Tasks.Sources.IValueTaskSource<TResult>.GetResult(Int16 token)
   at System.Net.Security.SslStream.ReadAsyncInternal[TIOAdapter](Memory`1 buffer, CancellationToken cancellationToken)
   at System.Runtime.CompilerServices.PoolingAsyncValueTaskMethodBuilder`1.StateMachineBox`1.System.Threading.Tasks.Sources.IValueTaskSource<TResult>.GetResult(Int16 token)
   at System.Net.Http.HttpConnection.SendAsync(HttpRequestMessage request, Boolean async, CancellationToken cancellationToken)
   --- End of inner exception stack trace ---
   at System.Net.Http.HttpConnection.SendAsync(HttpRequestMessage request, Boolean async, CancellationToken cancellationToken)
   at System.Net.Http.AuthenticationHelper.SendWithNtAuthAsync(HttpRequestMessage request, Uri authUri, Boolean async, ICredentials credentials, Boolean isProxyAuth, HttpConnection connection, HttpConnectionPool connectionPool, CancellationToken cancellationToken)
   at System.Net.Http.HttpConnectionPool.SendWithVersionDetectionAndRetryAsync(HttpRequestMessage request, Boolean async, Boolean doRequestAuth, CancellationToken cancellationToken)
   at System.Net.Http.AuthenticationHelper.SendWithAuthAsync(HttpRequestMessage request, Uri authUri, Boolean async, ICredentials credentials, Boolean preAuthenticate, Boolean isProxyAuth, Boolean doRequestAuth, HttpConnectionPool pool, CancellationToken cancellationToken)
   at System.Net.Http.RedirectHandler.SendAsync(HttpRequestMessage request, Boolean async, CancellationToken cancellationToken)
   at GitHub.Services.Common.RawHttpMessageHandler.SendAsync(HttpRequestMessage request, CancellationToken cancellationToken)
   at GitHub.Services.Common.VssHttpRetryMessageHandler.SendAsync(HttpRequestMessage request, CancellationToken cancellationToken)
   at System.Net.Http.HttpClient.<SendAsync>g__Core|83_0(HttpRequestMessage request, HttpCompletionOption completionOption, CancellationTokenSource cts, Boolean disposeCts, CancellationTokenSource pendingRequestsCts, CancellationToken originalCancellationToken)
   --- End of inner exception stack trace ---
   at System.Net.Http.HttpClient.HandleFailure(Exception e, Boolean telemetryStarted, HttpResponseMessage response, CancellationTokenSource cts, CancellationToken cancellationToken, CancellationTokenSource pendingRequestsCts)
   at System.Net.Http.HttpClient.<SendAsync>g__Core|83_0(HttpRequestMessage request, HttpCompletionOption completionOption, CancellationTokenSource cts, Boolean disposeCts, CancellationTokenSource pendingRequestsCts, CancellationToken originalCancellationToken)
   at Sdk.WebApi.WebApi.RawHttpClientBase.SendAsync(HttpRequestMessage message, HttpCompletionOption completionOption, Object userState, CancellationToken cancellationToken)
   at Sdk.WebApi.WebApi.RawHttpClientBase.SendAsync[T](HttpRequestMessage message, Boolean readErrorBody, Object userState, CancellationToken cancellationToken)
   at Sdk.WebApi.WebApi.RawHttpClientBase.SendAsync[T](HttpMethod method, IEnumerable`1 additionalHeaders, Uri requestUri, HttpContent content, IEnumerable`1 queryParameters, Boolean readErrorBody, Object userState, CancellationToken cancellationToken)
   at GitHub.Actions.RunService.WebApi.BrokerHttpClient.GetRunnerMessageAsync(Nullable`1 sessionId, String runnerVersion, Nullable`1 status, String os, String architecture, Nullable`1 disableUpdate, CancellationToken cancellationToken)
   at GitHub.Runner.Common.BrokerServer.<>c__DisplayClass7_0.<<GetRunnerMessageAsync>b__0>d.MoveNext()
--- End of stack trace from previous location ---
   at GitHub.Runner.Common.RunnerService.RetryRequest[T](Func`1 func, CancellationToken cancellationToken, Int32 maxAttempts, Func`2 shouldRetry)
[2026-10-04 04:24:45Z ERR  BrokerServer] #####################################################
[2026-10-04 04:24:45Z ERR  BrokerServer] System.Threading.Tasks.TaskCanceledException: The operation was canceled.
 ---> System.IO.IOException: Unable to read data from the transport connection: The I/O operation has been aborted because of either a thread exit or an application request..
 ---> System.Net.Sockets.SocketException (995): The I/O operation has been aborted because of either a thread exit or an application request.
   --- End of inner exception stack trace ---
   at System.Net.Sockets.Socket.AwaitableSocketAsyncEventArgs.System.Threading.Tasks.Sources.IValueTaskSource<System.Int32>.GetResult(Int16 token)
   at System.Net.Security.SslStream.EnsureFullTlsFrameAsync[TIOAdapter](CancellationToken cancellationToken, Int32 estimatedSize)
   at System.Runtime.CompilerServices.PoolingAsyncValueTaskMethodBuilder`1.StateMachineBox`1.System.Threading.Tasks.Sources.IValueTaskSource<TResult>.GetResult(Int16 token)
   at System.Net.Security.SslStream.ReadAsyncInternal[TIOAdapter](Memory`1 buffer, CancellationToken cancellationToken)
   at System.Runtime.CompilerServices.PoolingAsyncValueTaskMethodBuilder`1.StateMachineBox`1.System.Threading.Tasks.Sources.IValueTaskSource<TResult>.GetResult(Int16 token)
   at System.Net.Http.HttpConnection.SendAsync(HttpRequestMessage request, Boolean async, CancellationToken cancellationToken)
   --- End of inner exception stack trace ---
   at System.Net.Http.HttpConnection.SendAsync(HttpRequestMessage request, Boolean async, CancellationToken cancellationToken)
   at System.Net.Http.AuthenticationHelper.SendWithNtAuthAsync(HttpRequestMessage request, Uri authUri, Boolean async, ICredentials credentials, Boolean isProxyAuth, HttpConnection connection, HttpConnectionPool connectionPool, CancellationToken cancellationToken)
   at System.Net.Http.HttpConnectionPool.SendWithVersionDetectionAndRetryAsync(HttpRequestMessage request, Boolean async, Boolean doRequestAuth, CancellationToken cancellationToken)
   at System.Net.Http.AuthenticationHelper.SendWithAuthAsync(HttpRequestMessage request, Uri authUri, Boolean async, ICredentials credentials, Boolean preAuthenticate, Boolean isProxyAuth, Boolean doRequestAuth, HttpConnectionPool pool, CancellationToken cancellationToken)
   at System.Net.Http.RedirectHandler.SendAsync(HttpRequestMessage request, Boolean async, CancellationToken cancellationToken)
   at GitHub.Services.Common.RawHttpMessageHandler.SendAsync(HttpRequestMessage request, CancellationToken cancellationToken)
   at GitHub.Services.Common.VssHttpRetryMessageHandler.SendAsync(HttpRequestMessage request, CancellationToken cancellationToken)
   at System.Net.Http.HttpClient.<SendAsync>g__Core|83_0(HttpRequestMessage request, HttpCompletionOption completionOption, CancellationTokenSource cts, Boolean disposeCts, CancellationTokenSource pendingRequestsCts, CancellationToken originalCancellationToken)
[2026-10-04 04:24:45Z ERR  BrokerServer] #####################################################
[2026-10-04 04:24:45Z ERR  BrokerServer] System.IO.IOException: Unable to read data from the transport connection: The I/O operation has been aborted because of either a thread exit or an application request..
 ---> System.Net.Sockets.SocketException (995): The I/O operation has been aborted because of either a thread exit or an application request.
   --- End of inner exception stack trace ---
   at System.Net.Sockets.Socket.AwaitableSocketAsyncEventArgs.System.Threading.Tasks.Sources.IValueTaskSource<System.Int32>.GetResult(Int16 token)
   at System.Net.Security.SslStream.EnsureFullTlsFrameAsync[TIOAdapter](CancellationToken cancellationToken, Int32 estimatedSize)
   at System.Runtime.CompilerServices.PoolingAsyncValueTaskMethodBuilder`1.StateMachineBox`1.System.Threading.Tasks.Sources.IValueTaskSource<TResult>.GetResult(Int16 token)
   at System.Net.Security.SslStream.ReadAsyncInternal[TIOAdapter](Memory`1 buffer, CancellationToken cancellationToken)
   at System.Runtime.CompilerServices.PoolingAsyncValueTaskMethodBuilder`1.StateMachineBox`1.System.Threading.Tasks.Sources.IValueTaskSource<TResult>.GetResult(Int16 token)
   at System.Net.Http.HttpConnection.SendAsync(HttpRequestMessage request, Boolean async, CancellationToken cancellationToken)
[2026-10-04 04:24:45Z ERR  BrokerServer] #####################################################
[2026-10-04 04:24:45Z ERR  BrokerServer] System.Net.Sockets.SocketException (995): The I/O operation has been aborted because of either a thread exit or an application request.
[2026-10-04 04:24:45Z WARN BrokerServer] Back off 13.7 seconds before next retry. 4 attempt left.
[2026-10-04 04:24:45Z INFO BrokerMessageListener] Get messages has been cancelled using local token source. Continue to get messages with new status.
[2026-10-04 04:24:46Z INFO BrokerMessageListener] Acknowledging runner request 'e3443262-625e-51ac-af61-b96527656349'.
[2026-10-04 04:24:46Z INFO ConfigurationStore] HasCredentials()
[2026-10-04 04:24:46Z INFO ConfigurationStore] stored True
[2026-10-04 04:24:46Z INFO CredentialManager] GetCredentialProvider
[2026-10-04 04:24:46Z INFO CredentialManager] Creating type OAuth
[2026-10-04 04:24:46Z INFO CredentialManager] Creating credential type: OAuth
[2026-10-04 04:24:46Z INFO RSAEncryptedFileKeyManager] Loading RSA key parameters from file C:\Users\chella\Desktop\devopsassignment\devops-assignment\actions-runner\.credentials_rsaparams
[2026-10-04 04:24:46Z INFO RSAEncryptedFileKeyManager] Loading RSA key parameters from file C:\Users\chella\Desktop\devopsassignment\devops-assignment\actions-runner\.credentials_rsaparams
[2026-10-04 04:24:46Z INFO RSAEncryptedFileKeyManager] Loading RSA key parameters from file C:\Users\chella\Desktop\devopsassignment\devops-assignment\actions-runner\.credentials_rsaparams
[2026-10-04 04:24:47Z INFO GitHubActionsService] AAD Correlation ID for this token request: Unknown
[2026-10-04 04:24:48Z INFO JobDispatcher] Job request 0 for plan 38dd4f3d-3bde-8a56-a131-6906087e6763 job e3443262-625e-51ac-af61-b96527656349 received.
[2026-10-04 04:24:48Z INFO JobDispatcher] Pull OrchestrationId 38dd4f3d-3bde-8a56-a131-6906087e6763.trigger-jenkins.__default from JWT claims
[2026-10-04 04:24:48Z INFO BrokerMessageListener] Received job status event. JobState: Busy
[2026-10-04 04:24:48Z INFO BrokerMessageListener] _getMessagesTokenSource is already disposed.
[2026-10-04 04:24:48Z INFO JobDispatcher] Job request 5e9bba72-e755-5a95-89fd-974fe7f7d843 processed succeed.
[2026-10-04 04:24:48Z INFO Terminal] WRITE LINE: 2026-10-04 04:24:48Z: Running job: trigger-jenkins
[2026-10-04 04:24:48Z INFO JobDispatcher] Start renew job request 0 for job e3443262-625e-51ac-af61-b96527656349.
[2026-10-04 04:24:48Z INFO JobDispatcher] Successfully renew job e3443262-625e-51ac-af61-b96527656349, job is valid till 04-10-2026 04:34:49
[2026-10-04 04:24:48Z INFO HostContext] Well known directory 'Bin': 'C:\Users\chella\Desktop\devopsassignment\devops-assignment\actions-runner\bin'
[2026-10-04 04:24:48Z INFO ProcessInvokerWrapper] Starting process:
[2026-10-04 04:24:48Z INFO ProcessInvokerWrapper]   File name: 'C:\Users\chella\Desktop\devopsassignment\devops-assignment\actions-runner\bin\Runner.Worker.exe'
[2026-10-04 04:24:48Z INFO ProcessInvokerWrapper]   Arguments: 'spawnclient 2644 2344'
[2026-10-04 04:24:48Z INFO ProcessInvokerWrapper]   Working directory: 'C:\Users\chella\Desktop\devopsassignment\devops-assignment\actions-runner\bin'
[2026-10-04 04:24:48Z INFO ProcessInvokerWrapper]   Require exit code zero: 'False'
[2026-10-04 04:24:48Z INFO ProcessInvokerWrapper]   Encoding web name:  ; code page: ''
[2026-10-04 04:24:48Z INFO ProcessInvokerWrapper]   Force kill process on cancellation: 'True'
[2026-10-04 04:24:48Z INFO ProcessInvokerWrapper]   Redirected STDIN: 'False'
[2026-10-04 04:24:48Z INFO ProcessInvokerWrapper]   Persist current code page: 'False'
[2026-10-04 04:24:48Z INFO ProcessInvokerWrapper]   Keep redirected STDIN open: 'False'
[2026-10-04 04:24:48Z INFO ProcessInvokerWrapper]   High priority process: 'True'
[2026-10-04 04:24:48Z INFO ProcessInvokerWrapper] Process started with process id 7608, waiting for process exit.
[2026-10-04 04:24:48Z INFO JobDispatcher] Send job request message to worker for job e3443262-625e-51ac-af61-b96527656349.
[2026-10-04 04:24:48Z INFO ProcessChannel] Sending message of length 24762, with hash '2fe029f5a85acaeef7aadb529e67adb36933856faacb19ef48820db8c1f0ab29'
[2026-10-04 04:24:49Z INFO JobNotification] Entering JobStarted Notification
[2026-10-04 04:24:49Z INFO JobNotification] Entering StartMonitor
[2026-10-04 04:24:57Z INFO ProcessInvokerWrapper] STDOUT/STDERR stream read finished.
[2026-10-04 04:24:57Z INFO ProcessInvokerWrapper] STDOUT/STDERR stream read finished.
[2026-10-04 04:24:57Z INFO ProcessInvokerWrapper] Finished process 7608 with exit code 100, and elapsed time 00:00:08.4669000.
[2026-10-04 04:24:57Z INFO JobDispatcher] Worker finished for job e3443262-625e-51ac-af61-b96527656349. Code: 100
[2026-10-04 04:24:57Z INFO JobDispatcher] finish job request for job e3443262-625e-51ac-af61-b96527656349 with result: Succeeded
[2026-10-04 04:24:57Z INFO Terminal] WRITE LINE: 2026-10-04 04:24:57Z: Job trigger-jenkins completed with result: Succeeded
[2026-10-04 04:24:57Z INFO JobDispatcher] Stop renew job request for job e3443262-625e-51ac-af61-b96527656349.
[2026-10-04 04:24:57Z INFO JobDispatcher] job renew has been cancelled, stop renew job e3443262-625e-51ac-af61-b96527656349.
[2026-10-04 04:24:57Z INFO JobNotification] Entering JobCompleted Notification
[2026-10-04 04:24:57Z INFO JobNotification] Entering EndMonitor
[2026-10-04 04:24:57Z INFO BrokerMessageListener] Received job status event. JobState: Online
[2026-10-04 04:24:57Z WARN GitHubActionsService] GET request to https://broker.actions.githubusercontent.com/message?sessionId=e3fb40cf-d88d-49de-ab37-092051433bb6&status=Busy&runnerVersion=2.337.0&os=Windows&architecture=X64&disableUpdate=false has been cancelled.
[2026-10-04 04:24:57Z ERR  BrokerServer] Catch exception during request
[2026-10-04 04:24:57Z ERR  BrokerServer] System.Threading.Tasks.TaskCanceledException: The operation was canceled.
 ---> System.Threading.Tasks.TaskCanceledException: The operation was canceled.
 ---> System.IO.IOException: Unable to read data from the transport connection: The I/O operation has been aborted because of either a thread exit or an application request..
 ---> System.Net.Sockets.SocketException (995): The I/O operation has been aborted because of either a thread exit or an application request.
   --- End of inner exception stack trace ---
   at System.Net.Sockets.Socket.AwaitableSocketAsyncEventArgs.System.Threading.Tasks.Sources.IValueTaskSource<System.Int32>.GetResult(Int16 token)
   at System.Net.Security.SslStream.EnsureFullTlsFrameAsync[TIOAdapter](CancellationToken cancellationToken, Int32 estimatedSize)
   at System.Runtime.CompilerServices.PoolingAsyncValueTaskMethodBuilder`1.StateMachineBox`1.System.Threading.Tasks.Sources.IValueTaskSource<TResult>.GetResult(Int16 token)
   at System.Net.Security.SslStream.ReadAsyncInternal[TIOAdapter](Memory`1 buffer, CancellationToken cancellationToken)
   at System.Runtime.CompilerServices.PoolingAsyncValueTaskMethodBuilder`1.StateMachineBox`1.System.Threading.Tasks.Sources.IValueTaskSource<TResult>.GetResult(Int16 token)
   at System.Net.Http.HttpConnection.SendAsync(HttpRequestMessage request, Boolean async, CancellationToken cancellationToken)
   --- End of inner exception stack trace ---
   at System.Net.Http.HttpConnection.SendAsync(HttpRequestMessage request, Boolean async, CancellationToken cancellationToken)
   at System.Net.Http.AuthenticationHelper.SendWithNtAuthAsync(HttpRequestMessage request, Uri authUri, Boolean async, ICredentials credentials, Boolean isProxyAuth, HttpConnection connection, HttpConnectionPool connectionPool, CancellationToken cancellationToken)
   at System.Net.Http.HttpConnectionPool.SendWithVersionDetectionAndRetryAsync(HttpRequestMessage request, Boolean async, Boolean doRequestAuth, CancellationToken cancellationToken)
   at System.Net.Http.AuthenticationHelper.SendWithAuthAsync(HttpRequestMessage request, Uri authUri, Boolean async, ICredentials credentials, Boolean preAuthenticate, Boolean isProxyAuth, Boolean doRequestAuth, HttpConnectionPool pool, CancellationToken cancellationToken)
   at System.Net.Http.RedirectHandler.SendAsync(HttpRequestMessage request, Boolean async, CancellationToken cancellationToken)
   at GitHub.Services.Common.RawHttpMessageHandler.SendAsync(HttpRequestMessage request, CancellationToken cancellationToken)
   at GitHub.Services.Common.VssHttpRetryMessageHandler.SendAsync(HttpRequestMessage request, CancellationToken cancellationToken)
   at System.Net.Http.HttpClient.<SendAsync>g__Core|83_0(HttpRequestMessage request, HttpCompletionOption completionOption, CancellationTokenSource cts, Boolean disposeCts, CancellationTokenSource pendingRequestsCts, CancellationToken originalCancellationToken)
   --- End of inner exception stack trace ---
   at System.Net.Http.HttpClient.HandleFailure(Exception e, Boolean telemetryStarted, HttpResponseMessage response, CancellationTokenSource cts, CancellationToken cancellationToken, CancellationTokenSource pendingRequestsCts)
   at System.Net.Http.HttpClient.<SendAsync>g__Core|83_0(HttpRequestMessage request, HttpCompletionOption completionOption, CancellationTokenSource cts, Boolean disposeCts, CancellationTokenSource pendingRequestsCts, CancellationToken originalCancellationToken)
   at Sdk.WebApi.WebApi.RawHttpClientBase.SendAsync(HttpRequestMessage message, HttpCompletionOption completionOption, Object userState, CancellationToken cancellationToken)
   at Sdk.WebApi.WebApi.RawHttpClientBase.SendAsync[T](HttpRequestMessage message, Boolean readErrorBody, Object userState, CancellationToken cancellationToken)
   at Sdk.WebApi.WebApi.RawHttpClientBase.SendAsync[T](HttpMethod method, IEnumerable`1 additionalHeaders, Uri requestUri, HttpContent content, IEnumerable`1 queryParameters, Boolean readErrorBody, Object userState, CancellationToken cancellationToken)
   at GitHub.Actions.RunService.WebApi.BrokerHttpClient.GetRunnerMessageAsync(Nullable`1 sessionId, String runnerVersion, Nullable`1 status, String os, String architecture, Nullable`1 disableUpdate, CancellationToken cancellationToken)
   at GitHub.Runner.Common.BrokerServer.<>c__DisplayClass7_0.<<GetRunnerMessageAsync>b__0>d.MoveNext()
--- End of stack trace from previous location ---
   at GitHub.Runner.Common.RunnerService.RetryRequest[T](Func`1 func, CancellationToken cancellationToken, Int32 maxAttempts, Func`2 shouldRetry)
[2026-10-04 04:24:57Z ERR  BrokerServer] #####################################################
[2026-10-04 04:24:57Z ERR  BrokerServer] System.Threading.Tasks.TaskCanceledException: The operation was canceled.
 ---> System.IO.IOException: Unable to read data from the transport connection: The I/O operation has been aborted because of either a thread exit or an application request..
 ---> System.Net.Sockets.SocketException (995): The I/O operation has been aborted because of either a thread exit or an application request.
   --- End of inner exception stack trace ---
   at System.Net.Sockets.Socket.AwaitableSocketAsyncEventArgs.System.Threading.Tasks.Sources.IValueTaskSource<System.Int32>.GetResult(Int16 token)
   at System.Net.Security.SslStream.EnsureFullTlsFrameAsync[TIOAdapter](CancellationToken cancellationToken, Int32 estimatedSize)
   at System.Runtime.CompilerServices.PoolingAsyncValueTaskMethodBuilder`1.StateMachineBox`1.System.Threading.Tasks.Sources.IValueTaskSource<TResult>.GetResult(Int16 token)
   at System.Net.Security.SslStream.ReadAsyncInternal[TIOAdapter](Memory`1 buffer, CancellationToken cancellationToken)
   at System.Runtime.CompilerServices.PoolingAsyncValueTaskMethodBuilder`1.StateMachineBox`1.System.Threading.Tasks.Sources.IValueTaskSource<TResult>.GetResult(Int16 token)
   at System.Net.Http.HttpConnection.SendAsync(HttpRequestMessage request, Boolean async, CancellationToken cancellationToken)
   --- End of inner exception stack trace ---
   at System.Net.Http.HttpConnection.SendAsync(HttpRequestMessage request, Boolean async, CancellationToken cancellationToken)
   at System.Net.Http.AuthenticationHelper.SendWithNtAuthAsync(HttpRequestMessage request, Uri authUri, Boolean async, ICredentials credentials, Boolean isProxyAuth, HttpConnection connection, HttpConnectionPool connectionPool, CancellationToken cancellationToken)
   at System.Net.Http.HttpConnectionPool.SendWithVersionDetectionAndRetryAsync(HttpRequestMessage request, Boolean async, Boolean doRequestAuth, CancellationToken cancellationToken)
   at System.Net.Http.AuthenticationHelper.SendWithAuthAsync(HttpRequestMessage request, Uri authUri, Boolean async, ICredentials credentials, Boolean preAuthenticate, Boolean isProxyAuth, Boolean doRequestAuth, HttpConnectionPool pool, CancellationToken cancellationToken)
   at System.Net.Http.RedirectHandler.SendAsync(HttpRequestMessage request, Boolean async, CancellationToken cancellationToken)
   at GitHub.Services.Common.RawHttpMessageHandler.SendAsync(HttpRequestMessage request, CancellationToken cancellationToken)
   at GitHub.Services.Common.VssHttpRetryMessageHandler.SendAsync(HttpRequestMessage request, CancellationToken cancellationToken)
   at System.Net.Http.HttpClient.<SendAsync>g__Core|83_0(HttpRequestMessage request, HttpCompletionOption completionOption, CancellationTokenSource cts, Boolean disposeCts, CancellationTokenSource pendingRequestsCts, CancellationToken originalCancellationToken)
[2026-10-04 04:24:57Z ERR  BrokerServer] #####################################################
[2026-10-04 04:24:57Z ERR  BrokerServer] System.IO.IOException: Unable to read data from the transport connection: The I/O operation has been aborted because of either a thread exit or an application request..
 ---> System.Net.Sockets.SocketException (995): The I/O operation has been aborted because of either a thread exit or an application request.
   --- End of inner exception stack trace ---
   at System.Net.Sockets.Socket.AwaitableSocketAsyncEventArgs.System.Threading.Tasks.Sources.IValueTaskSource<System.Int32>.GetResult(Int16 token)
   at System.Net.Security.SslStream.EnsureFullTlsFrameAsync[TIOAdapter](CancellationToken cancellationToken, Int32 estimatedSize)
   at System.Runtime.CompilerServices.PoolingAsyncValueTaskMethodBuilder`1.StateMachineBox`1.System.Threading.Tasks.Sources.IValueTaskSource<TResult>.GetResult(Int16 token)
   at System.Net.Security.SslStream.ReadAsyncInternal[TIOAdapter](Memory`1 buffer, CancellationToken cancellationToken)
   at System.Runtime.CompilerServices.PoolingAsyncValueTaskMethodBuilder`1.StateMachineBox`1.System.Threading.Tasks.Sources.IValueTaskSource<TResult>.GetResult(Int16 token)
   at System.Net.Http.HttpConnection.SendAsync(HttpRequestMessage request, Boolean async, CancellationToken cancellationToken)
[2026-10-04 04:24:57Z ERR  BrokerServer] #####################################################
[2026-10-04 04:24:57Z ERR  BrokerServer] System.Net.Sockets.SocketException (995): The I/O operation has been aborted because of either a thread exit or an application request.
[2026-10-04 04:24:57Z WARN BrokerServer] Back off 9.402 seconds before next retry. 4 attempt left.
[2026-10-04 04:24:57Z INFO BrokerMessageListener] Get messages has been cancelled using local token source. Continue to get messages with new status.
[2026-10-04 04:32:33Z INFO BrokerMessageListener] Acknowledging runner request '7f26c78d-961c-561c-a814-19b704c9fd2d'.
[2026-10-04 04:32:34Z INFO ConfigurationStore] HasCredentials()
[2026-10-04 04:32:34Z INFO ConfigurationStore] stored False
[2026-10-04 04:32:34Z INFO JobDispatcher] Shutting down JobDispatcher. Make sure all WorkerDispatcher has finished.
[2026-10-04 04:32:34Z INFO JobDispatcher] Ensure WorkerDispatcher for job e3443262-625e-51ac-af61-b96527656349 run to finish, cancel any running job.
[2026-10-04 04:32:34Z INFO JobDispatcher] Job request e3443262-625e-51ac-af61-b96527656349 processed succeed.
[2026-10-04 04:32:34Z INFO Runner] Deleting Runner Session...
[2026-10-04 04:32:34Z ERR  Terminal] WRITE ERROR: An error occurred: Credentials not stored. Must reconfigure.
[2026-10-04 04:32:34Z ERR  Listener] System.InvalidOperationException: Credentials not stored. Must reconfigure.
   at GitHub.Runner.Listener.Configuration.CredentialManager.LoadCredentials(Boolean allowAuthUrlV2)
   at GitHub.Runner.Listener.Runner.RunAsync(RunnerSettings settings, Boolean runOnce, Boolean returnRunOnceJobResult)
   at GitHub.Runner.Listener.Runner.RunAsync(RunnerSettings settings, Boolean runOnce, Boolean returnRunOnceJobResult)
   at GitHub.Runner.Listener.Runner.RunAsync(RunnerSettings settings, Boolean runOnce, Boolean returnRunOnceJobResult)
   at GitHub.Runner.Listener.Runner.ExecuteRunnerAsync(RunnerSettings settings, Boolean runOnce, Boolean returnRunOnceJobResult)
   at GitHub.Runner.Listener.Runner.ExecuteCommand(CommandSettings command)
   at GitHub.Runner.Listener.Program.MainAsync(IHostContext context, String[] args)
