[2026-10-04 05:20:04Z INFO HostContext] No proxy settings were found based on environmental variables (http_proxy/https_proxy/HTTP_PROXY/HTTPS_PROXY)
[2026-10-04 05:20:04Z INFO HostContext] Well known directory 'Bin': 'C:\Users\chella\Desktop\devopsassignment\devops-assignment\actions-runner\bin'
[2026-10-04 05:20:04Z INFO HostContext] Well known directory 'Root': 'C:\Users\chella\Desktop\devopsassignment\devops-assignment\actions-runner'
[2026-10-04 05:20:04Z INFO HostContext] Well known config file 'Credentials': 'C:\Users\chella\Desktop\devopsassignment\devops-assignment\actions-runner\.credentials'
[2026-10-04 05:20:04Z INFO HostContext] Well known directory 'Bin': 'C:\Users\chella\Desktop\devopsassignment\devops-assignment\actions-runner\bin'
[2026-10-04 05:20:04Z INFO HostContext] Well known directory 'Root': 'C:\Users\chella\Desktop\devopsassignment\devops-assignment\actions-runner'
[2026-10-04 05:20:04Z INFO HostContext] Well known config file 'Runner': 'C:\Users\chella\Desktop\devopsassignment\devops-assignment\actions-runner\.runner'
[2026-10-04 05:20:04Z INFO Listener] Runner is built for Windows (X64) - win-x64.
[2026-10-04 05:20:04Z INFO Listener] RuntimeInformation: Microsoft Windows 10.0.26200.
[2026-10-04 05:20:04Z INFO Listener] Version: 2.337.0
[2026-10-04 05:20:04Z INFO Listener] Commit: 397b032cbf865e9c3ddfab89d533ec19325e1273
[2026-10-04 05:20:04Z INFO Listener] Culture: en-IN
[2026-10-04 05:20:04Z INFO Listener] UI Culture: en-US
[2026-10-04 05:20:04Z INFO HostContext] Well known directory 'Bin': 'C:\Users\chella\Desktop\devopsassignment\devops-assignment\actions-runner\bin'
[2026-10-04 05:20:04Z INFO HostContext] Well known directory 'Root': 'C:\Users\chella\Desktop\devopsassignment\devops-assignment\actions-runner'
[2026-10-04 05:20:04Z INFO Listener] Validating directory permissions for: 'C:\Users\chella\Desktop\devopsassignment\devops-assignment\actions-runner'
[2026-10-04 05:20:04Z INFO CommandLineParser] Parse
[2026-10-04 05:20:04Z INFO CommandLineParser] Parsing 1 args
[2026-10-04 05:20:04Z INFO CommandLineParser] parsing argument
[2026-10-04 05:20:04Z INFO CommandLineParser] HasArgs: False
[2026-10-04 05:20:04Z INFO CommandLineParser] Adding Command: run
[2026-10-04 05:20:04Z INFO Listener] Arguments parsed
[2026-10-04 05:20:04Z INFO Runner] ExecuteCommand
[2026-10-04 05:20:04Z INFO ConfigurationStore] currentAssemblyLocation: C:\Users\chella\Desktop\devopsassignment\devops-assignment\actions-runner\bin\Runner.Listener.dll
[2026-10-04 05:20:04Z INFO HostContext] Well known directory 'Bin': 'C:\Users\chella\Desktop\devopsassignment\devops-assignment\actions-runner\bin'
[2026-10-04 05:20:04Z INFO ConfigurationStore] binPath: C:\Users\chella\Desktop\devopsassignment\devops-assignment\actions-runner\bin
[2026-10-04 05:20:04Z INFO HostContext] Well known directory 'Bin': 'C:\Users\chella\Desktop\devopsassignment\devops-assignment\actions-runner\bin'
[2026-10-04 05:20:04Z INFO HostContext] Well known directory 'Root': 'C:\Users\chella\Desktop\devopsassignment\devops-assignment\actions-runner'
[2026-10-04 05:20:04Z INFO ConfigurationStore] RootFolder: C:\Users\chella\Desktop\devopsassignment\devops-assignment\actions-runner
[2026-10-04 05:20:04Z INFO HostContext] Well known directory 'Bin': 'C:\Users\chella\Desktop\devopsassignment\devops-assignment\actions-runner\bin'
[2026-10-04 05:20:04Z INFO HostContext] Well known directory 'Root': 'C:\Users\chella\Desktop\devopsassignment\devops-assignment\actions-runner'
[2026-10-04 05:20:04Z INFO HostContext] Well known config file 'Runner': 'C:\Users\chella\Desktop\devopsassignment\devops-assignment\actions-runner\.runner'
[2026-10-04 05:20:04Z INFO ConfigurationStore] ConfigFilePath: C:\Users\chella\Desktop\devopsassignment\devops-assignment\actions-runner\.runner
[2026-10-04 05:20:04Z INFO HostContext] Well known directory 'Bin': 'C:\Users\chella\Desktop\devopsassignment\devops-assignment\actions-runner\bin'
[2026-10-04 05:20:04Z INFO HostContext] Well known directory 'Root': 'C:\Users\chella\Desktop\devopsassignment\devops-assignment\actions-runner'
[2026-10-04 05:20:04Z INFO HostContext] Well known config file 'MigratedRunner': 'C:\Users\chella\Desktop\devopsassignment\devops-assignment\actions-runner\.runner_migrated'
[2026-10-04 05:20:04Z INFO ConfigurationStore] MigratedConfigFilePath: C:\Users\chella\Desktop\devopsassignment\devops-assignment\actions-runner\.runner_migrated
[2026-10-04 05:20:04Z INFO HostContext] Well known directory 'Bin': 'C:\Users\chella\Desktop\devopsassignment\devops-assignment\actions-runner\bin'
[2026-10-04 05:20:04Z INFO HostContext] Well known directory 'Root': 'C:\Users\chella\Desktop\devopsassignment\devops-assignment\actions-runner'
[2026-10-04 05:20:04Z INFO HostContext] Well known config file 'Credentials': 'C:\Users\chella\Desktop\devopsassignment\devops-assignment\actions-runner\.credentials'
[2026-10-04 05:20:04Z INFO ConfigurationStore] CredFilePath: C:\Users\chella\Desktop\devopsassignment\devops-assignment\actions-runner\.credentials
[2026-10-04 05:20:04Z INFO HostContext] Well known directory 'Bin': 'C:\Users\chella\Desktop\devopsassignment\devops-assignment\actions-runner\bin'
[2026-10-04 05:20:04Z INFO HostContext] Well known directory 'Root': 'C:\Users\chella\Desktop\devopsassignment\devops-assignment\actions-runner'
[2026-10-04 05:20:04Z INFO HostContext] Well known config file 'MigratedCredentials': 'C:\Users\chella\Desktop\devopsassignment\devops-assignment\actions-runner\.credentials_migrated'
[2026-10-04 05:20:04Z INFO ConfigurationStore] MigratedCredFilePath: C:\Users\chella\Desktop\devopsassignment\devops-assignment\actions-runner\.credentials_migrated
[2026-10-04 05:20:04Z INFO HostContext] Well known directory 'Bin': 'C:\Users\chella\Desktop\devopsassignment\devops-assignment\actions-runner\bin'
[2026-10-04 05:20:04Z INFO HostContext] Well known directory 'Root': 'C:\Users\chella\Desktop\devopsassignment\devops-assignment\actions-runner'
[2026-10-04 05:20:04Z INFO HostContext] Well known config file 'Service': 'C:\Users\chella\Desktop\devopsassignment\devops-assignment\actions-runner\.service'
[2026-10-04 05:20:04Z INFO ConfigurationStore] ServiceConfigFilePath: C:\Users\chella\Desktop\devopsassignment\devops-assignment\actions-runner\.service
[2026-10-04 05:20:04Z INFO CommandSettings] Flag 'help': 'False'
[2026-10-04 05:20:04Z INFO CommandSettings] Flag 'version': 'False'
[2026-10-04 05:20:04Z INFO CommandSettings] Flag 'commit': 'False'
[2026-10-04 05:20:04Z INFO CommandSettings] Flag 'check': 'False'
[2026-10-04 05:20:04Z INFO CommandSettings] Command 'configure': 'False'
[2026-10-04 05:20:04Z INFO CommandSettings] Command 'remove': 'False'
[2026-10-04 05:20:04Z INFO CommandSettings] Command 'warmup': 'False'
[2026-10-04 05:20:04Z INFO ConfigurationManager] LoadSettings
[2026-10-04 05:20:04Z INFO ConfigurationStore] IsConfigured()
[2026-10-04 05:20:04Z INFO ConfigurationStore] IsConfigured: True
[2026-10-04 05:20:04Z INFO ConfigurationManager] Is configured: True
[2026-10-04 05:20:04Z INFO ConfigurationStore] Read setting file: 416 chars
[2026-10-04 05:20:04Z INFO ConfigurationManager] Settings Loaded
[2026-10-04 05:20:04Z INFO ConfigurationStore] IsServiceConfigured()
[2026-10-04 05:20:04Z INFO ConfigurationStore] IsServiceConfigured: False
[2026-10-04 05:20:04Z INFO CommandSettings] Command 'run': 'True'
[2026-10-04 05:20:04Z INFO ConfigurationStore] IsConfigured()
[2026-10-04 05:20:04Z INFO ConfigurationStore] IsConfigured: True
[2026-10-04 05:20:04Z INFO ConfigurationManager] Is configured: True
[2026-10-04 05:20:04Z INFO Runner] Could not parse the argument value '' for StartupType. Defaulting to Manual
[2026-10-04 05:20:04Z INFO Runner] Set runner startup type - Manual
[2026-10-04 05:20:04Z INFO CommandSettings] Flag 'once': 'False'
[2026-10-04 05:20:04Z INFO CommandSettings] Flag 'once': 'False'
[2026-10-04 05:20:04Z INFO Runner] RunAsync
[2026-10-04 05:20:04Z INFO HostContext] Well known directory 'Bin': 'C:\Users\chella\Desktop\devopsassignment\devops-assignment\actions-runner\bin'
[2026-10-04 05:20:04Z INFO HostContext] Well known directory 'Root': 'C:\Users\chella\Desktop\devopsassignment\devops-assignment\actions-runner'
[2026-10-04 05:20:04Z INFO HostContext] Well known directory 'Work': 'C:\Users\chella\Desktop\devopsassignment\devops-assignment\actions-runner\_work'
[2026-10-04 05:20:04Z INFO Runner] Validating directory permissions for: 'C:\Users\chella\Desktop\devopsassignment\devops-assignment\actions-runner\_work'
[2026-10-04 05:20:04Z INFO ConfigurationManager] LoadMigratedSettings
[2026-10-04 05:20:04Z INFO ConfigurationStore] IsMigratedConfigured()
[2026-10-04 05:20:04Z INFO ConfigurationStore] IsMigratedConfigured: False
[2026-10-04 05:20:04Z INFO Runner] Failed to load migrated settings: No migrated configuration found.
[2026-10-04 05:20:04Z INFO Runner] Falling back to original .runner settings
[2026-10-04 05:20:04Z INFO Runner] Using BrokerMessageListener
[2026-10-04 05:20:04Z INFO BrokerMessageListener] Using provided settings
[2026-10-04 05:20:04Z INFO BrokerMessageListener] {
  "AgentId": 23,
  "AgentName": "windows-jenkins-runner",
  "PoolId": 1,
  "PoolName": "Default",
  "ServerUrl": "https://pipelinesghubeus24.actions.githubusercontent.com/je6Z9G489BmDuyRYs4elUKGeJpqRRkZnGFdbRMpFP9gKvYNvQP/",
  "GitHubUrl": "https://github.com/2025tm93069/devops-assignment",
  "WorkFolder": "_work",
  "UseV2Flow": true,
  "ServerUrlV2": "https://broker.actions.githubusercontent.com/"
}
[2026-10-04 05:20:04Z INFO BrokerMessageListener] Loading Credentials
[2026-10-04 05:20:04Z INFO ConfigurationStore] HasCredentials()
[2026-10-04 05:20:04Z INFO ConfigurationStore] stored True
[2026-10-04 05:20:04Z INFO CredentialManager] GetCredentialProvider
[2026-10-04 05:20:04Z INFO CredentialManager] Creating type OAuth
[2026-10-04 05:20:04Z INFO CredentialManager] Creating credential type: OAuth
[2026-10-04 05:20:04Z INFO HostContext] Well known directory 'Bin': 'C:\Users\chella\Desktop\devopsassignment\devops-assignment\actions-runner\bin'
[2026-10-04 05:20:04Z INFO HostContext] Well known directory 'Root': 'C:\Users\chella\Desktop\devopsassignment\devops-assignment\actions-runner'
[2026-10-04 05:20:04Z INFO HostContext] Well known config file 'RSACredentials': 'C:\Users\chella\Desktop\devopsassignment\devops-assignment\actions-runner\.credentials_rsaparams'
[2026-10-04 05:20:04Z INFO RSAEncryptedFileKeyManager] Loading RSA key parameters from file C:\Users\chella\Desktop\devopsassignment\devops-assignment\actions-runner\.credentials_rsaparams
[2026-10-04 05:20:04Z INFO BrokerMessageListener] Attempt to create session.
[2026-10-04 05:20:04Z INFO BrokerMessageListener] Connecting to the Broker Server...
[2026-10-04 05:20:04Z INFO ConfigurationStore] HasCredentials()
[2026-10-04 05:20:04Z INFO ConfigurationStore] stored True
[2026-10-04 05:20:04Z INFO CredentialManager] GetCredentialProvider
[2026-10-04 05:20:04Z INFO CredentialManager] Creating type OAuth
[2026-10-04 05:20:04Z INFO CredentialManager] Creating credential type: OAuth
[2026-10-04 05:20:04Z INFO RSAEncryptedFileKeyManager] Loading RSA key parameters from file C:\Users\chella\Desktop\devopsassignment\devops-assignment\actions-runner\.credentials_rsaparams
[2026-10-04 05:20:04Z INFO BrokerMessageListener] VssConnection created
[2026-10-04 05:20:04Z INFO BrokerMessageListener] Connecting to the Runner server...
[2026-10-04 05:20:04Z INFO RunnerServer] EstablishVssConnection
[2026-10-04 05:20:04Z INFO RunnerServer] Establish connection with 100 seconds timeout.
[2026-10-04 05:20:04Z INFO GitHubActionsService] Starting operation Location.GetConnectionData
[2026-10-04 05:20:04Z INFO RunnerServer] EstablishVssConnection
[2026-10-04 05:20:04Z INFO RunnerServer] Establish connection with 60 seconds timeout.
[2026-10-04 05:20:04Z INFO GitHubActionsService] Starting operation Location.GetConnectionData
[2026-10-04 05:20:04Z INFO RunnerServer] EstablishVssConnection
[2026-10-04 05:20:04Z INFO RunnerServer] Establish connection with 60 seconds timeout.
[2026-10-04 05:20:04Z INFO GitHubActionsService] Starting operation Location.GetConnectionData
[2026-10-04 05:20:05Z INFO GitHubActionsService] Finished operation Location.GetConnectionData
[2026-10-04 05:20:05Z INFO GitHubActionsService] Finished operation Location.GetConnectionData
[2026-10-04 05:20:05Z INFO GitHubActionsService] Finished operation Location.GetConnectionData
[2026-10-04 05:20:05Z INFO BrokerMessageListener] VssConnection created
[2026-10-04 05:20:05Z INFO Terminal] WRITE LINE: 
[2026-10-04 05:20:05Z INFO Terminal] WRITE LINE: 
[2026-10-04 05:20:05Z INFO RSAEncryptedFileKeyManager] Loading RSA key parameters from file C:\Users\chella\Desktop\devopsassignment\devops-assignment\actions-runner\.credentials_rsaparams
[2026-10-04 05:20:05Z INFO RSAEncryptedFileKeyManager] Loading RSA key parameters from file C:\Users\chella\Desktop\devopsassignment\devops-assignment\actions-runner\.credentials_rsaparams
[2026-10-04 05:20:06Z INFO GitHubActionsService] AAD Correlation ID for this token request: Unknown
[2026-10-04 05:20:07Z INFO BrokerMessageListener] Session created.
[2026-10-04 05:20:07Z INFO Terminal] WRITE LINE: Current runner version: '2.337.0'
[2026-10-04 05:20:07Z INFO Terminal] WRITE LINE: 2026-10-04 05:20:07Z: Listening for Jobs
[2026-10-04 05:20:07Z INFO JobDispatcher] Set runner/worker IPC timeout to 30 seconds.
[2026-10-04 05:20:07Z INFO BrokerMessageListener] Acknowledging runner request 'c3a0f901-b544-55c4-a10d-db7584969103'.
[2026-10-04 05:20:08Z INFO ConfigurationStore] HasCredentials()
[2026-10-04 05:20:08Z INFO ConfigurationStore] stored True
[2026-10-04 05:20:08Z INFO CredentialManager] GetCredentialProvider
[2026-10-04 05:20:08Z INFO CredentialManager] Creating type OAuth
[2026-10-04 05:20:08Z INFO CredentialManager] Creating credential type: OAuth
[2026-10-04 05:20:08Z INFO RSAEncryptedFileKeyManager] Loading RSA key parameters from file C:\Users\chella\Desktop\devopsassignment\devops-assignment\actions-runner\.credentials_rsaparams
[2026-10-04 05:20:08Z INFO RSAEncryptedFileKeyManager] Loading RSA key parameters from file C:\Users\chella\Desktop\devopsassignment\devops-assignment\actions-runner\.credentials_rsaparams
[2026-10-04 05:20:08Z INFO RSAEncryptedFileKeyManager] Loading RSA key parameters from file C:\Users\chella\Desktop\devopsassignment\devops-assignment\actions-runner\.credentials_rsaparams
[2026-10-04 05:20:08Z INFO GitHubActionsService] AAD Correlation ID for this token request: Unknown
[2026-10-04 05:20:10Z INFO JobDispatcher] Job request 0 for plan b37c879b-1538-835c-bebe-4eb48be92007 job 7f26c78d-961c-561c-a814-19b704c9fd2d received.
[2026-10-04 05:20:10Z INFO JobDispatcher] Pull OrchestrationId b37c879b-1538-835c-bebe-4eb48be92007.trigger-jenkins.__default from JWT claims
[2026-10-04 05:20:10Z INFO BrokerMessageListener] Received job status event. JobState: Busy
[2026-10-04 05:20:10Z INFO BrokerMessageListener] _getMessagesTokenSource is already disposed.
[2026-10-04 05:20:10Z INFO Terminal] WRITE LINE: 2026-10-04 05:20:10Z: Running job: Trigger Jenkins Pipeline
[2026-10-04 05:20:10Z INFO JobDispatcher] Start renew job request 0 for job 7f26c78d-961c-561c-a814-19b704c9fd2d.
[2026-10-04 05:20:10Z INFO JobDispatcher] Successfully renew job 7f26c78d-961c-561c-a814-19b704c9fd2d, job is valid till 04-10-2026 05:30:11
[2026-10-04 05:20:10Z INFO HostContext] Well known directory 'Bin': 'C:\Users\chella\Desktop\devopsassignment\devops-assignment\actions-runner\bin'
[2026-10-04 05:20:10Z INFO ProcessInvokerWrapper] Starting process:
[2026-10-04 05:20:10Z INFO ProcessInvokerWrapper]   File name: 'C:\Users\chella\Desktop\devopsassignment\devops-assignment\actions-runner\bin\Runner.Worker.exe'
[2026-10-04 05:20:10Z INFO ProcessInvokerWrapper]   Arguments: 'spawnclient 2256 2292'
[2026-10-04 05:20:10Z INFO ProcessInvokerWrapper]   Working directory: 'C:\Users\chella\Desktop\devopsassignment\devops-assignment\actions-runner\bin'
[2026-10-04 05:20:10Z INFO ProcessInvokerWrapper]   Require exit code zero: 'False'
[2026-10-04 05:20:10Z INFO ProcessInvokerWrapper]   Encoding web name:  ; code page: ''
[2026-10-04 05:20:10Z INFO ProcessInvokerWrapper]   Force kill process on cancellation: 'True'
[2026-10-04 05:20:10Z INFO ProcessInvokerWrapper]   Redirected STDIN: 'False'
[2026-10-04 05:20:10Z INFO ProcessInvokerWrapper]   Persist current code page: 'False'
[2026-10-04 05:20:10Z INFO ProcessInvokerWrapper]   Keep redirected STDIN open: 'False'
[2026-10-04 05:20:10Z INFO ProcessInvokerWrapper]   High priority process: 'True'
[2026-10-04 05:20:10Z INFO JobDispatcher] Send job request message to worker for job 7f26c78d-961c-561c-a814-19b704c9fd2d.
[2026-10-04 05:20:10Z INFO ProcessChannel] Sending message of length 25034, with hash '6ff83294cfd7c2057e9daf83ff6be6583c3fd00a31ddec7346f9dea09d1bb968'
[2026-10-04 05:20:10Z INFO BrokerMessageListener] Received job status event. JobState: Online
[2026-10-04 05:20:10Z WARN GitHubActionsService] GET request to https://broker.actions.githubusercontent.com/message?sessionId=4a9b488e-9881-4021-9735-99c27f0d22de&status=Busy&runnerVersion=2.337.0&os=Windows&architecture=X64&disableUpdate=false has been cancelled.
[2026-10-04 05:20:10Z ERR  BrokerServer] Catch exception during request
[2026-10-04 05:20:10Z ERR  BrokerServer] System.Threading.Tasks.TaskCanceledException: The operation was canceled.
 ---> System.Threading.Tasks.TaskCanceledException: The operation was canceled.
 ---> System.IO.IOException: Unable to read data from the transport connection: The I/O operation has been aborted because of either a thread exit or an application request..
 ---> System.Net.Sockets.SocketException (995): The I/O operation has been aborted because of either a thread exit or an application request.
   --- End of inner exception stack trace ---
   at System.Net.Sockets.Socket.AwaitableSocketAsyncEventArgs.ThrowException(SocketError error, CancellationToken cancellationToken)
   at System.Net.Sockets.Socket.AwaitableSocketAsyncEventArgs.System.Threading.Tasks.Sources.IValueTaskSource<System.Int32>.GetResult(Int16 token)
   at System.Net.Security.SslStream.EnsureFullTlsFrameAsync[TIOAdapter](CancellationToken cancellationToken, Int32 estimatedSize)
   at System.Runtime.CompilerServices.PoolingAsyncValueTaskMethodBuilder`1.StateMachineBox`1.System.Threading.Tasks.Sources.IValueTaskSource<TResult>.GetResult(Int16 token)
   at System.Net.Security.SslStream.ReadAsyncInternal[TIOAdapter](Memory`1 buffer, CancellationToken cancellationToken)
   at System.Runtime.CompilerServices.PoolingAsyncValueTaskMethodBuilder`1.StateMachineBox`1.System.Threading.Tasks.Sources.IValueTaskSource<TResult>.GetResult(Int16 token)
   at System.Net.Http.HttpConnection.SendAsync(HttpRequestMessage request, Boolean async, CancellationToken cancellationToken)
   --- End of inner exception stack trace ---
   at System.Net.Http.HttpConnection.SendAsync(HttpRequestMessage request, Boolean async, CancellationToken cancellationToken)
   at System.Net.Http.AuthenticationHelper.SendWithNtAuthAsync(HttpRequestMessage request, Uri authUri, Boolean async, ICredentials credentials, Boolean isProxyAuth, HttpConnection connection, HttpConnectionPool connectionPool, CancellationToken cancellationToken)
   at System.Net.Http.HttpConnectionPool.SendWithVersionDetectionAndRetryAsync(HttpRequestMessage request, Boolean async, Boolean doRequestAuth, CancellationToken cancellationToken)
   at System.Net.Http.AuthenticationHelper.SendWithAuthAsync(HttpRequestMessage request, Uri authUri, Boolean async, ICredentials credentials, Boolean preAuthenticate, Boolean isProxyAuth, Boolean doRequestAuth, HttpConnectionPool pool, CancellationToken cancellationToken)
   at System.Net.Http.RedirectHandler.SendAsync(HttpRequestMessage request, Boolean async, CancellationToken cancellationToken)
   at GitHub.Services.Common.RawHttpMessageHandler.SendAsync(HttpRequestMessage request, CancellationToken cancellationToken)
   at GitHub.Services.Common.VssHttpRetryMessageHandler.SendAsync(HttpRequestMessage request, CancellationToken cancellationToken)
   at System.Net.Http.HttpClient.<SendAsync>g__Core|83_0(HttpRequestMessage request, HttpCompletionOption completionOption, CancellationTokenSource cts, Boolean disposeCts, CancellationTokenSource pendingRequestsCts, CancellationToken originalCancellationToken)
   --- End of inner exception stack trace ---
   at System.Net.Http.HttpClient.HandleFailure(Exception e, Boolean telemetryStarted, HttpResponseMessage response, CancellationTokenSource cts, CancellationToken cancellationToken, CancellationTokenSource pendingRequestsCts)
   at System.Net.Http.HttpClient.<SendAsync>g__Core|83_0(HttpRequestMessage request, HttpCompletionOption completionOption, CancellationTokenSource cts, Boolean disposeCts, CancellationTokenSource pendingRequestsCts, CancellationToken originalCancellationToken)
   at Sdk.WebApi.WebApi.RawHttpClientBase.SendAsync(HttpRequestMessage message, HttpCompletionOption completionOption, Object userState, CancellationToken cancellationToken)
   at Sdk.WebApi.WebApi.RawHttpClientBase.SendAsync[T](HttpRequestMessage message, Boolean readErrorBody, Object userState, CancellationToken cancellationToken)
   at Sdk.WebApi.WebApi.RawHttpClientBase.SendAsync[T](HttpMethod method, IEnumerable`1 additionalHeaders, Uri requestUri, HttpContent content, IEnumerable`1 queryParameters, Boolean readErrorBody, Object userState, CancellationToken cancellationToken)
   at GitHub.Actions.RunService.WebApi.BrokerHttpClient.GetRunnerMessageAsync(Nullable`1 sessionId, String runnerVersion, Nullable`1 status, String os, String architecture, Nullable`1 disableUpdate, CancellationToken cancellationToken)
   at GitHub.Runner.Common.BrokerServer.<>c__DisplayClass7_0.<<GetRunnerMessageAsync>b__0>d.MoveNext()
--- End of stack trace from previous location ---
   at GitHub.Runner.Common.RunnerService.RetryRequest[T](Func`1 func, CancellationToken cancellationToken, Int32 maxAttempts, Func`2 shouldRetry)
[2026-10-04 05:20:10Z ERR  BrokerServer] #####################################################
[2026-10-04 05:20:10Z ERR  BrokerServer] System.Threading.Tasks.TaskCanceledException: The operation was canceled.
 ---> System.IO.IOException: Unable to read data from the transport connection: The I/O operation has been aborted because of either a thread exit or an application request..
 ---> System.Net.Sockets.SocketException (995): The I/O operation has been aborted because of either a thread exit or an application request.
   --- End of inner exception stack trace ---
   at System.Net.Sockets.Socket.AwaitableSocketAsyncEventArgs.ThrowException(SocketError error, CancellationToken cancellationToken)
   at System.Net.Sockets.Socket.AwaitableSocketAsyncEventArgs.System.Threading.Tasks.Sources.IValueTaskSource<System.Int32>.GetResult(Int16 token)
   at System.Net.Security.SslStream.EnsureFullTlsFrameAsync[TIOAdapter](CancellationToken cancellationToken, Int32 estimatedSize)
   at System.Runtime.CompilerServices.PoolingAsyncValueTaskMethodBuilder`1.StateMachineBox`1.System.Threading.Tasks.Sources.IValueTaskSource<TResult>.GetResult(Int16 token)
   at System.Net.Security.SslStream.ReadAsyncInternal[TIOAdapter](Memory`1 buffer, CancellationToken cancellationToken)
   at System.Runtime.CompilerServices.PoolingAsyncValueTaskMethodBuilder`1.StateMachineBox`1.System.Threading.Tasks.Sources.IValueTaskSource<TResult>.GetResult(Int16 token)
   at System.Net.Http.HttpConnection.SendAsync(HttpRequestMessage request, Boolean async, CancellationToken cancellationToken)
   --- End of inner exception stack trace ---
   at System.Net.Http.HttpConnection.SendAsync(HttpRequestMessage request, Boolean async, CancellationToken cancellationToken)
   at System.Net.Http.AuthenticationHelper.SendWithNtAuthAsync(HttpRequestMessage request, Uri authUri, Boolean async, ICredentials credentials, Boolean isProxyAuth, HttpConnection connection, HttpConnectionPool connectionPool, CancellationToken cancellationToken)
   at System.Net.Http.HttpConnectionPool.SendWithVersionDetectionAndRetryAsync(HttpRequestMessage request, Boolean async, Boolean doRequestAuth, CancellationToken cancellationToken)
   at System.Net.Http.AuthenticationHelper.SendWithAuthAsync(HttpRequestMessage request, Uri authUri, Boolean async, ICredentials credentials, Boolean preAuthenticate, Boolean isProxyAuth, Boolean doRequestAuth, HttpConnectionPool pool, CancellationToken cancellationToken)
   at System.Net.Http.RedirectHandler.SendAsync(HttpRequestMessage request, Boolean async, CancellationToken cancellationToken)
   at GitHub.Services.Common.RawHttpMessageHandler.SendAsync(HttpRequestMessage request, CancellationToken cancellationToken)
   at GitHub.Services.Common.VssHttpRetryMessageHandler.SendAsync(HttpRequestMessage request, CancellationToken cancellationToken)
   at System.Net.Http.HttpClient.<SendAsync>g__Core|83_0(HttpRequestMessage request, HttpCompletionOption completionOption, CancellationTokenSource cts, Boolean disposeCts, CancellationTokenSource pendingRequestsCts, CancellationToken originalCancellationToken)
[2026-10-04 05:20:10Z ERR  BrokerServer] #####################################################
[2026-10-04 05:20:10Z ERR  BrokerServer] System.IO.IOException: Unable to read data from the transport connection: The I/O operation has been aborted because of either a thread exit or an application request..
 ---> System.Net.Sockets.SocketException (995): The I/O operation has been aborted because of either a thread exit or an application request.
   --- End of inner exception stack trace ---
   at System.Net.Sockets.Socket.AwaitableSocketAsyncEventArgs.ThrowException(SocketError error, CancellationToken cancellationToken)
   at System.Net.Sockets.Socket.AwaitableSocketAsyncEventArgs.System.Threading.Tasks.Sources.IValueTaskSource<System.Int32>.GetResult(Int16 token)
   at System.Net.Security.SslStream.EnsureFullTlsFrameAsync[TIOAdapter](CancellationToken cancellationToken, Int32 estimatedSize)
   at System.Runtime.CompilerServices.PoolingAsyncValueTaskMethodBuilder`1.StateMachineBox`1.System.Threading.Tasks.Sources.IValueTaskSource<TResult>.GetResult(Int16 token)
   at System.Net.Security.SslStream.ReadAsyncInternal[TIOAdapter](Memory`1 buffer, CancellationToken cancellationToken)
   at System.Runtime.CompilerServices.PoolingAsyncValueTaskMethodBuilder`1.StateMachineBox`1.System.Threading.Tasks.Sources.IValueTaskSource<TResult>.GetResult(Int16 token)
   at System.Net.Http.HttpConnection.SendAsync(HttpRequestMessage request, Boolean async, CancellationToken cancellationToken)
[2026-10-04 05:20:10Z ERR  BrokerServer] #####################################################
[2026-10-04 05:20:10Z ERR  BrokerServer] System.Net.Sockets.SocketException (995): The I/O operation has been aborted because of either a thread exit or an application request.
[2026-10-04 05:20:10Z WARN BrokerServer] Back off 13.971 seconds before next retry. 4 attempt left.
[2026-10-04 05:20:10Z INFO BrokerMessageListener] Get messages has been cancelled using local token source. Continue to get messages with new status.
[2026-10-04 05:21:11Z INFO JobDispatcher] Successfully renew job 7f26c78d-961c-561c-a814-19b704c9fd2d, job is valid till 04-10-2026 05:31:11
[2026-10-04 05:22:11Z INFO JobDispatcher] Successfully renew job 7f26c78d-961c-561c-a814-19b704c9fd2d, job is valid till 04-10-2026 05:32:11
[2026-10-04 05:23:11Z INFO JobDispatcher] Successfully renew job 7f26c78d-961c-561c-a814-19b704c9fd2d, job is valid till 04-10-2026 05:33:11
[2026-10-04 05:24:07Z INFO JobDispatcher] Job cancellation request 7f26c78d-961c-561c-a814-19b704c9fd2d received, cancellation timeout 5 minutes.
[2026-10-04 05:24:07Z INFO JobDispatcher] Job cancellation request c3a0f901-b544-55c4-a10d-db7584969103 received, cancellation timeout 5 minutes.
[2026-10-04 05:24:08Z INFO JobDispatcher] Job cancellation request c3a0f901-b544-55c4-a10d-db7584969103 received, cancellation timeout 5 minutes.
[2026-10-04 05:24:08Z INFO JobDispatcher] Job cancellation request c3a0f901-b544-55c4-a10d-db7584969103 received, cancellation timeout 5 minutes.
[2026-10-04 05:24:11Z INFO JobDispatcher] Successfully renew job 7f26c78d-961c-561c-a814-19b704c9fd2d, job is valid till 04-10-2026 05:34:12
[2026-10-04 05:25:12Z INFO JobDispatcher] Successfully renew job 7f26c78d-961c-561c-a814-19b704c9fd2d, job is valid till 04-10-2026 05:35:12
[2026-10-04 05:26:12Z INFO JobDispatcher] Successfully renew job 7f26c78d-961c-561c-a814-19b704c9fd2d, job is valid till 04-10-2026 05:36:12
[2026-10-04 05:27:12Z INFO JobDispatcher] Successfully renew job 7f26c78d-961c-561c-a814-19b704c9fd2d, job is valid till 04-10-2026 05:37:12
[2026-10-04 05:28:12Z INFO JobDispatcher] Successfully renew job 7f26c78d-961c-561c-a814-19b704c9fd2d, job is valid till 04-10-2026 05:38:13
[2026-10-04 05:29:07Z INFO BrokerMessageListener] Acknowledging runner request 'afb5b349-3f0c-59cd-83fd-6ca58177b7b6'.
[2026-10-04 05:29:08Z INFO ConfigurationStore] HasCredentials()
[2026-10-04 05:29:08Z INFO ConfigurationStore] stored True
[2026-10-04 05:29:08Z INFO CredentialManager] GetCredentialProvider
[2026-10-04 05:29:08Z INFO CredentialManager] Creating type OAuth
[2026-10-04 05:29:08Z INFO CredentialManager] Creating credential type: OAuth
[2026-10-04 05:29:08Z INFO RSAEncryptedFileKeyManager] Loading RSA key parameters from file C:\Users\chella\Desktop\devopsassignment\devops-assignment\actions-runner\.credentials_rsaparams
[2026-10-04 05:29:08Z INFO RSAEncryptedFileKeyManager] Loading RSA key parameters from file C:\Users\chella\Desktop\devopsassignment\devops-assignment\actions-runner\.credentials_rsaparams
[2026-10-04 05:29:08Z INFO RSAEncryptedFileKeyManager] Loading RSA key parameters from file C:\Users\chella\Desktop\devopsassignment\devops-assignment\actions-runner\.credentials_rsaparams
[2026-10-04 05:29:08Z INFO GitHubActionsService] AAD Correlation ID for this token request: Unknown
[2026-10-04 05:29:10Z INFO JobDispatcher] Job request 0 for plan 016fec63-56cf-822d-9ff5-ce160eb623ae job 438c410b-f71d-5928-9471-125bdbe8af9f received.
[2026-10-04 05:29:10Z INFO JobDispatcher] Pull OrchestrationId 016fec63-56cf-822d-9ff5-ce160eb623ae.trigger-jenkins.__default from JWT claims
[2026-10-04 05:29:10Z INFO BrokerMessageListener] Received job status event. JobState: Busy
[2026-10-04 05:29:10Z INFO BrokerMessageListener] _getMessagesTokenSource is already disposed.
[2026-10-04 05:29:10Z ERR  JobDispatcher] Worker Dispatch failed with an exception for job request 7f26c78d-961c-561c-a814-19b704c9fd2d.
[2026-10-04 05:29:10Z ERR  JobDispatcher] System.IO.IOException: Pipe is broken.
   at System.IO.Pipes.PipeStream.WriteCore(ReadOnlySpan`1 buffer)
   at System.IO.Pipes.PipeStream.<>c.<AsyncOverSyncWrite>b__78_0(ValueTuple`2 s)
   at System.Threading.AsyncOverSyncWithIoCancellation.InvokeAsync[TState](Action`1 action, TState state, CancellationToken cancellationToken)
   at System.Runtime.CompilerServices.PoolingAsyncValueTaskMethodBuilder`1.StateMachineBox`1.System.Threading.Tasks.Sources.IValueTaskSource.GetResult(Int16 token)
   at System.Threading.Tasks.ValueTask.ValueTaskSourceAsTask.<>c.<.cctor>b__4_0(Object state)
--- End of stack trace from previous location ---
   at GitHub.Runner.Common.Extensions.WithCancellation(Task task, CancellationToken cancellationToken)
   at GitHub.Runner.Common.StreamString.WriteInt32Async(Int32 value, CancellationToken cancellationToken)
   at GitHub.Runner.Common.ProcessChannel.SendAsync(MessageType messageType, String body, CancellationToken cancellationToken)
   at GitHub.Runner.Listener.JobDispatcher.RunAsync(AgentJobRequestMessage message, String orchestrationId, WorkerDispatcher previousJobDispatch, CancellationToken jobRequestCancellationToken, CancellationToken workerCancelTimeoutKillToken)
   at GitHub.Runner.Listener.JobDispatcher.EnsureDispatchFinished(WorkerDispatcher jobDispatch, Boolean cancelRunningJob)
[2026-10-04 05:29:10Z INFO Terminal] WRITE LINE: 2026-10-04 05:29:10Z: Running job: trigger-jenkins
[2026-10-04 05:29:10Z INFO JobDispatcher] Start renew job request 0 for job 438c410b-f71d-5928-9471-125bdbe8af9f.
[2026-10-04 05:29:10Z INFO JobDispatcher] Successfully renew job 438c410b-f71d-5928-9471-125bdbe8af9f, job is valid till 04-10-2026 05:39:11
[2026-10-04 05:29:10Z INFO HostContext] Well known directory 'Bin': 'C:\Users\chella\Desktop\devopsassignment\devops-assignment\actions-runner\bin'
[2026-10-04 05:29:10Z INFO ProcessInvokerWrapper] Starting process:
[2026-10-04 05:29:10Z INFO ProcessInvokerWrapper]   File name: 'C:\Users\chella\Desktop\devopsassignment\devops-assignment\actions-runner\bin\Runner.Worker.exe'
[2026-10-04 05:29:10Z INFO ProcessInvokerWrapper]   Arguments: 'spawnclient 592 2052'
[2026-10-04 05:29:10Z INFO ProcessInvokerWrapper]   Working directory: 'C:\Users\chella\Desktop\devopsassignment\devops-assignment\actions-runner\bin'
[2026-10-04 05:29:10Z INFO ProcessInvokerWrapper]   Require exit code zero: 'False'
[2026-10-04 05:29:10Z INFO ProcessInvokerWrapper]   Encoding web name:  ; code page: ''
[2026-10-04 05:29:10Z INFO ProcessInvokerWrapper]   Force kill process on cancellation: 'True'
[2026-10-04 05:29:10Z INFO ProcessInvokerWrapper]   Redirected STDIN: 'False'
[2026-10-04 05:29:10Z INFO ProcessInvokerWrapper]   Persist current code page: 'False'
[2026-10-04 05:29:10Z INFO ProcessInvokerWrapper]   Keep redirected STDIN open: 'False'
[2026-10-04 05:29:10Z INFO ProcessInvokerWrapper]   High priority process: 'True'
[2026-10-04 05:29:10Z INFO JobDispatcher] Send job request message to worker for job 438c410b-f71d-5928-9471-125bdbe8af9f.
[2026-10-04 05:29:10Z INFO ProcessChannel] Sending message of length 25070, with hash 'a7b2428d74d27385602afd3d1d172e8310c034f6fa11e7ab6f7a1f8bacdb18c1'
[2026-10-04 05:29:10Z INFO BrokerMessageListener] Received job status event. JobState: Online
[2026-10-04 05:29:10Z WARN GitHubActionsService] GET request to https://broker.actions.githubusercontent.com/message?sessionId=4a9b488e-9881-4021-9735-99c27f0d22de&status=Busy&runnerVersion=2.337.0&os=Windows&architecture=X64&disableUpdate=false has been cancelled.
[2026-10-04 05:29:10Z ERR  BrokerServer] Catch exception during request
[2026-10-04 05:29:10Z ERR  BrokerServer] System.Threading.Tasks.TaskCanceledException: The operation was canceled.
 ---> System.Threading.Tasks.TaskCanceledException: The operation was canceled.
 ---> System.IO.IOException: Unable to read data from the transport connection: The I/O operation has been aborted because of either a thread exit or an application request..
 ---> System.Net.Sockets.SocketException (995): The I/O operation has been aborted because of either a thread exit or an application request.
   --- End of inner exception stack trace ---
   at System.Net.Sockets.Socket.AwaitableSocketAsyncEventArgs.System.Threading.Tasks.Sources.IValueTaskSource<System.Int32>.GetResult(Int16 token)
   at System.Net.Security.SslStream.EnsureFullTlsFrameAsync[TIOAdapter](CancellationToken cancellationToken, Int32 estimatedSize)
   at System.Runtime.CompilerServices.PoolingAsyncValueTaskMethodBuilder`1.StateMachineBox`1.System.Threading.Tasks.Sources.IValueTaskSource<TResult>.GetResult(Int16 token)
   at System.Net.Security.SslStream.ReadAsyncInternal[TIOAdapter](Memory`1 buffer, CancellationToken cancellationToken)
   at System.Runtime.CompilerServices.PoolingAsyncValueTaskMethodBuilder`1.StateMachineBox`1.System.Threading.Tasks.Sources.IValueTaskSource<TResult>.GetResult(Int16 token)
   at System.Net.Http.HttpConnection.SendAsync(HttpRequestMessage request, Boolean async, CancellationToken cancellationToken)
   --- End of inner exception stack trace ---
   at System.Net.Http.HttpConnection.SendAsync(HttpRequestMessage request, Boolean async, CancellationToken cancellationToken)
   at System.Net.Http.AuthenticationHelper.SendWithNtAuthAsync(HttpRequestMessage request, Uri authUri, Boolean async, ICredentials credentials, Boolean isProxyAuth, HttpConnection connection, HttpConnectionPool connectionPool, CancellationToken cancellationToken)
   at System.Net.Http.HttpConnectionPool.SendWithVersionDetectionAndRetryAsync(HttpRequestMessage request, Boolean async, Boolean doRequestAuth, CancellationToken cancellationToken)
   at System.Net.Http.AuthenticationHelper.SendWithAuthAsync(HttpRequestMessage request, Uri authUri, Boolean async, ICredentials credentials, Boolean preAuthenticate, Boolean isProxyAuth, Boolean doRequestAuth, HttpConnectionPool pool, CancellationToken cancellationToken)
   at System.Net.Http.RedirectHandler.SendAsync(HttpRequestMessage request, Boolean async, CancellationToken cancellationToken)
   at GitHub.Services.Common.RawHttpMessageHandler.SendAsync(HttpRequestMessage request, CancellationToken cancellationToken)
   at GitHub.Services.Common.VssHttpRetryMessageHandler.SendAsync(HttpRequestMessage request, CancellationToken cancellationToken)
   at System.Net.Http.HttpClient.<SendAsync>g__Core|83_0(HttpRequestMessage request, HttpCompletionOption completionOption, CancellationTokenSource cts, Boolean disposeCts, CancellationTokenSource pendingRequestsCts, CancellationToken originalCancellationToken)
   --- End of inner exception stack trace ---
   at System.Net.Http.HttpClient.HandleFailure(Exception e, Boolean telemetryStarted, HttpResponseMessage response, CancellationTokenSource cts, CancellationToken cancellationToken, CancellationTokenSource pendingRequestsCts)
   at System.Net.Http.HttpClient.<SendAsync>g__Core|83_0(HttpRequestMessage request, HttpCompletionOption completionOption, CancellationTokenSource cts, Boolean disposeCts, CancellationTokenSource pendingRequestsCts, CancellationToken originalCancellationToken)
   at Sdk.WebApi.WebApi.RawHttpClientBase.SendAsync(HttpRequestMessage message, HttpCompletionOption completionOption, Object userState, CancellationToken cancellationToken)
   at Sdk.WebApi.WebApi.RawHttpClientBase.SendAsync[T](HttpRequestMessage message, Boolean readErrorBody, Object userState, CancellationToken cancellationToken)
   at Sdk.WebApi.WebApi.RawHttpClientBase.SendAsync[T](HttpMethod method, IEnumerable`1 additionalHeaders, Uri requestUri, HttpContent content, IEnumerable`1 queryParameters, Boolean readErrorBody, Object userState, CancellationToken cancellationToken)
   at GitHub.Actions.RunService.WebApi.BrokerHttpClient.GetRunnerMessageAsync(Nullable`1 sessionId, String runnerVersion, Nullable`1 status, String os, String architecture, Nullable`1 disableUpdate, CancellationToken cancellationToken)
   at GitHub.Runner.Common.BrokerServer.<>c__DisplayClass7_0.<<GetRunnerMessageAsync>b__0>d.MoveNext()
--- End of stack trace from previous location ---
   at GitHub.Runner.Common.RunnerService.RetryRequest[T](Func`1 func, CancellationToken cancellationToken, Int32 maxAttempts, Func`2 shouldRetry)
[2026-10-04 05:29:10Z ERR  BrokerServer] #####################################################
[2026-10-04 05:29:10Z ERR  BrokerServer] System.Threading.Tasks.TaskCanceledException: The operation was canceled.
 ---> System.IO.IOException: Unable to read data from the transport connection: The I/O operation has been aborted because of either a thread exit or an application request..
 ---> System.Net.Sockets.SocketException (995): The I/O operation has been aborted because of either a thread exit or an application request.
   --- End of inner exception stack trace ---
   at System.Net.Sockets.Socket.AwaitableSocketAsyncEventArgs.System.Threading.Tasks.Sources.IValueTaskSource<System.Int32>.GetResult(Int16 token)
   at System.Net.Security.SslStream.EnsureFullTlsFrameAsync[TIOAdapter](CancellationToken cancellationToken, Int32 estimatedSize)
   at System.Runtime.CompilerServices.PoolingAsyncValueTaskMethodBuilder`1.StateMachineBox`1.System.Threading.Tasks.Sources.IValueTaskSource<TResult>.GetResult(Int16 token)
   at System.Net.Security.SslStream.ReadAsyncInternal[TIOAdapter](Memory`1 buffer, CancellationToken cancellationToken)
   at System.Runtime.CompilerServices.PoolingAsyncValueTaskMethodBuilder`1.StateMachineBox`1.System.Threading.Tasks.Sources.IValueTaskSource<TResult>.GetResult(Int16 token)
   at System.Net.Http.HttpConnection.SendAsync(HttpRequestMessage request, Boolean async, CancellationToken cancellationToken)
   --- End of inner exception stack trace ---
   at System.Net.Http.HttpConnection.SendAsync(HttpRequestMessage request, Boolean async, CancellationToken cancellationToken)
   at System.Net.Http.AuthenticationHelper.SendWithNtAuthAsync(HttpRequestMessage request, Uri authUri, Boolean async, ICredentials credentials, Boolean isProxyAuth, HttpConnection connection, HttpConnectionPool connectionPool, CancellationToken cancellationToken)
   at System.Net.Http.HttpConnectionPool.SendWithVersionDetectionAndRetryAsync(HttpRequestMessage request, Boolean async, Boolean doRequestAuth, CancellationToken cancellationToken)
   at System.Net.Http.AuthenticationHelper.SendWithAuthAsync(HttpRequestMessage request, Uri authUri, Boolean async, ICredentials credentials, Boolean preAuthenticate, Boolean isProxyAuth, Boolean doRequestAuth, HttpConnectionPool pool, CancellationToken cancellationToken)
   at System.Net.Http.RedirectHandler.SendAsync(HttpRequestMessage request, Boolean async, CancellationToken cancellationToken)
   at GitHub.Services.Common.RawHttpMessageHandler.SendAsync(HttpRequestMessage request, CancellationToken cancellationToken)
   at GitHub.Services.Common.VssHttpRetryMessageHandler.SendAsync(HttpRequestMessage request, CancellationToken cancellationToken)
   at System.Net.Http.HttpClient.<SendAsync>g__Core|83_0(HttpRequestMessage request, HttpCompletionOption completionOption, CancellationTokenSource cts, Boolean disposeCts, CancellationTokenSource pendingRequestsCts, CancellationToken originalCancellationToken)
[2026-10-04 05:29:10Z ERR  BrokerServer] #####################################################
[2026-10-04 05:29:10Z ERR  BrokerServer] System.IO.IOException: Unable to read data from the transport connection: The I/O operation has been aborted because of either a thread exit or an application request..
 ---> System.Net.Sockets.SocketException (995): The I/O operation has been aborted because of either a thread exit or an application request.
   --- End of inner exception stack trace ---
   at System.Net.Sockets.Socket.AwaitableSocketAsyncEventArgs.System.Threading.Tasks.Sources.IValueTaskSource<System.Int32>.GetResult(Int16 token)
   at System.Net.Security.SslStream.EnsureFullTlsFrameAsync[TIOAdapter](CancellationToken cancellationToken, Int32 estimatedSize)
   at System.Runtime.CompilerServices.PoolingAsyncValueTaskMethodBuilder`1.StateMachineBox`1.System.Threading.Tasks.Sources.IValueTaskSource<TResult>.GetResult(Int16 token)
   at System.Net.Security.SslStream.ReadAsyncInternal[TIOAdapter](Memory`1 buffer, CancellationToken cancellationToken)
   at System.Runtime.CompilerServices.PoolingAsyncValueTaskMethodBuilder`1.StateMachineBox`1.System.Threading.Tasks.Sources.IValueTaskSource<TResult>.GetResult(Int16 token)
   at System.Net.Http.HttpConnection.SendAsync(HttpRequestMessage request, Boolean async, CancellationToken cancellationToken)
[2026-10-04 05:29:10Z ERR  BrokerServer] #####################################################
[2026-10-04 05:29:10Z ERR  BrokerServer] System.Net.Sockets.SocketException (995): The I/O operation has been aborted because of either a thread exit or an application request.
[2026-10-04 05:29:10Z WARN BrokerServer] Back off 13.563 seconds before next retry. 4 attempt left.
[2026-10-04 05:29:10Z INFO BrokerMessageListener] Get messages has been cancelled using local token source. Continue to get messages with new status.
[2026-10-04 05:29:13Z ERR  GitHubActionsService] POST request to https://run-actions-1-azure-eastus.actions.githubusercontent.com/97/renewjob is not authorized. Details: You are not authorized to access https://run-actions-1-azure-eastus.actions.githubusercontent.com.
[2026-10-04 05:29:13Z ERR  RunServer] Catch exception during request
[2026-10-04 05:29:13Z ERR  RunServer] GitHub.Services.Common.VssUnauthorizedException: You are not authorized to access https://run-actions-1-azure-eastus.actions.githubusercontent.com.
   at GitHub.Services.Common.RawHttpMessageHandler.SendAsync(HttpRequestMessage request, CancellationToken cancellationToken)
   at GitHub.Services.Common.VssHttpRetryMessageHandler.SendAsync(HttpRequestMessage request, CancellationToken cancellationToken)
   at System.Net.Http.HttpClient.<SendAsync>g__Core|83_0(HttpRequestMessage request, HttpCompletionOption completionOption, CancellationTokenSource cts, Boolean disposeCts, CancellationTokenSource pendingRequestsCts, CancellationToken originalCancellationToken)
   at Sdk.WebApi.WebApi.RawHttpClientBase.SendAsync(HttpRequestMessage message, HttpCompletionOption completionOption, Object userState, CancellationToken cancellationToken)
   at Sdk.WebApi.WebApi.RawHttpClientBase.SendAsync[T](HttpRequestMessage message, Boolean readErrorBody, Object userState, CancellationToken cancellationToken)
   at Sdk.WebApi.WebApi.RawHttpClientBase.SendAsync[T](HttpMethod method, IEnumerable`1 additionalHeaders, Uri requestUri, HttpContent content, IEnumerable`1 queryParameters, Boolean readErrorBody, Object userState, CancellationToken cancellationToken)
   at GitHub.Actions.RunService.WebApi.RunServiceHttpClient.RenewJobAsync(Uri requestUri, Guid planId, Guid jobId, CancellationToken cancellationToken)
   at GitHub.Runner.Common.RunServer.<>c__DisplayClass8_0.<<RenewJobAsync>b__0>d.MoveNext()
--- End of stack trace from previous location ---
   at GitHub.Runner.Common.RunnerService.RetryRequest[T](Func`1 func, CancellationToken cancellationToken, Int32 maxAttempts, Func`2 shouldRetry)
[2026-10-04 05:29:13Z WARN RunServer] Back off 11.228 seconds before next retry. 4 attempt left.
[2026-10-04 05:29:24Z ERR  GitHubActionsService] POST request to https://run-actions-1-azure-eastus.actions.githubusercontent.com/97/renewjob is not authorized. Details: You are not authorized to access https://run-actions-1-azure-eastus.actions.githubusercontent.com.
[2026-10-04 05:29:24Z ERR  RunServer] Catch exception during request
[2026-10-04 05:29:24Z ERR  RunServer] GitHub.Services.Common.VssUnauthorizedException: You are not authorized to access https://run-actions-1-azure-eastus.actions.githubusercontent.com.
   at GitHub.Services.Common.RawHttpMessageHandler.SendAsync(HttpRequestMessage request, CancellationToken cancellationToken)
   at GitHub.Services.Common.VssHttpRetryMessageHandler.SendAsync(HttpRequestMessage request, CancellationToken cancellationToken)
   at System.Net.Http.HttpClient.<SendAsync>g__Core|83_0(HttpRequestMessage request, HttpCompletionOption completionOption, CancellationTokenSource cts, Boolean disposeCts, CancellationTokenSource pendingRequestsCts, CancellationToken originalCancellationToken)
   at Sdk.WebApi.WebApi.RawHttpClientBase.SendAsync(HttpRequestMessage message, HttpCompletionOption completionOption, Object userState, CancellationToken cancellationToken)
   at Sdk.WebApi.WebApi.RawHttpClientBase.SendAsync[T](HttpRequestMessage message, Boolean readErrorBody, Object userState, CancellationToken cancellationToken)
   at Sdk.WebApi.WebApi.RawHttpClientBase.SendAsync[T](HttpMethod method, IEnumerable`1 additionalHeaders, Uri requestUri, HttpContent content, IEnumerable`1 queryParameters, Boolean readErrorBody, Object userState, CancellationToken cancellationToken)
   at GitHub.Actions.RunService.WebApi.RunServiceHttpClient.RenewJobAsync(Uri requestUri, Guid planId, Guid jobId, CancellationToken cancellationToken)
   at GitHub.Runner.Common.RunServer.<>c__DisplayClass8_0.<<RenewJobAsync>b__0>d.MoveNext()
--- End of stack trace from previous location ---
   at GitHub.Runner.Common.RunnerService.RetryRequest[T](Func`1 func, CancellationToken cancellationToken, Int32 maxAttempts, Func`2 shouldRetry)
[2026-10-04 05:29:24Z WARN RunServer] Back off 14.221 seconds before next retry. 3 attempt left.
[2026-10-04 05:29:40Z ERR  GitHubActionsService] POST request to https://run-actions-1-azure-eastus.actions.githubusercontent.com/97/renewjob is not authorized. Details: You are not authorized to access https://run-actions-1-azure-eastus.actions.githubusercontent.com.
[2026-10-04 05:29:40Z ERR  RunServer] Catch exception during request
[2026-10-04 05:29:40Z ERR  RunServer] GitHub.Services.Common.VssUnauthorizedException: You are not authorized to access https://run-actions-1-azure-eastus.actions.githubusercontent.com.
   at GitHub.Services.Common.RawHttpMessageHandler.SendAsync(HttpRequestMessage request, CancellationToken cancellationToken)
   at GitHub.Services.Common.VssHttpRetryMessageHandler.SendAsync(HttpRequestMessage request, CancellationToken cancellationToken)
   at System.Net.Http.HttpClient.<SendAsync>g__Core|83_0(HttpRequestMessage request, HttpCompletionOption completionOption, CancellationTokenSource cts, Boolean disposeCts, CancellationTokenSource pendingRequestsCts, CancellationToken originalCancellationToken)
   at Sdk.WebApi.WebApi.RawHttpClientBase.SendAsync(HttpRequestMessage message, HttpCompletionOption completionOption, Object userState, CancellationToken cancellationToken)
   at Sdk.WebApi.WebApi.RawHttpClientBase.SendAsync[T](HttpRequestMessage message, Boolean readErrorBody, Object userState, CancellationToken cancellationToken)
   at Sdk.WebApi.WebApi.RawHttpClientBase.SendAsync[T](HttpMethod method, IEnumerable`1 additionalHeaders, Uri requestUri, HttpContent content, IEnumerable`1 queryParameters, Boolean readErrorBody, Object userState, CancellationToken cancellationToken)
   at GitHub.Actions.RunService.WebApi.RunServiceHttpClient.RenewJobAsync(Uri requestUri, Guid planId, Guid jobId, CancellationToken cancellationToken)
   at GitHub.Runner.Common.RunServer.<>c__DisplayClass8_0.<<RenewJobAsync>b__0>d.MoveNext()
--- End of stack trace from previous location ---
   at GitHub.Runner.Common.RunnerService.RetryRequest[T](Func`1 func, CancellationToken cancellationToken, Int32 maxAttempts, Func`2 shouldRetry)
[2026-10-04 05:29:40Z WARN RunServer] Back off 8.022 seconds before next retry. 2 attempt left.
[2026-10-04 05:29:48Z ERR  GitHubActionsService] POST request to https://run-actions-1-azure-eastus.actions.githubusercontent.com/97/renewjob is not authorized. Details: You are not authorized to access https://run-actions-1-azure-eastus.actions.githubusercontent.com.
[2026-10-04 05:29:48Z ERR  RunServer] Catch exception during request
[2026-10-04 05:29:48Z ERR  RunServer] GitHub.Services.Common.VssUnauthorizedException: You are not authorized to access https://run-actions-1-azure-eastus.actions.githubusercontent.com.
   at GitHub.Services.Common.RawHttpMessageHandler.SendAsync(HttpRequestMessage request, CancellationToken cancellationToken)
   at GitHub.Services.Common.VssHttpRetryMessageHandler.SendAsync(HttpRequestMessage request, CancellationToken cancellationToken)
   at System.Net.Http.HttpClient.<SendAsync>g__Core|83_0(HttpRequestMessage request, HttpCompletionOption completionOption, CancellationTokenSource cts, Boolean disposeCts, CancellationTokenSource pendingRequestsCts, CancellationToken originalCancellationToken)
   at Sdk.WebApi.WebApi.RawHttpClientBase.SendAsync(HttpRequestMessage message, HttpCompletionOption completionOption, Object userState, CancellationToken cancellationToken)
   at Sdk.WebApi.WebApi.RawHttpClientBase.SendAsync[T](HttpRequestMessage message, Boolean readErrorBody, Object userState, CancellationToken cancellationToken)
   at Sdk.WebApi.WebApi.RawHttpClientBase.SendAsync[T](HttpMethod method, IEnumerable`1 additionalHeaders, Uri requestUri, HttpContent content, IEnumerable`1 queryParameters, Boolean readErrorBody, Object userState, CancellationToken cancellationToken)
   at GitHub.Actions.RunService.WebApi.RunServiceHttpClient.RenewJobAsync(Uri requestUri, Guid planId, Guid jobId, CancellationToken cancellationToken)
   at GitHub.Runner.Common.RunServer.<>c__DisplayClass8_0.<<RenewJobAsync>b__0>d.MoveNext()
--- End of stack trace from previous location ---
   at GitHub.Runner.Common.RunnerService.RetryRequest[T](Func`1 func, CancellationToken cancellationToken, Int32 maxAttempts, Func`2 shouldRetry)
[2026-10-04 05:29:48Z WARN RunServer] Back off 6.799 seconds before next retry. 1 attempt left.
[2026-10-04 05:29:55Z ERR  GitHubActionsService] POST request to https://run-actions-1-azure-eastus.actions.githubusercontent.com/97/renewjob is not authorized. Details: You are not authorized to access https://run-actions-1-azure-eastus.actions.githubusercontent.com.
[2026-10-04 05:29:55Z ERR  JobDispatcher] Catch exception during renew runner job 7f26c78d-961c-561c-a814-19b704c9fd2d.
[2026-10-04 05:29:55Z ERR  JobDispatcher] GitHub.Services.Common.VssUnauthorizedException: You are not authorized to access https://run-actions-1-azure-eastus.actions.githubusercontent.com.
   at GitHub.Services.Common.RawHttpMessageHandler.SendAsync(HttpRequestMessage request, CancellationToken cancellationToken)
   at GitHub.Services.Common.VssHttpRetryMessageHandler.SendAsync(HttpRequestMessage request, CancellationToken cancellationToken)
   at System.Net.Http.HttpClient.<SendAsync>g__Core|83_0(HttpRequestMessage request, HttpCompletionOption completionOption, CancellationTokenSource cts, Boolean disposeCts, CancellationTokenSource pendingRequestsCts, CancellationToken originalCancellationToken)
   at Sdk.WebApi.WebApi.RawHttpClientBase.SendAsync(HttpRequestMessage message, HttpCompletionOption completionOption, Object userState, CancellationToken cancellationToken)
   at Sdk.WebApi.WebApi.RawHttpClientBase.SendAsync[T](HttpRequestMessage message, Boolean readErrorBody, Object userState, CancellationToken cancellationToken)
   at Sdk.WebApi.WebApi.RawHttpClientBase.SendAsync[T](HttpMethod method, IEnumerable`1 additionalHeaders, Uri requestUri, HttpContent content, IEnumerable`1 queryParameters, Boolean readErrorBody, Object userState, CancellationToken cancellationToken)
   at GitHub.Actions.RunService.WebApi.RunServiceHttpClient.RenewJobAsync(Uri requestUri, Guid planId, Guid jobId, CancellationToken cancellationToken)
   at GitHub.Runner.Common.RunServer.<>c__DisplayClass8_0.<<RenewJobAsync>b__0>d.MoveNext()
--- End of stack trace from previous location ---
   at GitHub.Runner.Common.RunnerService.RetryRequest[T](Func`1 func, CancellationToken cancellationToken, Int32 maxAttempts, Func`2 shouldRetry)
   at GitHub.Runner.Listener.JobDispatcher.RenewJobRequestAsync(IRunServer runServer, Guid planId, Guid jobId, TaskCompletionSource`1 firstJobRequestRenewed, CancellationToken token)
[2026-10-04 05:30:11Z ERR  GitHubActionsService] POST request to https://run-actions-1-azure-eastus.actions.githubusercontent.com/97/renewjob is not authorized. Details: You are not authorized to access https://run-actions-1-azure-eastus.actions.githubusercontent.com.
[2026-10-04 05:30:11Z ERR  RunServer] Catch exception during request
[2026-10-04 05:30:11Z ERR  RunServer] GitHub.Services.Common.VssUnauthorizedException: You are not authorized to access https://run-actions-1-azure-eastus.actions.githubusercontent.com.
   at GitHub.Services.Common.RawHttpMessageHandler.SendAsync(HttpRequestMessage request, CancellationToken cancellationToken)
   at GitHub.Services.Common.VssHttpRetryMessageHandler.SendAsync(HttpRequestMessage request, CancellationToken cancellationToken)
   at System.Net.Http.HttpClient.<SendAsync>g__Core|83_0(HttpRequestMessage request, HttpCompletionOption completionOption, CancellationTokenSource cts, Boolean disposeCts, CancellationTokenSource pendingRequestsCts, CancellationToken originalCancellationToken)
   at Sdk.WebApi.WebApi.RawHttpClientBase.SendAsync(HttpRequestMessage message, HttpCompletionOption completionOption, Object userState, CancellationToken cancellationToken)
   at Sdk.WebApi.WebApi.RawHttpClientBase.SendAsync[T](HttpRequestMessage message, Boolean readErrorBody, Object userState, CancellationToken cancellationToken)
   at Sdk.WebApi.WebApi.RawHttpClientBase.SendAsync[T](HttpMethod method, IEnumerable`1 additionalHeaders, Uri requestUri, HttpContent content, IEnumerable`1 queryParameters, Boolean readErrorBody, Object userState, CancellationToken cancellationToken)
   at GitHub.Actions.RunService.WebApi.RunServiceHttpClient.RenewJobAsync(Uri requestUri, Guid planId, Guid jobId, CancellationToken cancellationToken)
   at GitHub.Runner.Common.RunServer.<>c__DisplayClass8_0.<<RenewJobAsync>b__0>d.MoveNext()
--- End of stack trace from previous location ---
   at GitHub.Runner.Common.RunnerService.RetryRequest[T](Func`1 func, CancellationToken cancellationToken, Int32 maxAttempts, Func`2 shouldRetry)
[2026-10-04 05:30:11Z WARN RunServer] Back off 10.156 seconds before next retry. 4 attempt left.
[2026-10-04 05:30:21Z ERR  GitHubActionsService] POST request to https://run-actions-1-azure-eastus.actions.githubusercontent.com/97/renewjob is not authorized. Details: You are not authorized to access https://run-actions-1-azure-eastus.actions.githubusercontent.com.
[2026-10-04 05:30:21Z ERR  RunServer] Catch exception during request
[2026-10-04 05:30:21Z ERR  RunServer] GitHub.Services.Common.VssUnauthorizedException: You are not authorized to access https://run-actions-1-azure-eastus.actions.githubusercontent.com.
   at GitHub.Services.Common.RawHttpMessageHandler.SendAsync(HttpRequestMessage request, CancellationToken cancellationToken)
   at GitHub.Services.Common.VssHttpRetryMessageHandler.SendAsync(HttpRequestMessage request, CancellationToken cancellationToken)
   at System.Net.Http.HttpClient.<SendAsync>g__Core|83_0(HttpRequestMessage request, HttpCompletionOption completionOption, CancellationTokenSource cts, Boolean disposeCts, CancellationTokenSource pendingRequestsCts, CancellationToken originalCancellationToken)
   at Sdk.WebApi.WebApi.RawHttpClientBase.SendAsync(HttpRequestMessage message, HttpCompletionOption completionOption, Object userState, CancellationToken cancellationToken)
   at Sdk.WebApi.WebApi.RawHttpClientBase.SendAsync[T](HttpRequestMessage message, Boolean readErrorBody, Object userState, CancellationToken cancellationToken)
   at Sdk.WebApi.WebApi.RawHttpClientBase.SendAsync[T](HttpMethod method, IEnumerable`1 additionalHeaders, Uri requestUri, HttpContent content, IEnumerable`1 queryParameters, Boolean readErrorBody, Object userState, CancellationToken cancellationToken)
   at GitHub.Actions.RunService.WebApi.RunServiceHttpClient.RenewJobAsync(Uri requestUri, Guid planId, Guid jobId, CancellationToken cancellationToken)
   at GitHub.Runner.Common.RunServer.<>c__DisplayClass8_0.<<RenewJobAsync>b__0>d.MoveNext()
--- End of stack trace from previous location ---
   at GitHub.Runner.Common.RunnerService.RetryRequest[T](Func`1 func, CancellationToken cancellationToken, Int32 maxAttempts, Func`2 shouldRetry)
[2026-10-04 05:30:21Z WARN RunServer] Back off 5.298 seconds before next retry. 3 attempt left.
[2026-10-04 05:30:27Z ERR  GitHubActionsService] POST request to https://run-actions-1-azure-eastus.actions.githubusercontent.com/97/renewjob is not authorized. Details: You are not authorized to access https://run-actions-1-azure-eastus.actions.githubusercontent.com.
[2026-10-04 05:30:27Z ERR  RunServer] Catch exception during request
[2026-10-04 05:30:27Z ERR  RunServer] GitHub.Services.Common.VssUnauthorizedException: You are not authorized to access https://run-actions-1-azure-eastus.actions.githubusercontent.com.
   at GitHub.Services.Common.RawHttpMessageHandler.SendAsync(HttpRequestMessage request, CancellationToken cancellationToken)
   at GitHub.Services.Common.VssHttpRetryMessageHandler.SendAsync(HttpRequestMessage request, CancellationToken cancellationToken)
   at System.Net.Http.HttpClient.<SendAsync>g__Core|83_0(HttpRequestMessage request, HttpCompletionOption completionOption, CancellationTokenSource cts, Boolean disposeCts, CancellationTokenSource pendingRequestsCts, CancellationToken originalCancellationToken)
   at Sdk.WebApi.WebApi.RawHttpClientBase.SendAsync(HttpRequestMessage message, HttpCompletionOption completionOption, Object userState, CancellationToken cancellationToken)
   at Sdk.WebApi.WebApi.RawHttpClientBase.SendAsync[T](HttpRequestMessage message, Boolean readErrorBody, Object userState, CancellationToken cancellationToken)
   at Sdk.WebApi.WebApi.RawHttpClientBase.SendAsync[T](HttpMethod method, IEnumerable`1 additionalHeaders, Uri requestUri, HttpContent content, IEnumerable`1 queryParameters, Boolean readErrorBody, Object userState, CancellationToken cancellationToken)
   at GitHub.Actions.RunService.WebApi.RunServiceHttpClient.RenewJobAsync(Uri requestUri, Guid planId, Guid jobId, CancellationToken cancellationToken)
   at GitHub.Runner.Common.RunServer.<>c__DisplayClass8_0.<<RenewJobAsync>b__0>d.MoveNext()
--- End of stack trace from previous location ---
   at GitHub.Runner.Common.RunnerService.RetryRequest[T](Func`1 func, CancellationToken cancellationToken, Int32 maxAttempts, Func`2 shouldRetry)
[2026-10-04 05:30:27Z WARN RunServer] Back off 10.902 seconds before next retry. 2 attempt left.
[2026-10-04 05:30:38Z ERR  GitHubActionsService] POST request to https://run-actions-1-azure-eastus.actions.githubusercontent.com/97/renewjob is not authorized. Details: You are not authorized to access https://run-actions-1-azure-eastus.actions.githubusercontent.com.
[2026-10-04 05:30:38Z ERR  RunServer] Catch exception during request
[2026-10-04 05:30:38Z ERR  RunServer] GitHub.Services.Common.VssUnauthorizedException: You are not authorized to access https://run-actions-1-azure-eastus.actions.githubusercontent.com.
   at GitHub.Services.Common.RawHttpMessageHandler.SendAsync(HttpRequestMessage request, CancellationToken cancellationToken)
   at GitHub.Services.Common.VssHttpRetryMessageHandler.SendAsync(HttpRequestMessage request, CancellationToken cancellationToken)
   at System.Net.Http.HttpClient.<SendAsync>g__Core|83_0(HttpRequestMessage request, HttpCompletionOption completionOption, CancellationTokenSource cts, Boolean disposeCts, CancellationTokenSource pendingRequestsCts, CancellationToken originalCancellationToken)
   at Sdk.WebApi.WebApi.RawHttpClientBase.SendAsync(HttpRequestMessage message, HttpCompletionOption completionOption, Object userState, CancellationToken cancellationToken)
   at Sdk.WebApi.WebApi.RawHttpClientBase.SendAsync[T](HttpRequestMessage message, Boolean readErrorBody, Object userState, CancellationToken cancellationToken)
   at Sdk.WebApi.WebApi.RawHttpClientBase.SendAsync[T](HttpMethod method, IEnumerable`1 additionalHeaders, Uri requestUri, HttpContent content, IEnumerable`1 queryParameters, Boolean readErrorBody, Object userState, CancellationToken cancellationToken)
   at GitHub.Actions.RunService.WebApi.RunServiceHttpClient.RenewJobAsync(Uri requestUri, Guid planId, Guid jobId, CancellationToken cancellationToken)
   at GitHub.Runner.Common.RunServer.<>c__DisplayClass8_0.<<RenewJobAsync>b__0>d.MoveNext()
--- End of stack trace from previous location ---
   at GitHub.Runner.Common.RunnerService.RetryRequest[T](Func`1 func, CancellationToken cancellationToken, Int32 maxAttempts, Func`2 shouldRetry)
[2026-10-04 05:30:38Z WARN RunServer] Back off 5.264 seconds before next retry. 1 attempt left.
[2026-10-04 05:30:44Z ERR  GitHubActionsService] POST request to https://run-actions-1-azure-eastus.actions.githubusercontent.com/97/renewjob is not authorized. Details: You are not authorized to access https://run-actions-1-azure-eastus.actions.githubusercontent.com.
[2026-10-04 05:30:44Z ERR  JobDispatcher] Catch exception during renew runner job 438c410b-f71d-5928-9471-125bdbe8af9f.
[2026-10-04 05:30:44Z ERR  JobDispatcher] GitHub.Services.Common.VssUnauthorizedException: You are not authorized to access https://run-actions-1-azure-eastus.actions.githubusercontent.com.
   at GitHub.Services.Common.RawHttpMessageHandler.SendAsync(HttpRequestMessage request, CancellationToken cancellationToken)
   at GitHub.Services.Common.VssHttpRetryMessageHandler.SendAsync(HttpRequestMessage request, CancellationToken cancellationToken)
   at System.Net.Http.HttpClient.<SendAsync>g__Core|83_0(HttpRequestMessage request, HttpCompletionOption completionOption, CancellationTokenSource cts, Boolean disposeCts, CancellationTokenSource pendingRequestsCts, CancellationToken originalCancellationToken)
   at Sdk.WebApi.WebApi.RawHttpClientBase.SendAsync(HttpRequestMessage message, HttpCompletionOption completionOption, Object userState, CancellationToken cancellationToken)
   at Sdk.WebApi.WebApi.RawHttpClientBase.SendAsync[T](HttpRequestMessage message, Boolean readErrorBody, Object userState, CancellationToken cancellationToken)
   at Sdk.WebApi.WebApi.RawHttpClientBase.SendAsync[T](HttpMethod method, IEnumerable`1 additionalHeaders, Uri requestUri, HttpContent content, IEnumerable`1 queryParameters, Boolean readErrorBody, Object userState, CancellationToken cancellationToken)
   at GitHub.Actions.RunService.WebApi.RunServiceHttpClient.RenewJobAsync(Uri requestUri, Guid planId, Guid jobId, CancellationToken cancellationToken)
   at GitHub.Runner.Common.RunServer.<>c__DisplayClass8_0.<<RenewJobAsync>b__0>d.MoveNext()
--- End of stack trace from previous location ---
   at GitHub.Runner.Common.RunnerService.RetryRequest[T](Func`1 func, CancellationToken cancellationToken, Int32 maxAttempts, Func`2 shouldRetry)
   at GitHub.Runner.Listener.JobDispatcher.RenewJobRequestAsync(IRunServer runServer, Guid planId, Guid jobId, TaskCompletionSource`1 firstJobRequestRenewed, CancellationToken token)
[2026-10-04 05:33:30Z INFO JobDispatcher] Job cancellation request 438c410b-f71d-5928-9471-125bdbe8af9f received, cancellation timeout 5 minutes.
[2026-10-04 05:33:31Z INFO JobDispatcher] Job cancellation request afb5b349-3f0c-59cd-83fd-6ca58177b7b6 received, cancellation timeout 5 minutes.
[2026-10-04 05:33:31Z INFO JobDispatcher] Job cancellation request afb5b349-3f0c-59cd-83fd-6ca58177b7b6 received, cancellation timeout 5 minutes.
[2026-10-04 05:33:31Z INFO JobDispatcher] Job cancellation request afb5b349-3f0c-59cd-83fd-6ca58177b7b6 received, cancellation timeout 5 minutes.
[2026-10-04 05:38:31Z INFO BrokerMessageListener] Acknowledging runner request 'c5280a6c-57ae-5bea-bf89-9c6f063d4a0e'.
[2026-10-04 05:38:31Z INFO ConfigurationStore] HasCredentials()
[2026-10-04 05:38:31Z INFO ConfigurationStore] stored True
[2026-10-04 05:38:31Z INFO CredentialManager] GetCredentialProvider
[2026-10-04 05:38:31Z INFO CredentialManager] Creating type OAuth
[2026-10-04 05:38:31Z INFO CredentialManager] Creating credential type: OAuth
[2026-10-04 05:38:31Z INFO RSAEncryptedFileKeyManager] Loading RSA key parameters from file C:\Users\chella\Desktop\devopsassignment\devops-assignment\actions-runner\.credentials_rsaparams
[2026-10-04 05:38:31Z INFO RSAEncryptedFileKeyManager] Loading RSA key parameters from file C:\Users\chella\Desktop\devopsassignment\devops-assignment\actions-runner\.credentials_rsaparams
[2026-10-04 05:38:31Z INFO RSAEncryptedFileKeyManager] Loading RSA key parameters from file C:\Users\chella\Desktop\devopsassignment\devops-assignment\actions-runner\.credentials_rsaparams
[2026-10-04 05:38:32Z INFO GitHubActionsService] AAD Correlation ID for this token request: Unknown
[2026-10-04 05:38:33Z INFO JobDispatcher] Job request 0 for plan 2681efc9-844e-8f4a-8691-88040a31c342 job c5280a6c-57ae-5bea-bf89-9c6f063d4a0e received.
[2026-10-04 05:38:33Z INFO JobDispatcher] Pull OrchestrationId 2681efc9-844e-8f4a-8691-88040a31c342.trigger-jenkins.__default from JWT claims
[2026-10-04 05:38:33Z INFO BrokerMessageListener] Received job status event. JobState: Busy
[2026-10-04 05:38:33Z INFO BrokerMessageListener] _getMessagesTokenSource is already disposed.
[2026-10-04 05:38:33Z ERR  JobDispatcher] Worker Dispatch failed with an exception for job request 438c410b-f71d-5928-9471-125bdbe8af9f.
[2026-10-04 05:38:33Z ERR  JobDispatcher] System.IO.IOException: Pipe is broken.
   at System.IO.Pipes.PipeStream.WriteCore(ReadOnlySpan`1 buffer)
   at System.IO.Pipes.PipeStream.<>c.<AsyncOverSyncWrite>b__78_0(ValueTuple`2 s)
   at System.Threading.AsyncOverSyncWithIoCancellation.InvokeAsync[TState](Action`1 action, TState state, CancellationToken cancellationToken)
   at System.Runtime.CompilerServices.PoolingAsyncValueTaskMethodBuilder`1.StateMachineBox`1.System.Threading.Tasks.Sources.IValueTaskSource.GetResult(Int16 token)
   at System.Threading.Tasks.ValueTask.ValueTaskSourceAsTask.<>c.<.cctor>b__4_0(Object state)
--- End of stack trace from previous location ---
   at GitHub.Runner.Common.Extensions.WithCancellation(Task task, CancellationToken cancellationToken)
   at GitHub.Runner.Common.StreamString.WriteInt32Async(Int32 value, CancellationToken cancellationToken)
   at GitHub.Runner.Common.ProcessChannel.SendAsync(MessageType messageType, String body, CancellationToken cancellationToken)
   at GitHub.Runner.Listener.JobDispatcher.RunAsync(AgentJobRequestMessage message, String orchestrationId, WorkerDispatcher previousJobDispatch, CancellationToken jobRequestCancellationToken, CancellationToken workerCancelTimeoutKillToken)
   at GitHub.Runner.Listener.JobDispatcher.EnsureDispatchFinished(WorkerDispatcher jobDispatch, Boolean cancelRunningJob)
[2026-10-04 05:38:33Z INFO Terminal] WRITE LINE: 2026-10-04 05:38:33Z: Running job: trigger-jenkins
[2026-10-04 05:38:33Z INFO JobDispatcher] Start renew job request 0 for job c5280a6c-57ae-5bea-bf89-9c6f063d4a0e.
[2026-10-04 05:38:34Z INFO JobDispatcher] Successfully renew job c5280a6c-57ae-5bea-bf89-9c6f063d4a0e, job is valid till 04-10-2026 05:48:34
[2026-10-04 05:38:34Z INFO HostContext] Well known directory 'Bin': 'C:\Users\chella\Desktop\devopsassignment\devops-assignment\actions-runner\bin'
[2026-10-04 05:38:34Z INFO ProcessInvokerWrapper] Starting process:
[2026-10-04 05:38:34Z INFO ProcessInvokerWrapper]   File name: 'C:\Users\chella\Desktop\devopsassignment\devops-assignment\actions-runner\bin\Runner.Worker.exe'
[2026-10-04 05:38:34Z INFO ProcessInvokerWrapper]   Arguments: 'spawnclient 1488 1544'
[2026-10-04 05:38:34Z INFO ProcessInvokerWrapper]   Working directory: 'C:\Users\chella\Desktop\devopsassignment\devops-assignment\actions-runner\bin'
[2026-10-04 05:38:34Z INFO ProcessInvokerWrapper]   Require exit code zero: 'False'
[2026-10-04 05:38:34Z INFO ProcessInvokerWrapper]   Encoding web name:  ; code page: ''
[2026-10-04 05:38:34Z INFO ProcessInvokerWrapper]   Force kill process on cancellation: 'True'
[2026-10-04 05:38:34Z INFO ProcessInvokerWrapper]   Redirected STDIN: 'False'
[2026-10-04 05:38:34Z INFO ProcessInvokerWrapper]   Persist current code page: 'False'
[2026-10-04 05:38:34Z INFO ProcessInvokerWrapper]   Keep redirected STDIN open: 'False'
[2026-10-04 05:38:34Z INFO ProcessInvokerWrapper]   High priority process: 'True'
[2026-10-04 05:38:34Z INFO JobDispatcher] Send job request message to worker for job c5280a6c-57ae-5bea-bf89-9c6f063d4a0e.
[2026-10-04 05:38:34Z INFO ProcessChannel] Sending message of length 24372, with hash 'f6f55fb7d63cb7c7cf0603c895b8bf496d64ac2b36eadd9801ae946c9f0612f9'
[2026-10-04 05:38:34Z INFO BrokerMessageListener] Received job status event. JobState: Online
[2026-10-04 05:38:34Z WARN GitHubActionsService] GET request to https://broker.actions.githubusercontent.com/message?sessionId=4a9b488e-9881-4021-9735-99c27f0d22de&status=Busy&runnerVersion=2.337.0&os=Windows&architecture=X64&disableUpdate=false has been cancelled.
[2026-10-04 05:38:34Z ERR  BrokerServer] Catch exception during request
[2026-10-04 05:38:34Z ERR  BrokerServer] System.Threading.Tasks.TaskCanceledException: The operation was canceled.
 ---> System.Threading.Tasks.TaskCanceledException: The operation was canceled.
 ---> System.IO.IOException: Unable to read data from the transport connection: The I/O operation has been aborted because of either a thread exit or an application request..
 ---> System.Net.Sockets.SocketException (995): The I/O operation has been aborted because of either a thread exit or an application request.
   --- End of inner exception stack trace ---
   at System.Net.Sockets.Socket.AwaitableSocketAsyncEventArgs.System.Threading.Tasks.Sources.IValueTaskSource<System.Int32>.GetResult(Int16 token)
   at System.Net.Security.SslStream.EnsureFullTlsFrameAsync[TIOAdapter](CancellationToken cancellationToken, Int32 estimatedSize)
   at System.Runtime.CompilerServices.PoolingAsyncValueTaskMethodBuilder`1.StateMachineBox`1.System.Threading.Tasks.Sources.IValueTaskSource<TResult>.GetResult(Int16 token)
   at System.Net.Security.SslStream.ReadAsyncInternal[TIOAdapter](Memory`1 buffer, CancellationToken cancellationToken)
   at System.Runtime.CompilerServices.PoolingAsyncValueTaskMethodBuilder`1.StateMachineBox`1.System.Threading.Tasks.Sources.IValueTaskSource<TResult>.GetResult(Int16 token)
   at System.Net.Http.HttpConnection.SendAsync(HttpRequestMessage request, Boolean async, CancellationToken cancellationToken)
   --- End of inner exception stack trace ---
   at System.Net.Http.HttpConnection.SendAsync(HttpRequestMessage request, Boolean async, CancellationToken cancellationToken)
   at System.Net.Http.AuthenticationHelper.SendWithNtAuthAsync(HttpRequestMessage request, Uri authUri, Boolean async, ICredentials credentials, Boolean isProxyAuth, HttpConnection connection, HttpConnectionPool connectionPool, CancellationToken cancellationToken)
   at System.Net.Http.HttpConnectionPool.SendWithVersionDetectionAndRetryAsync(HttpRequestMessage request, Boolean async, Boolean doRequestAuth, CancellationToken cancellationToken)
   at System.Net.Http.AuthenticationHelper.SendWithAuthAsync(HttpRequestMessage request, Uri authUri, Boolean async, ICredentials credentials, Boolean preAuthenticate, Boolean isProxyAuth, Boolean doRequestAuth, HttpConnectionPool pool, CancellationToken cancellationToken)
   at System.Net.Http.RedirectHandler.SendAsync(HttpRequestMessage request, Boolean async, CancellationToken cancellationToken)
   at GitHub.Services.Common.RawHttpMessageHandler.SendAsync(HttpRequestMessage request, CancellationToken cancellationToken)
   at GitHub.Services.Common.VssHttpRetryMessageHandler.SendAsync(HttpRequestMessage request, CancellationToken cancellationToken)
   at System.Net.Http.HttpClient.<SendAsync>g__Core|83_0(HttpRequestMessage request, HttpCompletionOption completionOption, CancellationTokenSource cts, Boolean disposeCts, CancellationTokenSource pendingRequestsCts, CancellationToken originalCancellationToken)
   --- End of inner exception stack trace ---
   at System.Net.Http.HttpClient.HandleFailure(Exception e, Boolean telemetryStarted, HttpResponseMessage response, CancellationTokenSource cts, CancellationToken cancellationToken, CancellationTokenSource pendingRequestsCts)
   at System.Net.Http.HttpClient.<SendAsync>g__Core|83_0(HttpRequestMessage request, HttpCompletionOption completionOption, CancellationTokenSource cts, Boolean disposeCts, CancellationTokenSource pendingRequestsCts, CancellationToken originalCancellationToken)
   at Sdk.WebApi.WebApi.RawHttpClientBase.SendAsync(HttpRequestMessage message, HttpCompletionOption completionOption, Object userState, CancellationToken cancellationToken)
   at Sdk.WebApi.WebApi.RawHttpClientBase.SendAsync[T](HttpRequestMessage message, Boolean readErrorBody, Object userState, CancellationToken cancellationToken)
   at Sdk.WebApi.WebApi.RawHttpClientBase.SendAsync[T](HttpMethod method, IEnumerable`1 additionalHeaders, Uri requestUri, HttpContent content, IEnumerable`1 queryParameters, Boolean readErrorBody, Object userState, CancellationToken cancellationToken)
   at GitHub.Actions.RunService.WebApi.BrokerHttpClient.GetRunnerMessageAsync(Nullable`1 sessionId, String runnerVersion, Nullable`1 status, String os, String architecture, Nullable`1 disableUpdate, CancellationToken cancellationToken)
   at GitHub.Runner.Common.BrokerServer.<>c__DisplayClass7_0.<<GetRunnerMessageAsync>b__0>d.MoveNext()
--- End of stack trace from previous location ---
   at GitHub.Runner.Common.RunnerService.RetryRequest[T](Func`1 func, CancellationToken cancellationToken, Int32 maxAttempts, Func`2 shouldRetry)
[2026-10-04 05:38:34Z ERR  BrokerServer] #####################################################
[2026-10-04 05:38:34Z ERR  BrokerServer] System.Threading.Tasks.TaskCanceledException: The operation was canceled.
 ---> System.IO.IOException: Unable to read data from the transport connection: The I/O operation has been aborted because of either a thread exit or an application request..
 ---> System.Net.Sockets.SocketException (995): The I/O operation has been aborted because of either a thread exit or an application request.
   --- End of inner exception stack trace ---
   at System.Net.Sockets.Socket.AwaitableSocketAsyncEventArgs.System.Threading.Tasks.Sources.IValueTaskSource<System.Int32>.GetResult(Int16 token)
   at System.Net.Security.SslStream.EnsureFullTlsFrameAsync[TIOAdapter](CancellationToken cancellationToken, Int32 estimatedSize)
   at System.Runtime.CompilerServices.PoolingAsyncValueTaskMethodBuilder`1.StateMachineBox`1.System.Threading.Tasks.Sources.IValueTaskSource<TResult>.GetResult(Int16 token)
   at System.Net.Security.SslStream.ReadAsyncInternal[TIOAdapter](Memory`1 buffer, CancellationToken cancellationToken)
   at System.Runtime.CompilerServices.PoolingAsyncValueTaskMethodBuilder`1.StateMachineBox`1.System.Threading.Tasks.Sources.IValueTaskSource<TResult>.GetResult(Int16 token)
   at System.Net.Http.HttpConnection.SendAsync(HttpRequestMessage request, Boolean async, CancellationToken cancellationToken)
   --- End of inner exception stack trace ---
   at System.Net.Http.HttpConnection.SendAsync(HttpRequestMessage request, Boolean async, CancellationToken cancellationToken)
   at System.Net.Http.AuthenticationHelper.SendWithNtAuthAsync(HttpRequestMessage request, Uri authUri, Boolean async, ICredentials credentials, Boolean isProxyAuth, HttpConnection connection, HttpConnectionPool connectionPool, CancellationToken cancellationToken)
   at System.Net.Http.HttpConnectionPool.SendWithVersionDetectionAndRetryAsync(HttpRequestMessage request, Boolean async, Boolean doRequestAuth, CancellationToken cancellationToken)
   at System.Net.Http.AuthenticationHelper.SendWithAuthAsync(HttpRequestMessage request, Uri authUri, Boolean async, ICredentials credentials, Boolean preAuthenticate, Boolean isProxyAuth, Boolean doRequestAuth, HttpConnectionPool pool, CancellationToken cancellationToken)
   at System.Net.Http.RedirectHandler.SendAsync(HttpRequestMessage request, Boolean async, CancellationToken cancellationToken)
   at GitHub.Services.Common.RawHttpMessageHandler.SendAsync(HttpRequestMessage request, CancellationToken cancellationToken)
   at GitHub.Services.Common.VssHttpRetryMessageHandler.SendAsync(HttpRequestMessage request, CancellationToken cancellationToken)
   at System.Net.Http.HttpClient.<SendAsync>g__Core|83_0(HttpRequestMessage request, HttpCompletionOption completionOption, CancellationTokenSource cts, Boolean disposeCts, CancellationTokenSource pendingRequestsCts, CancellationToken originalCancellationToken)
[2026-10-04 05:38:34Z ERR  BrokerServer] #####################################################
[2026-10-04 05:38:34Z ERR  BrokerServer] System.IO.IOException: Unable to read data from the transport connection: The I/O operation has been aborted because of either a thread exit or an application request..
 ---> System.Net.Sockets.SocketException (995): The I/O operation has been aborted because of either a thread exit or an application request.
   --- End of inner exception stack trace ---
   at System.Net.Sockets.Socket.AwaitableSocketAsyncEventArgs.System.Threading.Tasks.Sources.IValueTaskSource<System.Int32>.GetResult(Int16 token)
   at System.Net.Security.SslStream.EnsureFullTlsFrameAsync[TIOAdapter](CancellationToken cancellationToken, Int32 estimatedSize)
   at System.Runtime.CompilerServices.PoolingAsyncValueTaskMethodBuilder`1.StateMachineBox`1.System.Threading.Tasks.Sources.IValueTaskSource<TResult>.GetResult(Int16 token)
   at System.Net.Security.SslStream.ReadAsyncInternal[TIOAdapter](Memory`1 buffer, CancellationToken cancellationToken)
   at System.Runtime.CompilerServices.PoolingAsyncValueTaskMethodBuilder`1.StateMachineBox`1.System.Threading.Tasks.Sources.IValueTaskSource<TResult>.GetResult(Int16 token)
   at System.Net.Http.HttpConnection.SendAsync(HttpRequestMessage request, Boolean async, CancellationToken cancellationToken)
[2026-10-04 05:38:34Z ERR  BrokerServer] #####################################################
[2026-10-04 05:38:34Z ERR  BrokerServer] System.Net.Sockets.SocketException (995): The I/O operation has been aborted because of either a thread exit or an application request.
[2026-10-04 05:38:34Z WARN BrokerServer] Back off 12.251 seconds before next retry. 4 attempt left.
[2026-10-04 05:38:34Z INFO BrokerMessageListener] Get messages has been cancelled using local token source. Continue to get messages with new status.
[2026-10-04 05:39:34Z INFO JobDispatcher] Successfully renew job c5280a6c-57ae-5bea-bf89-9c6f063d4a0e, job is valid till 04-10-2026 05:49:34
[2026-10-04 05:40:04Z INFO JobDispatcher] Job cancellation request c5280a6c-57ae-5bea-bf89-9c6f063d4a0e received, cancellation timeout 5 minutes.
[2026-10-04 05:40:04Z INFO JobDispatcher] Job cancellation request c5280a6c-57ae-5bea-bf89-9c6f063d4a0e received, cancellation timeout 5 minutes.
[2026-10-04 05:40:05Z INFO JobDispatcher] Job cancellation request c5280a6c-57ae-5bea-bf89-9c6f063d4a0e received, cancellation timeout 5 minutes.
[2026-10-04 05:40:05Z INFO JobDispatcher] Job cancellation request c5280a6c-57ae-5bea-bf89-9c6f063d4a0e received, cancellation timeout 5 minutes.
[2026-10-04 05:40:34Z INFO JobDispatcher] Successfully renew job c5280a6c-57ae-5bea-bf89-9c6f063d4a0e, job is valid till 04-10-2026 05:50:34
[2026-10-04 05:41:34Z INFO JobDispatcher] Successfully renew job c5280a6c-57ae-5bea-bf89-9c6f063d4a0e, job is valid till 04-10-2026 05:51:35
[2026-10-04 05:42:35Z INFO JobDispatcher] Successfully renew job c5280a6c-57ae-5bea-bf89-9c6f063d4a0e, job is valid till 04-10-2026 05:52:35
[2026-10-04 05:43:35Z INFO JobDispatcher] Successfully renew job c5280a6c-57ae-5bea-bf89-9c6f063d4a0e, job is valid till 04-10-2026 05:53:35
[2026-10-04 05:44:35Z INFO JobDispatcher] Successfully renew job c5280a6c-57ae-5bea-bf89-9c6f063d4a0e, job is valid till 04-10-2026 05:54:35
[2026-10-04 05:45:04Z INFO BrokerMessageListener] Acknowledging runner request '36de8901-7082-5e88-b0e5-0fb72bca7320'.
[2026-10-04 05:45:05Z INFO ConfigurationStore] HasCredentials()
[2026-10-04 05:45:05Z INFO ConfigurationStore] stored True
[2026-10-04 05:45:05Z INFO CredentialManager] GetCredentialProvider
[2026-10-04 05:45:05Z INFO CredentialManager] Creating type OAuth
[2026-10-04 05:45:05Z INFO CredentialManager] Creating credential type: OAuth
[2026-10-04 05:45:05Z INFO RSAEncryptedFileKeyManager] Loading RSA key parameters from file C:\Users\chella\Desktop\devopsassignment\devops-assignment\actions-runner\.credentials_rsaparams
[2026-10-04 05:45:05Z INFO RSAEncryptedFileKeyManager] Loading RSA key parameters from file C:\Users\chella\Desktop\devopsassignment\devops-assignment\actions-runner\.credentials_rsaparams
[2026-10-04 05:45:05Z INFO RSAEncryptedFileKeyManager] Loading RSA key parameters from file C:\Users\chella\Desktop\devopsassignment\devops-assignment\actions-runner\.credentials_rsaparams
[2026-10-04 05:45:06Z INFO GitHubActionsService] AAD Correlation ID for this token request: Unknown
[2026-10-04 05:45:07Z INFO JobDispatcher] Job request 0 for plan 4225bb3e-37bd-858b-bf3f-29c075625afd job 36de8901-7082-5e88-b0e5-0fb72bca7320 received.
[2026-10-04 05:45:07Z INFO JobDispatcher] Pull OrchestrationId 4225bb3e-37bd-858b-bf3f-29c075625afd.trigger-jenkins.__default from JWT claims
[2026-10-04 05:45:07Z INFO BrokerMessageListener] Received job status event. JobState: Busy
[2026-10-04 05:45:07Z INFO BrokerMessageListener] _getMessagesTokenSource is already disposed.
[2026-10-04 05:45:07Z ERR  JobDispatcher] Worker Dispatch failed with an exception for job request c5280a6c-57ae-5bea-bf89-9c6f063d4a0e.
[2026-10-04 05:45:07Z ERR  JobDispatcher] System.IO.IOException: Pipe is broken.
   at System.IO.Pipes.PipeStream.WriteCore(ReadOnlySpan`1 buffer)
   at System.IO.Pipes.PipeStream.<>c.<AsyncOverSyncWrite>b__78_0(ValueTuple`2 s)
   at System.Threading.AsyncOverSyncWithIoCancellation.InvokeAsync[TState](Action`1 action, TState state, CancellationToken cancellationToken)
   at System.Runtime.CompilerServices.PoolingAsyncValueTaskMethodBuilder`1.StateMachineBox`1.System.Threading.Tasks.Sources.IValueTaskSource.GetResult(Int16 token)
   at System.Threading.Tasks.ValueTask.ValueTaskSourceAsTask.<>c.<.cctor>b__4_0(Object state)
--- End of stack trace from previous location ---
   at GitHub.Runner.Common.Extensions.WithCancellation(Task task, CancellationToken cancellationToken)
   at GitHub.Runner.Common.StreamString.WriteInt32Async(Int32 value, CancellationToken cancellationToken)
   at GitHub.Runner.Common.ProcessChannel.SendAsync(MessageType messageType, String body, CancellationToken cancellationToken)
   at GitHub.Runner.Listener.JobDispatcher.RunAsync(AgentJobRequestMessage message, String orchestrationId, WorkerDispatcher previousJobDispatch, CancellationToken jobRequestCancellationToken, CancellationToken workerCancelTimeoutKillToken)
   at GitHub.Runner.Listener.JobDispatcher.EnsureDispatchFinished(WorkerDispatcher jobDispatch, Boolean cancelRunningJob)
[2026-10-04 05:45:07Z INFO Terminal] WRITE LINE: 2026-10-04 05:45:07Z: Running job: trigger-jenkins
[2026-10-04 05:45:07Z INFO JobDispatcher] Start renew job request 0 for job 36de8901-7082-5e88-b0e5-0fb72bca7320.
[2026-10-04 05:45:07Z INFO JobDispatcher] Successfully renew job 36de8901-7082-5e88-b0e5-0fb72bca7320, job is valid till 04-10-2026 05:55:08
[2026-10-04 05:45:07Z INFO HostContext] Well known directory 'Bin': 'C:\Users\chella\Desktop\devopsassignment\devops-assignment\actions-runner\bin'
[2026-10-04 05:45:07Z INFO ProcessInvokerWrapper] Starting process:
[2026-10-04 05:45:07Z INFO ProcessInvokerWrapper]   File name: 'C:\Users\chella\Desktop\devopsassignment\devops-assignment\actions-runner\bin\Runner.Worker.exe'
[2026-10-04 05:45:07Z INFO ProcessInvokerWrapper]   Arguments: 'spawnclient 2596 2600'
[2026-10-04 05:45:07Z INFO ProcessInvokerWrapper]   Working directory: 'C:\Users\chella\Desktop\devopsassignment\devops-assignment\actions-runner\bin'
[2026-10-04 05:45:07Z INFO ProcessInvokerWrapper]   Require exit code zero: 'False'
[2026-10-04 05:45:07Z INFO ProcessInvokerWrapper]   Encoding web name:  ; code page: ''
[2026-10-04 05:45:07Z INFO ProcessInvokerWrapper]   Force kill process on cancellation: 'True'
[2026-10-04 05:45:07Z INFO ProcessInvokerWrapper]   Redirected STDIN: 'False'
[2026-10-04 05:45:07Z INFO ProcessInvokerWrapper]   Persist current code page: 'False'
[2026-10-04 05:45:07Z INFO ProcessInvokerWrapper]   Keep redirected STDIN open: 'False'
[2026-10-04 05:45:07Z INFO ProcessInvokerWrapper]   High priority process: 'True'
[2026-10-04 05:45:07Z INFO JobDispatcher] Send job request message to worker for job 36de8901-7082-5e88-b0e5-0fb72bca7320.
[2026-10-04 05:45:07Z INFO ProcessChannel] Sending message of length 24363, with hash 'd6a56efa07a4dce6dcaf19afb2b8c798bea23535e9c38f5de3d36fd4cb58f65d'
[2026-10-04 05:45:07Z INFO BrokerMessageListener] Received job status event. JobState: Online
[2026-10-04 05:45:07Z WARN GitHubActionsService] GET request to https://broker.actions.githubusercontent.com/message?sessionId=4a9b488e-9881-4021-9735-99c27f0d22de&status=Busy&runnerVersion=2.337.0&os=Windows&architecture=X64&disableUpdate=false has been cancelled.
[2026-10-04 05:45:07Z ERR  BrokerServer] Catch exception during request
[2026-10-04 05:45:07Z ERR  BrokerServer] System.Threading.Tasks.TaskCanceledException: The operation was canceled.
 ---> System.Threading.Tasks.TaskCanceledException: The operation was canceled.
 ---> System.IO.IOException: Unable to read data from the transport connection: The I/O operation has been aborted because of either a thread exit or an application request..
 ---> System.Net.Sockets.SocketException (995): The I/O operation has been aborted because of either a thread exit or an application request.
   --- End of inner exception stack trace ---
   at System.Net.Sockets.Socket.AwaitableSocketAsyncEventArgs.System.Threading.Tasks.Sources.IValueTaskSource<System.Int32>.GetResult(Int16 token)
   at System.Net.Security.SslStream.EnsureFullTlsFrameAsync[TIOAdapter](CancellationToken cancellationToken, Int32 estimatedSize)
   at System.Runtime.CompilerServices.PoolingAsyncValueTaskMethodBuilder`1.StateMachineBox`1.System.Threading.Tasks.Sources.IValueTaskSource<TResult>.GetResult(Int16 token)
   at System.Net.Security.SslStream.ReadAsyncInternal[TIOAdapter](Memory`1 buffer, CancellationToken cancellationToken)
   at System.Runtime.CompilerServices.PoolingAsyncValueTaskMethodBuilder`1.StateMachineBox`1.System.Threading.Tasks.Sources.IValueTaskSource<TResult>.GetResult(Int16 token)
   at System.Net.Http.HttpConnection.SendAsync(HttpRequestMessage request, Boolean async, CancellationToken cancellationToken)
   --- End of inner exception stack trace ---
   at System.Net.Http.HttpConnection.SendAsync(HttpRequestMessage request, Boolean async, CancellationToken cancellationToken)
   at System.Net.Http.AuthenticationHelper.SendWithNtAuthAsync(HttpRequestMessage request, Uri authUri, Boolean async, ICredentials credentials, Boolean isProxyAuth, HttpConnection connection, HttpConnectionPool connectionPool, CancellationToken cancellationToken)
   at System.Net.Http.HttpConnectionPool.SendWithVersionDetectionAndRetryAsync(HttpRequestMessage request, Boolean async, Boolean doRequestAuth, CancellationToken cancellationToken)
   at System.Net.Http.AuthenticationHelper.SendWithAuthAsync(HttpRequestMessage request, Uri authUri, Boolean async, ICredentials credentials, Boolean preAuthenticate, Boolean isProxyAuth, Boolean doRequestAuth, HttpConnectionPool pool, CancellationToken cancellationToken)
   at System.Net.Http.RedirectHandler.SendAsync(HttpRequestMessage request, Boolean async, CancellationToken cancellationToken)
   at GitHub.Services.Common.RawHttpMessageHandler.SendAsync(HttpRequestMessage request, CancellationToken cancellationToken)
   at GitHub.Services.Common.VssHttpRetryMessageHandler.SendAsync(HttpRequestMessage request, CancellationToken cancellationToken)
   at System.Net.Http.HttpClient.<SendAsync>g__Core|83_0(HttpRequestMessage request, HttpCompletionOption completionOption, CancellationTokenSource cts, Boolean disposeCts, CancellationTokenSource pendingRequestsCts, CancellationToken originalCancellationToken)
   --- End of inner exception stack trace ---
   at System.Net.Http.HttpClient.HandleFailure(Exception e, Boolean telemetryStarted, HttpResponseMessage response, CancellationTokenSource cts, CancellationToken cancellationToken, CancellationTokenSource pendingRequestsCts)
   at System.Net.Http.HttpClient.<SendAsync>g__Core|83_0(HttpRequestMessage request, HttpCompletionOption completionOption, CancellationTokenSource cts, Boolean disposeCts, CancellationTokenSource pendingRequestsCts, CancellationToken originalCancellationToken)
   at Sdk.WebApi.WebApi.RawHttpClientBase.SendAsync(HttpRequestMessage message, HttpCompletionOption completionOption, Object userState, CancellationToken cancellationToken)
   at Sdk.WebApi.WebApi.RawHttpClientBase.SendAsync[T](HttpRequestMessage message, Boolean readErrorBody, Object userState, CancellationToken cancellationToken)
   at Sdk.WebApi.WebApi.RawHttpClientBase.SendAsync[T](HttpMethod method, IEnumerable`1 additionalHeaders, Uri requestUri, HttpContent content, IEnumerable`1 queryParameters, Boolean readErrorBody, Object userState, CancellationToken cancellationToken)
   at GitHub.Actions.RunService.WebApi.BrokerHttpClient.GetRunnerMessageAsync(Nullable`1 sessionId, String runnerVersion, Nullable`1 status, String os, String architecture, Nullable`1 disableUpdate, CancellationToken cancellationToken)
   at GitHub.Runner.Common.BrokerServer.<>c__DisplayClass7_0.<<GetRunnerMessageAsync>b__0>d.MoveNext()
--- End of stack trace from previous location ---
   at GitHub.Runner.Common.RunnerService.RetryRequest[T](Func`1 func, CancellationToken cancellationToken, Int32 maxAttempts, Func`2 shouldRetry)
[2026-10-04 05:45:07Z ERR  BrokerServer] #####################################################
[2026-10-04 05:45:07Z ERR  BrokerServer] System.Threading.Tasks.TaskCanceledException: The operation was canceled.
 ---> System.IO.IOException: Unable to read data from the transport connection: The I/O operation has been aborted because of either a thread exit or an application request..
 ---> System.Net.Sockets.SocketException (995): The I/O operation has been aborted because of either a thread exit or an application request.
   --- End of inner exception stack trace ---
   at System.Net.Sockets.Socket.AwaitableSocketAsyncEventArgs.System.Threading.Tasks.Sources.IValueTaskSource<System.Int32>.GetResult(Int16 token)
   at System.Net.Security.SslStream.EnsureFullTlsFrameAsync[TIOAdapter](CancellationToken cancellationToken, Int32 estimatedSize)
   at System.Runtime.CompilerServices.PoolingAsyncValueTaskMethodBuilder`1.StateMachineBox`1.System.Threading.Tasks.Sources.IValueTaskSource<TResult>.GetResult(Int16 token)
   at System.Net.Security.SslStream.ReadAsyncInternal[TIOAdapter](Memory`1 buffer, CancellationToken cancellationToken)
   at System.Runtime.CompilerServices.PoolingAsyncValueTaskMethodBuilder`1.StateMachineBox`1.System.Threading.Tasks.Sources.IValueTaskSource<TResult>.GetResult(Int16 token)
   at System.Net.Http.HttpConnection.SendAsync(HttpRequestMessage request, Boolean async, CancellationToken cancellationToken)
   --- End of inner exception stack trace ---
   at System.Net.Http.HttpConnection.SendAsync(HttpRequestMessage request, Boolean async, CancellationToken cancellationToken)
   at System.Net.Http.AuthenticationHelper.SendWithNtAuthAsync(HttpRequestMessage request, Uri authUri, Boolean async, ICredentials credentials, Boolean isProxyAuth, HttpConnection connection, HttpConnectionPool connectionPool, CancellationToken cancellationToken)
   at System.Net.Http.HttpConnectionPool.SendWithVersionDetectionAndRetryAsync(HttpRequestMessage request, Boolean async, Boolean doRequestAuth, CancellationToken cancellationToken)
   at System.Net.Http.AuthenticationHelper.SendWithAuthAsync(HttpRequestMessage request, Uri authUri, Boolean async, ICredentials credentials, Boolean preAuthenticate, Boolean isProxyAuth, Boolean doRequestAuth, HttpConnectionPool pool, CancellationToken cancellationToken)
   at System.Net.Http.RedirectHandler.SendAsync(HttpRequestMessage request, Boolean async, CancellationToken cancellationToken)
   at GitHub.Services.Common.RawHttpMessageHandler.SendAsync(HttpRequestMessage request, CancellationToken cancellationToken)
   at GitHub.Services.Common.VssHttpRetryMessageHandler.SendAsync(HttpRequestMessage request, CancellationToken cancellationToken)
   at System.Net.Http.HttpClient.<SendAsync>g__Core|83_0(HttpRequestMessage request, HttpCompletionOption completionOption, CancellationTokenSource cts, Boolean disposeCts, CancellationTokenSource pendingRequestsCts, CancellationToken originalCancellationToken)
[2026-10-04 05:45:07Z ERR  BrokerServer] #####################################################
[2026-10-04 05:45:07Z ERR  BrokerServer] System.IO.IOException: Unable to read data from the transport connection: The I/O operation has been aborted because of either a thread exit or an application request..
 ---> System.Net.Sockets.SocketException (995): The I/O operation has been aborted because of either a thread exit or an application request.
   --- End of inner exception stack trace ---
   at System.Net.Sockets.Socket.AwaitableSocketAsyncEventArgs.System.Threading.Tasks.Sources.IValueTaskSource<System.Int32>.GetResult(Int16 token)
   at System.Net.Security.SslStream.EnsureFullTlsFrameAsync[TIOAdapter](CancellationToken cancellationToken, Int32 estimatedSize)
   at System.Runtime.CompilerServices.PoolingAsyncValueTaskMethodBuilder`1.StateMachineBox`1.System.Threading.Tasks.Sources.IValueTaskSource<TResult>.GetResult(Int16 token)
   at System.Net.Security.SslStream.ReadAsyncInternal[TIOAdapter](Memory`1 buffer, CancellationToken cancellationToken)
   at System.Runtime.CompilerServices.PoolingAsyncValueTaskMethodBuilder`1.StateMachineBox`1.System.Threading.Tasks.Sources.IValueTaskSource<TResult>.GetResult(Int16 token)
   at System.Net.Http.HttpConnection.SendAsync(HttpRequestMessage request, Boolean async, CancellationToken cancellationToken)
[2026-10-04 05:45:07Z ERR  BrokerServer] #####################################################
[2026-10-04 05:45:07Z ERR  BrokerServer] System.Net.Sockets.SocketException (995): The I/O operation has been aborted because of either a thread exit or an application request.
[2026-10-04 05:45:07Z WARN BrokerServer] Back off 10.992 seconds before next retry. 4 attempt left.
[2026-10-04 05:45:07Z INFO BrokerMessageListener] Get messages has been cancelled using local token source. Continue to get messages with new status.
[2026-10-04 05:45:36Z ERR  GitHubActionsService] POST request to https://run-actions-2-azure-eastus.actions.githubusercontent.com/47/renewjob is not authorized. Details: You are not authorized to access https://run-actions-2-azure-eastus.actions.githubusercontent.com.
[2026-10-04 05:45:36Z ERR  RunServer] Catch exception during request
[2026-10-04 05:45:36Z ERR  RunServer] GitHub.Services.Common.VssUnauthorizedException: You are not authorized to access https://run-actions-2-azure-eastus.actions.githubusercontent.com.
   at GitHub.Services.Common.RawHttpMessageHandler.SendAsync(HttpRequestMessage request, CancellationToken cancellationToken)
   at GitHub.Services.Common.VssHttpRetryMessageHandler.SendAsync(HttpRequestMessage request, CancellationToken cancellationToken)
   at System.Net.Http.HttpClient.<SendAsync>g__Core|83_0(HttpRequestMessage request, HttpCompletionOption completionOption, CancellationTokenSource cts, Boolean disposeCts, CancellationTokenSource pendingRequestsCts, CancellationToken originalCancellationToken)
   at Sdk.WebApi.WebApi.RawHttpClientBase.SendAsync(HttpRequestMessage message, HttpCompletionOption completionOption, Object userState, CancellationToken cancellationToken)
   at Sdk.WebApi.WebApi.RawHttpClientBase.SendAsync[T](HttpRequestMessage message, Boolean readErrorBody, Object userState, CancellationToken cancellationToken)
   at Sdk.WebApi.WebApi.RawHttpClientBase.SendAsync[T](HttpMethod method, IEnumerable`1 additionalHeaders, Uri requestUri, HttpContent content, IEnumerable`1 queryParameters, Boolean readErrorBody, Object userState, CancellationToken cancellationToken)
   at GitHub.Actions.RunService.WebApi.RunServiceHttpClient.RenewJobAsync(Uri requestUri, Guid planId, Guid jobId, CancellationToken cancellationToken)
   at GitHub.Runner.Common.RunServer.<>c__DisplayClass8_0.<<RenewJobAsync>b__0>d.MoveNext()
--- End of stack trace from previous location ---
   at GitHub.Runner.Common.RunnerService.RetryRequest[T](Func`1 func, CancellationToken cancellationToken, Int32 maxAttempts, Func`2 shouldRetry)
[2026-10-04 05:45:36Z WARN RunServer] Back off 9.431 seconds before next retry. 4 attempt left.
[2026-10-04 05:45:45Z ERR  GitHubActionsService] POST request to https://run-actions-2-azure-eastus.actions.githubusercontent.com/47/renewjob is not authorized. Details: You are not authorized to access https://run-actions-2-azure-eastus.actions.githubusercontent.com.
[2026-10-04 05:45:45Z ERR  RunServer] Catch exception during request
[2026-10-04 05:45:45Z ERR  RunServer] GitHub.Services.Common.VssUnauthorizedException: You are not authorized to access https://run-actions-2-azure-eastus.actions.githubusercontent.com.
   at GitHub.Services.Common.RawHttpMessageHandler.SendAsync(HttpRequestMessage request, CancellationToken cancellationToken)
   at GitHub.Services.Common.VssHttpRetryMessageHandler.SendAsync(HttpRequestMessage request, CancellationToken cancellationToken)
   at System.Net.Http.HttpClient.<SendAsync>g__Core|83_0(HttpRequestMessage request, HttpCompletionOption completionOption, CancellationTokenSource cts, Boolean disposeCts, CancellationTokenSource pendingRequestsCts, CancellationToken originalCancellationToken)
   at Sdk.WebApi.WebApi.RawHttpClientBase.SendAsync(HttpRequestMessage message, HttpCompletionOption completionOption, Object userState, CancellationToken cancellationToken)
   at Sdk.WebApi.WebApi.RawHttpClientBase.SendAsync[T](HttpRequestMessage message, Boolean readErrorBody, Object userState, CancellationToken cancellationToken)
   at Sdk.WebApi.WebApi.RawHttpClientBase.SendAsync[T](HttpMethod method, IEnumerable`1 additionalHeaders, Uri requestUri, HttpContent content, IEnumerable`1 queryParameters, Boolean readErrorBody, Object userState, CancellationToken cancellationToken)
   at GitHub.Actions.RunService.WebApi.RunServiceHttpClient.RenewJobAsync(Uri requestUri, Guid planId, Guid jobId, CancellationToken cancellationToken)
   at GitHub.Runner.Common.RunServer.<>c__DisplayClass8_0.<<RenewJobAsync>b__0>d.MoveNext()
--- End of stack trace from previous location ---
   at GitHub.Runner.Common.RunnerService.RetryRequest[T](Func`1 func, CancellationToken cancellationToken, Int32 maxAttempts, Func`2 shouldRetry)
[2026-10-04 05:45:45Z WARN RunServer] Back off 13.171 seconds before next retry. 3 attempt left.
[2026-10-04 05:45:59Z ERR  GitHubActionsService] POST request to https://run-actions-2-azure-eastus.actions.githubusercontent.com/47/renewjob is not authorized. Details: You are not authorized to access https://run-actions-2-azure-eastus.actions.githubusercontent.com.
[2026-10-04 05:45:59Z ERR  RunServer] Catch exception during request
[2026-10-04 05:45:59Z ERR  RunServer] GitHub.Services.Common.VssUnauthorizedException: You are not authorized to access https://run-actions-2-azure-eastus.actions.githubusercontent.com.
   at GitHub.Services.Common.RawHttpMessageHandler.SendAsync(HttpRequestMessage request, CancellationToken cancellationToken)
   at GitHub.Services.Common.VssHttpRetryMessageHandler.SendAsync(HttpRequestMessage request, CancellationToken cancellationToken)
   at System.Net.Http.HttpClient.<SendAsync>g__Core|83_0(HttpRequestMessage request, HttpCompletionOption completionOption, CancellationTokenSource cts, Boolean disposeCts, CancellationTokenSource pendingRequestsCts, CancellationToken originalCancellationToken)
   at Sdk.WebApi.WebApi.RawHttpClientBase.SendAsync(HttpRequestMessage message, HttpCompletionOption completionOption, Object userState, CancellationToken cancellationToken)
   at Sdk.WebApi.WebApi.RawHttpClientBase.SendAsync[T](HttpRequestMessage message, Boolean readErrorBody, Object userState, CancellationToken cancellationToken)
   at Sdk.WebApi.WebApi.RawHttpClientBase.SendAsync[T](HttpMethod method, IEnumerable`1 additionalHeaders, Uri requestUri, HttpContent content, IEnumerable`1 queryParameters, Boolean readErrorBody, Object userState, CancellationToken cancellationToken)
   at GitHub.Actions.RunService.WebApi.RunServiceHttpClient.RenewJobAsync(Uri requestUri, Guid planId, Guid jobId, CancellationToken cancellationToken)
   at GitHub.Runner.Common.RunServer.<>c__DisplayClass8_0.<<RenewJobAsync>b__0>d.MoveNext()
--- End of stack trace from previous location ---
   at GitHub.Runner.Common.RunnerService.RetryRequest[T](Func`1 func, CancellationToken cancellationToken, Int32 maxAttempts, Func`2 shouldRetry)
[2026-10-04 05:45:59Z WARN RunServer] Back off 9.081 seconds before next retry. 2 attempt left.
[2026-10-04 05:46:08Z ERR  GitHubActionsService] POST request to https://run-actions-2-azure-eastus.actions.githubusercontent.com/47/renewjob is not authorized. Details: You are not authorized to access https://run-actions-2-azure-eastus.actions.githubusercontent.com.
[2026-10-04 05:46:08Z ERR  RunServer] Catch exception during request
[2026-10-04 05:46:08Z ERR  RunServer] GitHub.Services.Common.VssUnauthorizedException: You are not authorized to access https://run-actions-2-azure-eastus.actions.githubusercontent.com.
   at GitHub.Services.Common.RawHttpMessageHandler.SendAsync(HttpRequestMessage request, CancellationToken cancellationToken)
   at GitHub.Services.Common.VssHttpRetryMessageHandler.SendAsync(HttpRequestMessage request, CancellationToken cancellationToken)
   at System.Net.Http.HttpClient.<SendAsync>g__Core|83_0(HttpRequestMessage request, HttpCompletionOption completionOption, CancellationTokenSource cts, Boolean disposeCts, CancellationTokenSource pendingRequestsCts, CancellationToken originalCancellationToken)
   at Sdk.WebApi.WebApi.RawHttpClientBase.SendAsync(HttpRequestMessage message, HttpCompletionOption completionOption, Object userState, CancellationToken cancellationToken)
   at Sdk.WebApi.WebApi.RawHttpClientBase.SendAsync[T](HttpRequestMessage message, Boolean readErrorBody, Object userState, CancellationToken cancellationToken)
   at Sdk.WebApi.WebApi.RawHttpClientBase.SendAsync[T](HttpMethod method, IEnumerable`1 additionalHeaders, Uri requestUri, HttpContent content, IEnumerable`1 queryParameters, Boolean readErrorBody, Object userState, CancellationToken cancellationToken)
   at GitHub.Actions.RunService.WebApi.RunServiceHttpClient.RenewJobAsync(Uri requestUri, Guid planId, Guid jobId, CancellationToken cancellationToken)
   at GitHub.Runner.Common.RunServer.<>c__DisplayClass8_0.<<RenewJobAsync>b__0>d.MoveNext()
--- End of stack trace from previous location ---
   at GitHub.Runner.Common.RunnerService.RetryRequest[T](Func`1 func, CancellationToken cancellationToken, Int32 maxAttempts, Func`2 shouldRetry)
[2026-10-04 05:46:08Z WARN RunServer] Back off 10.356 seconds before next retry. 4 attempt left.
[2026-10-04 05:46:09Z ERR  GitHubActionsService] POST request to https://run-actions-2-azure-eastus.actions.githubusercontent.com/47/renewjob is not authorized. Details: You are not authorized to access https://run-actions-2-azure-eastus.actions.githubusercontent.com.
[2026-10-04 05:46:09Z ERR  RunServer] Catch exception during request
[2026-10-04 05:46:09Z ERR  RunServer] GitHub.Services.Common.VssUnauthorizedException: You are not authorized to access https://run-actions-2-azure-eastus.actions.githubusercontent.com.
   at GitHub.Services.Common.RawHttpMessageHandler.SendAsync(HttpRequestMessage request, CancellationToken cancellationToken)
   at GitHub.Services.Common.VssHttpRetryMessageHandler.SendAsync(HttpRequestMessage request, CancellationToken cancellationToken)
   at System.Net.Http.HttpClient.<SendAsync>g__Core|83_0(HttpRequestMessage request, HttpCompletionOption completionOption, CancellationTokenSource cts, Boolean disposeCts, CancellationTokenSource pendingRequestsCts, CancellationToken originalCancellationToken)
   at Sdk.WebApi.WebApi.RawHttpClientBase.SendAsync(HttpRequestMessage message, HttpCompletionOption completionOption, Object userState, CancellationToken cancellationToken)
   at Sdk.WebApi.WebApi.RawHttpClientBase.SendAsync[T](HttpRequestMessage message, Boolean readErrorBody, Object userState, CancellationToken cancellationToken)
   at Sdk.WebApi.WebApi.RawHttpClientBase.SendAsync[T](HttpMethod method, IEnumerable`1 additionalHeaders, Uri requestUri, HttpContent content, IEnumerable`1 queryParameters, Boolean readErrorBody, Object userState, CancellationToken cancellationToken)
   at GitHub.Actions.RunService.WebApi.RunServiceHttpClient.RenewJobAsync(Uri requestUri, Guid planId, Guid jobId, CancellationToken cancellationToken)
   at GitHub.Runner.Common.RunServer.<>c__DisplayClass8_0.<<RenewJobAsync>b__0>d.MoveNext()
--- End of stack trace from previous location ---
   at GitHub.Runner.Common.RunnerService.RetryRequest[T](Func`1 func, CancellationToken cancellationToken, Int32 maxAttempts, Func`2 shouldRetry)
[2026-10-04 05:46:09Z WARN RunServer] Back off 8.412 seconds before next retry. 1 attempt left.
[2026-10-04 05:46:17Z ERR  GitHubActionsService] POST request to https://run-actions-2-azure-eastus.actions.githubusercontent.com/47/renewjob is not authorized. Details: You are not authorized to access https://run-actions-2-azure-eastus.actions.githubusercontent.com.
[2026-10-04 05:46:17Z ERR  JobDispatcher] Catch exception during renew runner job c5280a6c-57ae-5bea-bf89-9c6f063d4a0e.
[2026-10-04 05:46:17Z ERR  JobDispatcher] GitHub.Services.Common.VssUnauthorizedException: You are not authorized to access https://run-actions-2-azure-eastus.actions.githubusercontent.com.
   at GitHub.Services.Common.RawHttpMessageHandler.SendAsync(HttpRequestMessage request, CancellationToken cancellationToken)
   at GitHub.Services.Common.VssHttpRetryMessageHandler.SendAsync(HttpRequestMessage request, CancellationToken cancellationToken)
   at System.Net.Http.HttpClient.<SendAsync>g__Core|83_0(HttpRequestMessage request, HttpCompletionOption completionOption, CancellationTokenSource cts, Boolean disposeCts, CancellationTokenSource pendingRequestsCts, CancellationToken originalCancellationToken)
   at Sdk.WebApi.WebApi.RawHttpClientBase.SendAsync(HttpRequestMessage message, HttpCompletionOption completionOption, Object userState, CancellationToken cancellationToken)
   at Sdk.WebApi.WebApi.RawHttpClientBase.SendAsync[T](HttpRequestMessage message, Boolean readErrorBody, Object userState, CancellationToken cancellationToken)
   at Sdk.WebApi.WebApi.RawHttpClientBase.SendAsync[T](HttpMethod method, IEnumerable`1 additionalHeaders, Uri requestUri, HttpContent content, IEnumerable`1 queryParameters, Boolean readErrorBody, Object userState, CancellationToken cancellationToken)
   at GitHub.Actions.RunService.WebApi.RunServiceHttpClient.RenewJobAsync(Uri requestUri, Guid planId, Guid jobId, CancellationToken cancellationToken)
   at GitHub.Runner.Common.RunServer.<>c__DisplayClass8_0.<<RenewJobAsync>b__0>d.MoveNext()
--- End of stack trace from previous location ---
   at GitHub.Runner.Common.RunnerService.RetryRequest[T](Func`1 func, CancellationToken cancellationToken, Int32 maxAttempts, Func`2 shouldRetry)
   at GitHub.Runner.Listener.JobDispatcher.RenewJobRequestAsync(IRunServer runServer, Guid planId, Guid jobId, TaskCompletionSource`1 firstJobRequestRenewed, CancellationToken token)
[2026-10-04 05:46:19Z ERR  GitHubActionsService] POST request to https://run-actions-2-azure-eastus.actions.githubusercontent.com/47/renewjob is not authorized. Details: You are not authorized to access https://run-actions-2-azure-eastus.actions.githubusercontent.com.
[2026-10-04 05:46:19Z ERR  RunServer] Catch exception during request
[2026-10-04 05:46:19Z ERR  RunServer] GitHub.Services.Common.VssUnauthorizedException: You are not authorized to access https://run-actions-2-azure-eastus.actions.githubusercontent.com.
   at GitHub.Services.Common.RawHttpMessageHandler.SendAsync(HttpRequestMessage request, CancellationToken cancellationToken)
   at GitHub.Services.Common.VssHttpRetryMessageHandler.SendAsync(HttpRequestMessage request, CancellationToken cancellationToken)
   at System.Net.Http.HttpClient.<SendAsync>g__Core|83_0(HttpRequestMessage request, HttpCompletionOption completionOption, CancellationTokenSource cts, Boolean disposeCts, CancellationTokenSource pendingRequestsCts, CancellationToken originalCancellationToken)
   at Sdk.WebApi.WebApi.RawHttpClientBase.SendAsync(HttpRequestMessage message, HttpCompletionOption completionOption, Object userState, CancellationToken cancellationToken)
   at Sdk.WebApi.WebApi.RawHttpClientBase.SendAsync[T](HttpRequestMessage message, Boolean readErrorBody, Object userState, CancellationToken cancellationToken)
   at Sdk.WebApi.WebApi.RawHttpClientBase.SendAsync[T](HttpMethod method, IEnumerable`1 additionalHeaders, Uri requestUri, HttpContent content, IEnumerable`1 queryParameters, Boolean readErrorBody, Object userState, CancellationToken cancellationToken)
   at GitHub.Actions.RunService.WebApi.RunServiceHttpClient.RenewJobAsync(Uri requestUri, Guid planId, Guid jobId, CancellationToken cancellationToken)
   at GitHub.Runner.Common.RunServer.<>c__DisplayClass8_0.<<RenewJobAsync>b__0>d.MoveNext()
--- End of stack trace from previous location ---
   at GitHub.Runner.Common.RunnerService.RetryRequest[T](Func`1 func, CancellationToken cancellationToken, Int32 maxAttempts, Func`2 shouldRetry)
[2026-10-04 05:46:19Z WARN RunServer] Back off 7.416 seconds before next retry. 3 attempt left.
[2026-10-04 05:46:27Z ERR  GitHubActionsService] POST request to https://run-actions-2-azure-eastus.actions.githubusercontent.com/47/renewjob is not authorized. Details: You are not authorized to access https://run-actions-2-azure-eastus.actions.githubusercontent.com.
[2026-10-04 05:46:27Z ERR  RunServer] Catch exception during request
[2026-10-04 05:46:27Z ERR  RunServer] GitHub.Services.Common.VssUnauthorizedException: You are not authorized to access https://run-actions-2-azure-eastus.actions.githubusercontent.com.
   at GitHub.Services.Common.RawHttpMessageHandler.SendAsync(HttpRequestMessage request, CancellationToken cancellationToken)
   at GitHub.Services.Common.VssHttpRetryMessageHandler.SendAsync(HttpRequestMessage request, CancellationToken cancellationToken)
   at System.Net.Http.HttpClient.<SendAsync>g__Core|83_0(HttpRequestMessage request, HttpCompletionOption completionOption, CancellationTokenSource cts, Boolean disposeCts, CancellationTokenSource pendingRequestsCts, CancellationToken originalCancellationToken)
   at Sdk.WebApi.WebApi.RawHttpClientBase.SendAsync(HttpRequestMessage message, HttpCompletionOption completionOption, Object userState, CancellationToken cancellationToken)
   at Sdk.WebApi.WebApi.RawHttpClientBase.SendAsync[T](HttpRequestMessage message, Boolean readErrorBody, Object userState, CancellationToken cancellationToken)
   at Sdk.WebApi.WebApi.RawHttpClientBase.SendAsync[T](HttpMethod method, IEnumerable`1 additionalHeaders, Uri requestUri, HttpContent content, IEnumerable`1 queryParameters, Boolean readErrorBody, Object userState, CancellationToken cancellationToken)
   at GitHub.Actions.RunService.WebApi.RunServiceHttpClient.RenewJobAsync(Uri requestUri, Guid planId, Guid jobId, CancellationToken cancellationToken)
   at GitHub.Runner.Common.RunServer.<>c__DisplayClass8_0.<<RenewJobAsync>b__0>d.MoveNext()
--- End of stack trace from previous location ---
   at GitHub.Runner.Common.RunnerService.RetryRequest[T](Func`1 func, CancellationToken cancellationToken, Int32 maxAttempts, Func`2 shouldRetry)
[2026-10-04 05:46:27Z WARN RunServer] Back off 7.046 seconds before next retry. 2 attempt left.
[2026-10-04 05:46:34Z ERR  GitHubActionsService] POST request to https://run-actions-2-azure-eastus.actions.githubusercontent.com/47/renewjob is not authorized. Details: You are not authorized to access https://run-actions-2-azure-eastus.actions.githubusercontent.com.
[2026-10-04 05:46:34Z ERR  RunServer] Catch exception during request
[2026-10-04 05:46:34Z ERR  RunServer] GitHub.Services.Common.VssUnauthorizedException: You are not authorized to access https://run-actions-2-azure-eastus.actions.githubusercontent.com.
   at GitHub.Services.Common.RawHttpMessageHandler.SendAsync(HttpRequestMessage request, CancellationToken cancellationToken)
   at GitHub.Services.Common.VssHttpRetryMessageHandler.SendAsync(HttpRequestMessage request, CancellationToken cancellationToken)
   at System.Net.Http.HttpClient.<SendAsync>g__Core|83_0(HttpRequestMessage request, HttpCompletionOption completionOption, CancellationTokenSource cts, Boolean disposeCts, CancellationTokenSource pendingRequestsCts, CancellationToken originalCancellationToken)
   at Sdk.WebApi.WebApi.RawHttpClientBase.SendAsync(HttpRequestMessage message, HttpCompletionOption completionOption, Object userState, CancellationToken cancellationToken)
   at Sdk.WebApi.WebApi.RawHttpClientBase.SendAsync[T](HttpRequestMessage message, Boolean readErrorBody, Object userState, CancellationToken cancellationToken)
   at Sdk.WebApi.WebApi.RawHttpClientBase.SendAsync[T](HttpMethod method, IEnumerable`1 additionalHeaders, Uri requestUri, HttpContent content, IEnumerable`1 queryParameters, Boolean readErrorBody, Object userState, CancellationToken cancellationToken)
   at GitHub.Actions.RunService.WebApi.RunServiceHttpClient.RenewJobAsync(Uri requestUri, Guid planId, Guid jobId, CancellationToken cancellationToken)
   at GitHub.Runner.Common.RunServer.<>c__DisplayClass8_0.<<RenewJobAsync>b__0>d.MoveNext()
--- End of stack trace from previous location ---
   at GitHub.Runner.Common.RunnerService.RetryRequest[T](Func`1 func, CancellationToken cancellationToken, Int32 maxAttempts, Func`2 shouldRetry)
[2026-10-04 05:46:34Z WARN RunServer] Back off 6.968 seconds before next retry. 1 attempt left.
[2026-10-04 05:46:41Z ERR  GitHubActionsService] POST request to https://run-actions-2-azure-eastus.actions.githubusercontent.com/47/renewjob is not authorized. Details: You are not authorized to access https://run-actions-2-azure-eastus.actions.githubusercontent.com.
[2026-10-04 05:46:41Z ERR  JobDispatcher] Catch exception during renew runner job 36de8901-7082-5e88-b0e5-0fb72bca7320.
[2026-10-04 05:46:41Z ERR  JobDispatcher] GitHub.Services.Common.VssUnauthorizedException: You are not authorized to access https://run-actions-2-azure-eastus.actions.githubusercontent.com.
   at GitHub.Services.Common.RawHttpMessageHandler.SendAsync(HttpRequestMessage request, CancellationToken cancellationToken)
   at GitHub.Services.Common.VssHttpRetryMessageHandler.SendAsync(HttpRequestMessage request, CancellationToken cancellationToken)
   at System.Net.Http.HttpClient.<SendAsync>g__Core|83_0(HttpRequestMessage request, HttpCompletionOption completionOption, CancellationTokenSource cts, Boolean disposeCts, CancellationTokenSource pendingRequestsCts, CancellationToken originalCancellationToken)
   at Sdk.WebApi.WebApi.RawHttpClientBase.SendAsync(HttpRequestMessage message, HttpCompletionOption completionOption, Object userState, CancellationToken cancellationToken)
   at Sdk.WebApi.WebApi.RawHttpClientBase.SendAsync[T](HttpRequestMessage message, Boolean readErrorBody, Object userState, CancellationToken cancellationToken)
   at Sdk.WebApi.WebApi.RawHttpClientBase.SendAsync[T](HttpMethod method, IEnumerable`1 additionalHeaders, Uri requestUri, HttpContent content, IEnumerable`1 queryParameters, Boolean readErrorBody, Object userState, CancellationToken cancellationToken)
   at GitHub.Actions.RunService.WebApi.RunServiceHttpClient.RenewJobAsync(Uri requestUri, Guid planId, Guid jobId, CancellationToken cancellationToken)
   at GitHub.Runner.Common.RunServer.<>c__DisplayClass8_0.<<RenewJobAsync>b__0>d.MoveNext()
--- End of stack trace from previous location ---
   at GitHub.Runner.Common.RunnerService.RetryRequest[T](Func`1 func, CancellationToken cancellationToken, Int32 maxAttempts, Func`2 shouldRetry)
   at GitHub.Runner.Listener.JobDispatcher.RenewJobRequestAsync(IRunServer runServer, Guid planId, Guid jobId, TaskCompletionSource`1 firstJobRequestRenewed, CancellationToken token)
[2026-10-04 05:51:19Z INFO JobDispatcher] Job cancellation request 36de8901-7082-5e88-b0e5-0fb72bca7320 received, cancellation timeout 5 minutes.
[2026-10-04 05:51:19Z INFO JobDispatcher] Job cancellation request 36de8901-7082-5e88-b0e5-0fb72bca7320 received, cancellation timeout 5 minutes.
[2026-10-04 05:51:19Z INFO JobDispatcher] Job cancellation request 36de8901-7082-5e88-b0e5-0fb72bca7320 received, cancellation timeout 5 minutes.
[2026-10-04 05:51:20Z INFO JobDispatcher] Job cancellation request 36de8901-7082-5e88-b0e5-0fb72bca7320 received, cancellation timeout 5 minutes.
